text_line,source_file_name,page_number,x_min,y_min,x_max,y_max,ocr_confidence
MINISTRY OF LOCAL GOVERNMENT AND RURAL DEVELOFMENT,2025-DUNDUMWEZI-APPROVED-AND-NOT-APPROVED-PROJECTS.pdf,1,1517.0,197.0,2498.0,233.0,0.55951
DUNDUMWEZI COMMUNITY PROJECT- 2025,2025-DUNDUMWEZI-APPROVED-AND-NOT-APPROVED-PROJECTS.pdf,1,1818.0,235.0,2477.0,271.0,0.90752
Reason,2025-DUNDUMWEZI-APPROVED-AND-NOT-APPROVED-PROJECTS.pdf,1,2909.0,276.0,3011.0,312.0,0.99993
Project Description,2025-DUNDUMWEZI-APPROVED-AND-NOT-APPROVED-PROJECTS.pdf,1,1390.0,278.0,1627.0,317.0,0.87476
Type of Project,2025-DUNDUMWEZI-APPROVED-AND-NOT-APPROVED-PROJECTS.pdf,1,2180.0,279.0,2372.0,315.0,0.7317
Comments,2025-DUNDUMWEZI-APPROVED-AND-NOT-APPROVED-PROJECTS.pdf,1,2636.0,280.0,2777.0,311.0,0.91362
Sector,2025-DUNDUMWEZI-APPROVED-AND-NOT-APPROVED-PROJECTS.pdf,1,1959.0,282.0,2043.0,311.0,0.99996
Ward,2025-DUNDUMWEZI-APPROVED-AND-NOT-APPROVED-PROJECTS.pdf,1,2461.0,282.0,2536.0,311.0,0.99999
Project Name,2025-DUNDUMWEZI-APPROVED-AND-NOT-APPROVED-PROJECTS.pdf,1,854.0,284.0,1027.0,320.0,0.75456
No_,2025-DUNDUMWEZI-APPROVED-AND-NOT-APPROVED-PROJECTS.pdf,1,428.0,288.0,470.0,319.0,0.97181
APPROVED,2025-DUNDUMWEZI-APPROVED-AND-NOT-APPROVED-PROJECTS.pdf,1,2634.0,316.0,2776.0,354.0,0.99658
TLB,2025-DUNDUMWEZI-APPROVED-AND-NOT-APPROVED-PROJECTS.pdf,1,2180.0,317.0,2238.0,353.0,0.99531
All Wards,2025-DUNDUMWEZI-APPROVED-AND-NOT-APPROVED-PROJECTS.pdf,1,2462.0,317.0,2597.0,353.0,0.88071
Procurement Of TZLB,2025-DUNDUMWEZI-APPROVED-AND-NOT-APPROVED-PROJECTS.pdf,1,1391.0,320.0,1668.0,356.0,0.66379
Transport,2025-DUNDUMWEZI-APPROVED-AND-NOT-APPROVED-PROJECTS.pdf,1,1961.0,320.0,2098.0,356.0,0.99961
NA,2025-DUNDUMWEZI-APPROVED-AND-NOT-APPROVED-PROJECTS.pdf,1,2913.0,321.0,2952.0,349.0,0.99997
TLB,2025-DUNDUMWEZI-APPROVED-AND-NOT-APPROVED-PROJECTS.pdf,1,499.0,329.0,555.0,360.0,0.99504
Education,2025-DUNDUMWEZI-APPROVED-AND-NOT-APPROVED-PROJECTS.pdf,1,1961.0,358.0,2098.0,394.0,0.99998
Desks,2025-DUNDUMWEZI-APPROVED-AND-NOT-APPROVED-PROJECTS.pdf,1,2183.0,358.0,2268.0,394.0,0.99991
AIl Wards,2025-DUNDUMWEZI-APPROVED-AND-NOT-APPROVED-PROJECTS.pdf,1,2462.0,358.0,2597.0,394.0,0.66019
APPROVED,2025-DUNDUMWEZI-APPROVED-AND-NOT-APPROVED-PROJECTS.pdf,1,2633.0,359.0,2774.0,391.0,0.99992
NA,2025-DUNDUMWEZI-APPROVED-AND-NOT-APPROVED-PROJECTS.pdf,1,2913.0,359.0,2952.0,391.0,0.99998
Procurement Of Desks,2025-DUNDUMWEZI-APPROVED-AND-NOT-APPROVED-PROJECTS.pdf,1,1391.0,361.0,1698.0,397.0,0.96276
DESKS,2025-DUNDUMWEZI-APPROVED-AND-NOT-APPROVED-PROJECTS.pdf,1,498.0,366.0,594.0,403.0,0.99996
Additional Funds For the procurement of,2025-DUNDUMWEZI-APPROVED-AND-NOT-APPROVED-PROJECTS.pdf,1,1391.0,399.0,1940.0,438.0,0.90928
Transport,2025-DUNDUMWEZI-APPROVED-AND-NOT-APPROVED-PROJECTS.pdf,1,1960.0,399.0,2099.0,440.0,0.99997
Grader,2025-DUNDUMWEZI-APPROVED-AND-NOT-APPROVED-PROJECTS.pdf,1,2180.0,399.0,2279.0,435.0,1.0
All Wards,2025-DUNDUMWEZI-APPROVED-AND-NOT-APPROVED-PROJECTS.pdf,1,2463.0,400.0,2596.0,432.0,0.36869
GRADER,2025-DUNDUMWEZI-APPROVED-AND-NOT-APPROVED-PROJECTS.pdf,1,499.0,408.0,618.0,440.0,0.99998
3,2025-DUNDUMWEZI-APPROVED-AND-NOT-APPROVED-PROJECTS.pdf,1,412.0,409.0,431.0,439.0,1.0
APPROVED,2025-DUNDUMWEZI-APPROVED-AND-NOT-APPROVED-PROJECTS.pdf,1,2636.0,436.0,2774.0,467.0,0.99977
NA,2025-DUNDUMWEZI-APPROVED-AND-NOT-APPROVED-PROJECTS.pdf,1,2913.0,436.0,2952.0,465.0,0.99996
a Motor Grader,2025-DUNDUMWEZI-APPROVED-AND-NOT-APPROVED-PROJECTS.pdf,1,1395.0,441.0,1602.0,473.0,0.97238
DRILLING AND INSTALLING OF A SOLAR,2025-DUNDUMWEZI-APPROVED-AND-NOT-APPROVED-PROJECTS.pdf,1,1392.0,471.0,1925.0,503.0,0.88288
NNSUFFICEENT FUNDS,2025-DUNDUMWEZI-APPROVED-AND-NOT-APPROVED-PROJECTS.pdf,1,2909.0,501.0,3222.0,537.0,0.82099
BOREHOLE,2025-DUNDUMWEZI-APPROVED-AND-NOT-APPROVED-PROJECTS.pdf,1,1392.0,504.0,1547.0,536.0,0.99994
DRILLING,2025-DUNDUMWEZI-APPROVED-AND-NOT-APPROVED-PROJECTS.pdf,1,2181.0,504.0,2314.0,536.0,0.99956
NOT APPROVED,2025-DUNDUMWEZI-APPROVED-AND-NOT-APPROVED-PROJECTS.pdf,1,2633.0,504.0,2865.0,536.0,0.9512
WATER,2025-DUNDUMWEZI-APPROVED-AND-NOT-APPROVED-PROJECTS.pdf,1,1962.0,507.0,2065.0,536.0,0.99984
BBILILI,2025-DUNDUMWEZI-APPROVED-AND-NOT-APPROVED-PROJECTS.pdf,1,2463.0,507.0,2566.0,536.0,0.99961
NAHILA DIP TANK,2025-DUNDUMWEZI-APPROVED-AND-NOT-APPROVED-PROJECTS.pdf,1,507.0,513.0,749.0,541.0,0.78162
NOT APPROVED,2025-DUNDUMWEZI-APPROVED-AND-NOT-APPROVED-PROJECTS.pdf,1,2633.0,543.0,2865.0,574.0,0.712
INSUFFICEENT FUNDS,2025-DUNDUMWEZI-APPROVED-AND-NOT-APPROVED-PROJECTS.pdf,1,2910.0,543.0,3221.0,574.0,0.49837
CONSTRUCTION OF IX3 CRB,2025-DUNDUMWEZI-APPROVED-AND-NOT-APPROVED-PROJECTS.pdf,1,1392.0,545.0,1769.0,577.0,0.67877
EDUCATION,2025-DUNDUMWEZI-APPROVED-AND-NOT-APPROVED-PROJECTS.pdf,1,1962.0,545.0,2128.0,577.0,0.87656
CONSTRUCTION,2025-DUNDUMWEZI-APPROVED-AND-NOT-APPROVED-PROJECTS.pdf,1,2181.0,545.0,2396.0,577.0,0.99892
BBILILI,2025-DUNDUMWEZI-APPROVED-AND-NOT-APPROVED-PROJECTS.pdf,1,2463.0,545.0,2563.0,577.0,0.99982
NSALALI PRIMARY AND SECONDARY SCHOOL,2025-DUNDUMWEZI-APPROVED-AND-NOT-APPROVED-PROJECTS.pdf,1,507.0,548.0,1122.0,580.0,0.89889
NOT APPROVED,2025-DUNDUMWEZI-APPROVED-AND-NOT-APPROVED-PROJECTS.pdf,1,2635.0,580.0,2866.0,616.0,0.97937
INSUFFICENT FUNDS,2025-DUNDUMWEZI-APPROVED-AND-NOT-APPROVED-PROJECTS.pdf,1,2912.0,580.0,3222.0,616.0,0.64967
DRILLING OF A BOREHOLE,2025-DUNDUMWEZI-APPROVED-AND-NOT-APPROVED-PROJECTS.pdf,1,1392.0,584.0,1750.0,615.0,0.92487
DRILLING,2025-DUNDUMWEZI-APPROVED-AND-NOT-APPROVED-PROJECTS.pdf,1,2181.0,584.0,2314.0,615.0,0.96109
BBILILI,2025-DUNDUMWEZI-APPROVED-AND-NOT-APPROVED-PROJECTS.pdf,1,2463.0,584.0,2566.0,612.0,0.95749
NZAMAYA KWAMULU AGRICULTURE COOPERATIVE SOCIETY,2025-DUNDUMWEZI-APPROVED-AND-NOT-APPROVED-PROJECTS.pdf,1,509.0,586.0,1329.0,622.0,0.91304
WATER,2025-DUNDUMWEZI-APPROVED-AND-NOT-APPROVED-PROJECTS.pdf,1,1962.0,587.0,2065.0,615.0,0.99998
NOT APPROVED,2025-DUNDUMWEZI-APPROVED-AND-NOT-APPROVED-PROJECTS.pdf,1,2632.0,621.0,2866.0,657.0,0.96414
INSUFFICENT FUNDS,2025-DUNDUMWEZI-APPROVED-AND-NOT-APPROVED-PROJECTS.pdf,1,2913.0,622.0,3221.0,654.0,0.79658
DRILLING OF A BOREHOLE,2025-DUNDUMWEZI-APPROVED-AND-NOT-APPROVED-PROJECTS.pdf,1,1392.0,625.0,1750.0,654.0,0.61773
WATER,2025-DUNDUMWEZI-APPROVED-AND-NOT-APPROVED-PROJECTS.pdf,1,1962.0,625.0,2065.0,656.0,0.78984
DRILLING,2025-DUNDUMWEZI-APPROVED-AND-NOT-APPROVED-PROJECTS.pdf,1,2184.0,625.0,2314.0,654.0,0.99997
BBILILI,2025-DUNDUMWEZI-APPROVED-AND-NOT-APPROVED-PROJECTS.pdf,1,2463.0,625.0,2563.0,654.0,0.89739
KATAMBWELA VILLAGE,2025-DUNDUMWEZI-APPROVED-AND-NOT-APPROVED-PROJECTS.pdf,1,507.0,630.0,837.0,662.0,0.84074
NOT APPROVED,2025-DUNDUMWEZI-APPROVED-AND-NOT-APPROVED-PROJECTS.pdf,1,2635.0,660.0,2866.0,696.0,0.83111
INSUFFICIENT FUNDS,2025-DUNDUMWEZI-APPROVED-AND-NOT-APPROVED-PROJECTS.pdf,1,2913.0,661.0,3221.0,692.0,0.85637
DRILLING OF A BOREHOLE,2025-DUNDUMWEZI-APPROVED-AND-NOT-APPROVED-PROJECTS.pdf,1,1392.0,663.0,1750.0,695.0,0.73633
WATER,2025-DUNDUMWEZI-APPROVED-AND-NOT-APPROVED-PROJECTS.pdf,1,1962.0,663.0,2065.0,695.0,0.99995
DRILLING,2025-DUNDUMWEZI-APPROVED-AND-NOT-APPROVED-PROJECTS.pdf,1,2184.0,663.0,2314.0,695.0,0.99744
BBILILI,2025-DUNDUMWEZI-APPROVED-AND-NOT-APPROVED-PROJECTS.pdf,1,2463.0,663.0,2566.0,695.0,0.99425
VILLAGE,2025-DUNDUMWEZI-APPROVED-AND-NOT-APPROVED-PROJECTS.pdf,1,672.0,669.0,793.0,697.0,0.99963
CHIBAMBA,2025-DUNDUMWEZI-APPROVED-AND-NOT-APPROVED-PROJECTS.pdf,1,510.0,672.0,659.0,700.0,0.99985
INSUFFICIENT FUNDS,2025-DUNDUMWEZI-APPROVED-AND-NOT-APPROVED-PROJECTS.pdf,1,2912.0,698.0,3222.0,734.0,0.84276
DRILLING OF A BOREHOLE,2025-DUNDUMWEZI-APPROVED-AND-NOT-APPROVED-PROJECTS.pdf,1,1395.0,702.0,1750.0,733.0,0.99454
DRILLING,2025-DUNDUMWEZI-APPROVED-AND-NOT-APPROVED-PROJECTS.pdf,1,2184.0,702.0,2314.0,733.0,0.77593
BBILILI,2025-DUNDUMWEZI-APPROVED-AND-NOT-APPROVED-PROJECTS.pdf,1,2463.0,702.0,2566.0,733.0,0.9665
NOT APPROVED,2025-DUNDUMWEZI-APPROVED-AND-NOT-APPROVED-PROJECTS.pdf,1,2636.0,702.0,2865.0,733.0,0.99939
WATER,2025-DUNDUMWEZI-APPROVED-AND-NOT-APPROVED-PROJECTS.pdf,1,1962.0,704.0,2065.0,733.0,0.97358
SIKABANGA COMMUNITY,2025-DUNDUMWEZI-APPROVED-AND-NOT-APPROVED-PROJECTS.pdf,1,507.0,710.0,854.0,741.0,0.62556
NOT APPROVED,2025-DUNDUMWEZI-APPROVED-AND-NOT-APPROVED-PROJECTS.pdf,1,2635.0,739.0,2866.0,775.0,0.77083
INSUFFICIENT FUNDS,2025-DUNDUMWEZI-APPROVED-AND-NOT-APPROVED-PROJECTS.pdf,1,2912.0,739.0,3222.0,775.0,0.43277
DRILLING OF A BOREHOLE,2025-DUNDUMWEZI-APPROVED-AND-NOT-APPROVED-PROJECTS.pdf,1,1395.0,743.0,1750.0,774.0,0.8702
DRILLING,2025-DUNDUMWEZI-APPROVED-AND-NOT-APPROVED-PROJECTS.pdf,1,2184.0,743.0,2314.0,774.0,0.99988
BBILILI,2025-DUNDUMWEZI-APPROVED-AND-NOT-APPROVED-PROJECTS.pdf,1,2463.0,743.0,2566.0,774.0,0.9995
WATER,2025-DUNDUMWEZI-APPROVED-AND-NOT-APPROVED-PROJECTS.pdf,1,1962.0,745.0,2065.0,774.0,0.74633
ZAMAYA KWAMULI AGRICULTURE COOPERATIVE SOCIETY,2025-DUNDUMWEZI-APPROVED-AND-NOT-APPROVED-PROJECTS.pdf,1,509.0,747.0,1298.0,783.0,0.91252
NOT APPROVED,2025-DUNDUMWEZI-APPROVED-AND-NOT-APPROVED-PROJECTS.pdf,1,2636.0,781.0,2865.0,812.0,0.98618
[NSUFFICEENT FUNDS,2025-DUNDUMWEZI-APPROVED-AND-NOT-APPROVED-PROJECTS.pdf,1,2913.0,781.0,3221.0,812.0,0.37692
DRILLING OF A BOREHOLE,2025-DUNDUMWEZI-APPROVED-AND-NOT-APPROVED-PROJECTS.pdf,1,1395.0,784.0,1750.0,815.0,0.99064
WATER,2025-DUNDUMWEZI-APPROVED-AND-NOT-APPROVED-PROJECTS.pdf,1,1965.0,784.0,2065.0,815.0,0.99994
DRILLING,2025-DUNDUMWEZI-APPROVED-AND-NOT-APPROVED-PROJECTS.pdf,1,2184.0,784.0,2314.0,812.0,0.99997
BBILILI,2025-DUNDUMWEZI-APPROVED-AND-NOT-APPROVED-PROJECTS.pdf,1,2463.0,784.0,2566.0,812.0,0.92021
CHIBAMBA € VILLAGE,2025-DUNDUMWEZI-APPROVED-AND-NOT-APPROVED-PROJECTS.pdf,1,510.0,789.0,812.0,821.0,0.5812
NOT APPROVED,2025-DUNDUMWEZI-APPROVED-AND-NOT-APPROVED-PROJECTS.pdf,1,2635.0,818.0,2868.0,855.0,0.90843
[NSUFFICIENT FUNDS,2025-DUNDUMWEZI-APPROVED-AND-NOT-APPROVED-PROJECTS.pdf,1,2912.0,818.0,3222.0,855.0,0.50416
DRILLING OF A BOREHOLE,2025-DUNDUMWEZI-APPROVED-AND-NOT-APPROVED-PROJECTS.pdf,1,1395.0,822.0,1752.0,854.0,0.76642
DRILLING,2025-DUNDUMWEZI-APPROVED-AND-NOT-APPROVED-PROJECTS.pdf,1,2184.0,822.0,2314.0,854.0,0.99998
BBILILI,2025-DUNDUMWEZI-APPROVED-AND-NOT-APPROVED-PROJECTS.pdf,1,2463.0,822.0,2566.0,854.0,0.98966
WATER,2025-DUNDUMWEZI-APPROVED-AND-NOT-APPROVED-PROJECTS.pdf,1,1962.0,825.0,2065.0,854.0,0.99966
NAKWENDA VILLAGE,2025-DUNDUMWEZI-APPROVED-AND-NOT-APPROVED-PROJECTS.pdf,1,510.0,828.0,802.0,859.0,0.80435
NOT APPROVED,2025-DUNDUMWEZI-APPROVED-AND-NOT-APPROVED-PROJECTS.pdf,1,2635.0,860.0,2866.0,896.0,0.96401
[NSUFFICENT FUNDS,2025-DUNDUMWEZI-APPROVED-AND-NOT-APPROVED-PROJECTS.pdf,1,2913.0,861.0,3221.0,892.0,0.65312
DRILLING OF A BOREHOLE,2025-DUNDUMWEZI-APPROVED-AND-NOT-APPROVED-PROJECTS.pdf,1,1395.0,863.0,1752.0,895.0,0.78895
WATER,2025-DUNDUMWEZI-APPROVED-AND-NOT-APPROVED-PROJECTS.pdf,1,1965.0,863.0,2065.0,895.0,0.99931
DRILLING,2025-DUNDUMWEZI-APPROVED-AND-NOT-APPROVED-PROJECTS.pdf,1,2184.0,863.0,2314.0,895.0,0.99965
BBILILI,2025-DUNDUMWEZI-APPROVED-AND-NOT-APPROVED-PROJECTS.pdf,1,2463.0,863.0,2566.0,892.0,0.99945
ALICK MULEYA,2025-DUNDUMWEZI-APPROVED-AND-NOT-APPROVED-PROJECTS.pdf,1,513.0,869.0,722.0,900.0,0.82456
0,2025-DUNDUMWEZI-APPROVED-AND-NOT-APPROVED-PROJECTS.pdf,1,429.0,875.0,444.0,899.0,0.8882
INSUFFICEENT FUNDS,2025-DUNDUMWEZI-APPROVED-AND-NOT-APPROVED-PROJECTS.pdf,1,2912.0,898.0,3222.0,934.0,0.49736
CONSTRUCTION OF 2 STAFF HOUSES,2025-DUNDUMWEZI-APPROVED-AND-NOT-APPROVED-PROJECTS.pdf,1,1394.0,901.0,1877.0,937.0,0.94041
NOT APPROVED,2025-DUNDUMWEZI-APPROVED-AND-NOT-APPROVED-PROJECTS.pdf,1,2635.0,901.0,2868.0,937.0,0.99843
CONSTRUCTION,2025-DUNDUMWEZI-APPROVED-AND-NOT-APPROVED-PROJECTS.pdf,1,2181.0,902.0,2399.0,933.0,0.8252
EDUCATION,2025-DUNDUMWEZI-APPROVED-AND-NOT-APPROVED-PROJECTS.pdf,1,1962.0,904.0,2128.0,936.0,0.99995
BBILILI,2025-DUNDUMWEZI-APPROVED-AND-NOT-APPROVED-PROJECTS.pdf,1,2463.0,904.0,2566.0,933.0,0.99624
NAHILA PRIMARY SCHOOL,2025-DUNDUMWEZI-APPROVED-AND-NOT-APPROVED-PROJECTS.pdf,1,513.0,910.0,867.0,941.0,0.74901
NOT APPROVED,2025-DUNDUMWEZI-APPROVED-AND-NOT-APPROVED-PROJECTS.pdf,1,2635.0,937.0,2869.0,976.0,0.63762
INSUFFICENT FUNDS,2025-DUNDUMWEZI-APPROVED-AND-NOT-APPROVED-PROJECTS.pdf,1,2913.0,940.0,3221.0,971.0,0.66654
DRILLING OF A BOREHOLE,2025-DUNDUMWEZI-APPROVED-AND-NOT-APPROVED-PROJECTS.pdf,1,1395.0,943.0,1752.0,974.0,0.87614
WATER,2025-DUNDUMWEZI-APPROVED-AND-NOT-APPROVED-PROJECTS.pdf,1,1965.0,943.0,2065.0,974.0,0.99994
DRILLING,2025-DUNDUMWEZI-APPROVED-AND-NOT-APPROVED-PROJECTS.pdf,1,2184.0,943.0,2314.0,974.0,0.99989
BBILILI,2025-DUNDUMWEZI-APPROVED-AND-NOT-APPROVED-PROJECTS.pdf,1,2463.0,943.0,2563.0,974.0,0.99942
KAKUYU COMMUNITY,2025-DUNDUMWEZI-APPROVED-AND-NOT-APPROVED-PROJECTS.pdf,1,510.0,948.0,812.0,980.0,0.98602
INSUFFICINT FUNDS,2025-DUNDUMWEZI-APPROVED-AND-NOT-APPROVED-PROJECTS.pdf,1,2912.0,977.0,3222.0,1014.0,0.45776
DRILLING OF A BOREHOLE,2025-DUNDUMWEZI-APPROVED-AND-NOT-APPROVED-PROJECTS.pdf,1,1395.0,981.0,1752.0,1013.0,0.75406
NOT APPROVED,2025-DUNDUMWEZI-APPROVED-AND-NOT-APPROVED-PROJECTS.pdf,1,2636.0,981.0,2867.0,1013.0,0.99989
WATER,2025-DUNDUMWEZI-APPROVED-AND-NOT-APPROVED-PROJECTS.pdf,1,1965.0,984.0,2065.0,1015.0,0.99985
DRILLING,2025-DUNDUMWEZI-APPROVED-AND-NOT-APPROVED-PROJECTS.pdf,1,2184.0,984.0,2314.0,1013.0,0.99942
BBILILI,2025-DUNDUMWEZI-APPROVED-AND-NOT-APPROVED-PROJECTS.pdf,1,2463.0,984.0,2566.0,1013.0,0.99817
15,2025-DUNDUMWEZI-APPROVED-AND-NOT-APPROVED-PROJECTS.pdf,1,414.0,989.0,445.0,1018.0,0.42235
SIACHAAMA,2025-DUNDUMWEZI-APPROVED-AND-NOT-APPROVED-PROJECTS.pdf,1,510.0,989.0,681.0,1018.0,0.99986
NOT APPROVED,2025-DUNDUMWEZI-APPROVED-AND-NOT-APPROVED-PROJECTS.pdf,1,2636.0,1019.0,2867.0,1051.0,0.99956
[NSUFFICEENT FUNDS,2025-DUNDUMWEZI-APPROVED-AND-NOT-APPROVED-PROJECTS.pdf,1,2913.0,1019.0,3221.0,1051.0,0.42322
DRILLING OF A BOREHOLE,2025-DUNDUMWEZI-APPROVED-AND-NOT-APPROVED-PROJECTS.pdf,1,1395.0,1022.0,1752.0,1051.0,0.69314
WATER,2025-DUNDUMWEZI-APPROVED-AND-NOT-APPROVED-PROJECTS.pdf,1,1965.0,1022.0,2065.0,1051.0,0.99993
DRILLING,2025-DUNDUMWEZI-APPROVED-AND-NOT-APPROVED-PROJECTS.pdf,1,2184.0,1022.0,2317.0,1051.0,0.76701
BBILILI,2025-DUNDUMWEZI-APPROVED-AND-NOT-APPROVED-PROJECTS.pdf,1,2466.0,1022.0,2566.0,1051.0,0.97293
KATAMBWELA VILLAGE (CHISEKESE PLACE),2025-DUNDUMWEZI-APPROVED-AND-NOT-APPROVED-PROJECTS.pdf,1,512.0,1024.0,1109.0,1060.0,0.71496
14,2025-DUNDUMWEZI-APPROVED-AND-NOT-APPROVED-PROJECTS.pdf,1,414.0,1030.0,445.0,1056.0,0.85203
NOT APPROVED,2025-DUNDUMWEZI-APPROVED-AND-NOT-APPROVED-PROJECTS.pdf,1,2635.0,1057.0,2868.0,1093.0,0.99611
[NSUFFICIENT FUNDS,2025-DUNDUMWEZI-APPROVED-AND-NOT-APPROVED-PROJECTS.pdf,1,2912.0,1057.0,3222.0,1093.0,0.73712
DRILLING OF A BOREHOLE,2025-DUNDUMWEZI-APPROVED-AND-NOT-APPROVED-PROJECTS.pdf,1,1395.0,1061.0,1752.0,1092.0,0.88941
DRILLING,2025-DUNDUMWEZI-APPROVED-AND-NOT-APPROVED-PROJECTS.pdf,1,2184.0,1061.0,2317.0,1092.0,0.99989
WATER,2025-DUNDUMWEZI-APPROVED-AND-NOT-APPROVED-PROJECTS.pdf,1,1965.0,1063.0,2065.0,1092.0,0.99933
BBILILI,2025-DUNDUMWEZI-APPROVED-AND-NOT-APPROVED-PROJECTS.pdf,1,2466.0,1063.0,2566.0,1092.0,0.98446
[5,2025-DUNDUMWEZI-APPROVED-AND-NOT-APPROVED-PROJECTS.pdf,1,414.0,1066.0,445.0,1097.0,0.94868
ZINTU-NKUSOLA COMMUNITY,2025-DUNDUMWEZI-APPROVED-AND-NOT-APPROVED-PROJECTS.pdf,1,513.0,1066.0,917.0,1097.0,0.707
NOT APPROVED,2025-DUNDUMWEZI-APPROVED-AND-NOT-APPROVED-PROJECTS.pdf,1,2636.0,1099.0,2867.0,1130.0,0.88062
NNSUFFICIENT FUNDS,2025-DUNDUMWEZI-APPROVED-AND-NOT-APPROVED-PROJECTS.pdf,1,2913.0,1099.0,3221.0,1130.0,0.71488
DRILLING OF A BOREHOLE,2025-DUNDUMWEZI-APPROVED-AND-NOT-APPROVED-PROJECTS.pdf,1,1395.0,1102.0,1752.0,1133.0,0.70678
WATER,2025-DUNDUMWEZI-APPROVED-AND-NOT-APPROVED-PROJECTS.pdf,1,1965.0,1102.0,2065.0,1133.0,0.94142
DRILLING,2025-DUNDUMWEZI-APPROVED-AND-NOT-APPROVED-PROJECTS.pdf,1,2184.0,1102.0,2317.0,1133.0,0.99782
BBILILI,2025-DUNDUMWEZI-APPROVED-AND-NOT-APPROVED-PROJECTS.pdf,1,2466.0,1102.0,2566.0,1130.0,0.98158
MALOBA B COMMUNITY,2025-DUNDUMWEZI-APPROVED-AND-NOT-APPROVED-PROJECTS.pdf,1,513.0,1104.0,840.0,1136.0,0.6022
16,2025-DUNDUMWEZI-APPROVED-AND-NOT-APPROVED-PROJECTS.pdf,1,414.0,1107.0,448.0,1136.0,0.99876
INSUFFICEENT FUNDS,2025-DUNDUMWEZI-APPROVED-AND-NOT-APPROVED-PROJECTS.pdf,1,2911.0,1135.0,3222.0,1173.0,0.53684
DRILLING OF A BOREHOLE,2025-DUNDUMWEZI-APPROVED-AND-NOT-APPROVED-PROJECTS.pdf,1,1395.0,1140.0,1752.0,1171.0,0.85792
DRILLING,2025-DUNDUMWEZI-APPROVED-AND-NOT-APPROVED-PROJECTS.pdf,1,2184.0,1140.0,2317.0,1171.0,0.99929
BBILILI,2025-DUNDUMWEZI-APPROVED-AND-NOT-APPROVED-PROJECTS.pdf,1,2466.0,1140.0,2566.0,1171.0,0.99239
NOT APPROVED,2025-DUNDUMWEZI-APPROVED-AND-NOT-APPROVED-PROJECTS.pdf,1,2636.0,1140.0,2867.0,1171.0,0.98939
MUKUYU COMMUNITY GROUP UNDER MUNSAKA VILLAGE,2025-DUNDUMWEZI-APPROVED-AND-NOT-APPROVED-PROJECTS.pdf,1,514.0,1142.0,1296.0,1178.0,0.84695
WATER,2025-DUNDUMWEZI-APPROVED-AND-NOT-APPROVED-PROJECTS.pdf,1,1965.0,1143.0,2065.0,1171.0,0.99993
NOT APPROVED,2025-DUNDUMWEZI-APPROVED-AND-NOT-APPROVED-PROJECTS.pdf,1,2635.0,1177.0,2868.0,1214.0,0.99812
INSUFFICIENT FUNDS,2025-DUNDUMWEZI-APPROVED-AND-NOT-APPROVED-PROJECTS.pdf,1,2913.0,1178.0,3221.0,1210.0,0.65154
DRILLING OF A BOREHOLE,2025-DUNDUMWEZI-APPROVED-AND-NOT-APPROVED-PROJECTS.pdf,1,1398.0,1181.0,1752.0,1213.0,0.72298
WATER,2025-DUNDUMWEZI-APPROVED-AND-NOT-APPROVED-PROJECTS.pdf,1,1965.0,1181.0,2065.0,1213.0,0.99998
DRILLING,2025-DUNDUMWEZI-APPROVED-AND-NOT-APPROVED-PROJECTS.pdf,1,2184.0,1181.0,2317.0,1213.0,0.98803
BBILILI,2025-DUNDUMWEZI-APPROVED-AND-NOT-APPROVED-PROJECTS.pdf,1,2466.0,1181.0,2566.0,1213.0,0.98967
18,2025-DUNDUMWEZI-APPROVED-AND-NOT-APPROVED-PROJECTS.pdf,1,414.0,1187.0,448.0,1215.0,0.99987
MUKUYU COMMUNITY,2025-DUNDUMWEZI-APPROVED-AND-NOT-APPROVED-PROJECTS.pdf,1,513.0,1187.0,821.0,1215.0,0.59591
INSUFFICIENT FUNDS,2025-DUNDUMWEZI-APPROVED-AND-NOT-APPROVED-PROJECTS.pdf,1,2912.0,1216.0,3222.0,1252.0,0.74798
DRILLING OF A BOREHOLE,2025-DUNDUMWEZI-APPROVED-AND-NOT-APPROVED-PROJECTS.pdf,1,1395.0,1219.0,1752.0,1251.0,0.73312
DRILLING,2025-DUNDUMWEZI-APPROVED-AND-NOT-APPROVED-PROJECTS.pdf,1,2184.0,1219.0,2317.0,1251.0,0.87641
BBILILI,2025-DUNDUMWEZI-APPROVED-AND-NOT-APPROVED-PROJECTS.pdf,1,2466.0,1219.0,2566.0,1251.0,0.99174
NOT APPROVED,2025-DUNDUMWEZI-APPROVED-AND-NOT-APPROVED-PROJECTS.pdf,1,2636.0,1219.0,2867.0,1251.0,0.99802
STMALELE MULTI PURPOSE SOLAR POWERED PROJECT,2025-DUNDUMWEZI-APPROVED-AND-NOT-APPROVED-PROJECTS.pdf,1,512.0,1221.0,1235.0,1257.0,0.76117
WATER,2025-DUNDUMWEZI-APPROVED-AND-NOT-APPROVED-PROJECTS.pdf,1,1965.0,1222.0,2065.0,1251.0,0.99997
19,2025-DUNDUMWEZI-APPROVED-AND-NOT-APPROVED-PROJECTS.pdf,1,414.0,1228.0,448.0,1256.0,0.73732
NOT APPROVED,2025-DUNDUMWEZI-APPROVED-AND-NOT-APPROVED-PROJECTS.pdf,1,2635.0,1257.0,2868.0,1293.0,0.67163
INSUFFICIENT FUNDS,2025-DUNDUMWEZI-APPROVED-AND-NOT-APPROVED-PROJECTS.pdf,1,2913.0,1258.0,3224.0,1289.0,0.56212
DRILLING OF A BOREHOLE,2025-DUNDUMWEZI-APPROVED-AND-NOT-APPROVED-PROJECTS.pdf,1,1398.0,1261.0,1752.0,1292.0,0.64369
WATER,2025-DUNDUMWEZI-APPROVED-AND-NOT-APPROVED-PROJECTS.pdf,1,1965.0,1261.0,2067.0,1292.0,0.99998
DRILLING,2025-DUNDUMWEZI-APPROVED-AND-NOT-APPROVED-PROJECTS.pdf,1,2187.0,1261.0,2317.0,1292.0,0.99998
BBILILI,2025-DUNDUMWEZI-APPROVED-AND-NOT-APPROVED-PROJECTS.pdf,1,2466.0,1261.0,2566.0,1289.0,0.99433
KAMOTWE AGRICULTURE COOPERATIVE SOCIETY,2025-DUNDUMWEZI-APPROVED-AND-NOT-APPROVED-PROJECTS.pdf,1,512.0,1262.0,1181.0,1298.0,0.55279
20,2025-DUNDUMWEZI-APPROVED-AND-NOT-APPROVED-PROJECTS.pdf,1,414.0,1266.0,448.0,1297.0,0.51698
INSUFFICIENT FUNDS,2025-DUNDUMWEZI-APPROVED-AND-NOT-APPROVED-PROJECTS.pdf,1,2912.0,1295.0,3225.0,1331.0,0.64054
A BOREHOLE,2025-DUNDUMWEZI-APPROVED-AND-NOT-APPROVED-PROJECTS.pdf,1,1578.0,1299.0,1752.0,1330.0,0.99764
BBILILI,2025-DUNDUMWEZI-APPROVED-AND-NOT-APPROVED-PROJECTS.pdf,1,2466.0,1299.0,2566.0,1330.0,0.69889
NOT APPROVED,2025-DUNDUMWEZI-APPROVED-AND-NOT-APPROVED-PROJECTS.pdf,1,2636.0,1299.0,2867.0,1330.0,0.9869
DRILLING OF,2025-DUNDUMWEZI-APPROVED-AND-NOT-APPROVED-PROJECTS.pdf,1,1398.0,1302.0,1571.0,1330.0,0.50743
WATER,2025-DUNDUMWEZI-APPROVED-AND-NOT-APPROVED-PROJECTS.pdf,1,1965.0,1302.0,2067.0,1333.0,0.99996
DRILLING,2025-DUNDUMWEZI-APPROVED-AND-NOT-APPROVED-PROJECTS.pdf,1,2184.0,1302.0,2317.0,1330.0,0.99991
TWALILA KUNO,2025-DUNDUMWEZI-APPROVED-AND-NOT-APPROVED-PROJECTS.pdf,1,513.0,1304.0,728.0,1336.0,0.99684
21,2025-DUNDUMWEZI-APPROVED-AND-NOT-APPROVED-PROJECTS.pdf,1,414.0,1307.0,445.0,1336.0,0.99014
NOT APPROVED,2025-DUNDUMWEZI-APPROVED-AND-NOT-APPROVED-PROJECTS.pdf,1,2635.0,1336.0,2868.0,1372.0,0.71558
INSUFFICINT FUNDS,2025-DUNDUMWEZI-APPROVED-AND-NOT-APPROVED-PROJECTS.pdf,1,2913.0,1337.0,3224.0,1369.0,0.50272
DRILLING OF A BOREHOLE,2025-DUNDUMWEZI-APPROVED-AND-NOT-APPROVED-PROJECTS.pdf,1,1398.0,1340.0,1752.0,1371.0,0.84023
DRILLING,2025-DUNDUMWEZI-APPROVED-AND-NOT-APPROVED-PROJECTS.pdf,1,2187.0,1340.0,2317.0,1371.0,0.99697
BBILILI,2025-DUNDUMWEZI-APPROVED-AND-NOT-APPROVED-PROJECTS.pdf,1,2466.0,1340.0,2566.0,1369.0,0.85813
SIKALEZU (MULEBWENTE VILLAGE) COMMUNITY,2025-DUNDUMWEZI-APPROVED-AND-NOT-APPROVED-PROJECTS.pdf,1,512.0,1342.0,1175.0,1378.0,0.90864
WATER,2025-DUNDUMWEZI-APPROVED-AND-NOT-APPROVED-PROJECTS.pdf,1,1965.0,1343.0,2067.0,1371.0,0.99993
22,2025-DUNDUMWEZI-APPROVED-AND-NOT-APPROVED-PROJECTS.pdf,1,414.0,1348.0,448.0,1377.0,1.0
NOT APPROVED,2025-DUNDUMWEZI-APPROVED-AND-NOT-APPROVED-PROJECTS.pdf,1,2636.0,1378.0,2867.0,1410.0,0.99368
INSUFFICIENT FUNDS,2025-DUNDUMWEZI-APPROVED-AND-NOT-APPROVED-PROJECTS.pdf,1,2913.0,1378.0,3224.0,1410.0,0.64515
DRILLING OF,2025-DUNDUMWEZI-APPROVED-AND-NOT-APPROVED-PROJECTS.pdf,1,1398.0,1381.0,1571.0,1410.0,0.68786
A BOREHOLE,2025-DUNDUMWEZI-APPROVED-AND-NOT-APPROVED-PROJECTS.pdf,1,1578.0,1381.0,1752.0,1410.0,0.97283
WATER,2025-DUNDUMWEZI-APPROVED-AND-NOT-APPROVED-PROJECTS.pdf,1,1967.0,1381.0,2067.0,1413.0,0.99988
DRILLING,2025-DUNDUMWEZI-APPROVED-AND-NOT-APPROVED-PROJECTS.pdf,1,2184.0,1381.0,2317.0,1410.0,0.99994
BBILILI,2025-DUNDUMWEZI-APPROVED-AND-NOT-APPROVED-PROJECTS.pdf,1,2466.0,1381.0,2566.0,1410.0,0.99888
KALUNDU SIANTAMBO WEST,2025-DUNDUMWEZI-APPROVED-AND-NOT-APPROVED-PROJECTS.pdf,1,514.0,1383.0,907.0,1419.0,0.892
23,2025-DUNDUMWEZI-APPROVED-AND-NOT-APPROVED-PROJECTS.pdf,1,414.0,1387.0,448.0,1418.0,0.99986
NOT APPROVED,2025-DUNDUMWEZI-APPROVED-AND-NOT-APPROVED-PROJECTS.pdf,1,2638.0,1416.0,2868.0,1452.0,0.99915
INSUFFICENT FUNDS,2025-DUNDUMWEZI-APPROVED-AND-NOT-APPROVED-PROJECTS.pdf,1,2913.0,1417.0,3221.0,1448.0,0.6508
DRILLING OF,2025-DUNDUMWEZI-APPROVED-AND-NOT-APPROVED-PROJECTS.pdf,1,1398.0,1419.0,1571.0,1451.0,0.99903
A BOREHOLE,2025-DUNDUMWEZI-APPROVED-AND-NOT-APPROVED-PROJECTS.pdf,1,1578.0,1419.0,1752.0,1451.0,0.99948
WATER,2025-DUNDUMWEZI-APPROVED-AND-NOT-APPROVED-PROJECTS.pdf,1,1967.0,1419.0,2067.0,1451.0,0.99996
DRILLING,2025-DUNDUMWEZI-APPROVED-AND-NOT-APPROVED-PROJECTS.pdf,1,2187.0,1419.0,2317.0,1451.0,0.64086
BBILILI,2025-DUNDUMWEZI-APPROVED-AND-NOT-APPROVED-PROJECTS.pdf,1,2466.0,1419.0,2569.0,1451.0,0.90529
24,2025-DUNDUMWEZI-APPROVED-AND-NOT-APPROVED-PROJECTS.pdf,1,414.0,1425.0,451.0,1456.0,0.85532
TWAPENGA COMMUNITY,2025-DUNDUMWEZI-APPROVED-AND-NOT-APPROVED-PROJECTS.pdf,1,515.0,1425.0,851.0,1456.0,0.91353
DRILLING OF A BOREHOLE,2025-DUNDUMWEZI-APPROVED-AND-NOT-APPROVED-PROJECTS.pdf,1,1398.0,1458.0,1752.0,1489.0,0.99796
NOT APPROVED,2025-DUNDUMWEZI-APPROVED-AND-NOT-APPROVED-PROJECTS.pdf,1,2636.0,1458.0,2867.0,1489.0,0.83171
NNSUFFICIENT FUNDS,2025-DUNDUMWEZI-APPROVED-AND-NOT-APPROVED-PROJECTS.pdf,1,2913.0,1458.0,3224.0,1489.0,0.49593
WATER,2025-DUNDUMWEZI-APPROVED-AND-NOT-APPROVED-PROJECTS.pdf,1,1965.0,1461.0,2067.0,1492.0,0.9985
DRILLING,2025-DUNDUMWEZI-APPROVED-AND-NOT-APPROVED-PROJECTS.pdf,1,2184.0,1461.0,2317.0,1489.0,0.99997
BBILILI,2025-DUNDUMWEZI-APPROVED-AND-NOT-APPROVED-PROJECTS.pdf,1,2466.0,1461.0,2566.0,1489.0,0.99489
25,2025-DUNDUMWEZI-APPROVED-AND-NOT-APPROVED-PROJECTS.pdf,1,414.0,1463.0,448.0,1495.0,0.4713
KATANDA CHITUMBI,2025-DUNDUMWEZI-APPROVED-AND-NOT-APPROVED-PROJECTS.pdf,1,515.0,1466.0,796.0,1495.0,0.70813
NOT APPROVED,2025-DUNDUMWEZI-APPROVED-AND-NOT-APPROVED-PROJECTS.pdf,1,2638.0,1493.0,2869.0,1534.0,0.9606
INSUFFICENT FUNDS,2025-DUNDUMWEZI-APPROVED-AND-NOT-APPROVED-PROJECTS.pdf,1,2913.0,1496.0,3224.0,1528.0,0.60189
I,2025-DUNDUMWEZI-APPROVED-AND-NOT-APPROVED-PROJECTS.pdf,1,316.0,1497.0,379.0,1790.0,0.0406
DRILLING OF A BOREHOLE,2025-DUNDUMWEZI-APPROVED-AND-NOT-APPROVED-PROJECTS.pdf,1,1398.0,1499.0,1752.0,1530.0,0.98525
WATER,2025-DUNDUMWEZI-APPROVED-AND-NOT-APPROVED-PROJECTS.pdf,1,1967.0,1499.0,2067.0,1530.0,0.99994
DRILLING,2025-DUNDUMWEZI-APPROVED-AND-NOT-APPROVED-PROJECTS.pdf,1,2184.0,1499.0,2317.0,1530.0,0.99998
BBILILI,2025-DUNDUMWEZI-APPROVED-AND-NOT-APPROVED-PROJECTS.pdf,1,2466.0,1499.0,2569.0,1528.0,0.67848
26,2025-DUNDUMWEZI-APPROVED-AND-NOT-APPROVED-PROJECTS.pdf,1,417.0,1504.0,451.0,1536.0,0.99998
KAUMUZYA COMMUNITY,2025-DUNDUMWEZI-APPROVED-AND-NOT-APPROVED-PROJECTS.pdf,1,515.0,1504.0,856.0,1536.0,0.74245
CONSTRUCTION OF A HEALTH POST,2025-DUNDUMWEZI-APPROVED-AND-NOT-APPROVED-PROJECTS.pdf,1,1394.0,1536.0,1871.0,1572.0,0.96601
CONSTRUCTION,2025-DUNDUMWEZI-APPROVED-AND-NOT-APPROVED-PROJECTS.pdf,1,2183.0,1536.0,2403.0,1572.0,0.99929
NOT APPROVED,2025-DUNDUMWEZI-APPROVED-AND-NOT-APPROVED-PROJECTS.pdf,1,2639.0,1537.0,2867.0,1569.0,0.93482
INSUFFICIENT FUNDS,2025-DUNDUMWEZI-APPROVED-AND-NOT-APPROVED-PROJECTS.pdf,1,2913.0,1537.0,3224.0,1569.0,0.92765
0,2025-DUNDUMWEZI-APPROVED-AND-NOT-APPROVED-PROJECTS.pdf,1,152.0,1538.0,236.0,1656.0,0.94531
EDUCATION,2025-DUNDUMWEZI-APPROVED-AND-NOT-APPROVED-PROJECTS.pdf,1,1965.0,1540.0,2130.0,1569.0,0.81594
BBILILI,2025-DUNDUMWEZI-APPROVED-AND-NOT-APPROVED-PROJECTS.pdf,1,2466.0,1540.0,2566.0,1569.0,0.9943
KALEMBELA,2025-DUNDUMWEZI-APPROVED-AND-NOT-APPROVED-PROJECTS.pdf,1,515.0,1543.0,689.0,1574.0,0.78461
27,2025-DUNDUMWEZI-APPROVED-AND-NOT-APPROVED-PROJECTS.pdf,1,417.0,1546.0,451.0,1574.0,1.0
NOT APPROVED,2025-DUNDUMWEZI-APPROVED-AND-NOT-APPROVED-PROJECTS.pdf,1,2638.0,1573.0,2869.0,1612.0,0.90878
NNSUFFICIENT FUNDS,2025-DUNDUMWEZI-APPROVED-AND-NOT-APPROVED-PROJECTS.pdf,1,2913.0,1576.0,3224.0,1607.0,0.48799
CONSTRUCTION OF IX3 CRB,2025-DUNDUMWEZI-APPROVED-AND-NOT-APPROVED-PROJECTS.pdf,1,1395.0,1578.0,1774.0,1610.0,0.61132
EDUCATION,2025-DUNDUMWEZI-APPROVED-AND-NOT-APPROVED-PROJECTS.pdf,1,1965.0,1578.0,2130.0,1610.0,0.85446
CONSTRUCTION,2025-DUNDUMWEZI-APPROVED-AND-NOT-APPROVED-PROJECTS.pdf,1,2184.0,1578.0,2402.0,1610.0,0.99886
BBILILI,2025-DUNDUMWEZI-APPROVED-AND-NOT-APPROVED-PROJECTS.pdf,1,2466.0,1578.0,2569.0,1607.0,0.90251
KALEMBELA COMMUNITY,2025-DUNDUMWEZI-APPROVED-AND-NOT-APPROVED-PROJECTS.pdf,1,514.0,1580.0,868.0,1616.0,0.72976
28,2025-DUNDUMWEZI-APPROVED-AND-NOT-APPROVED-PROJECTS.pdf,1,417.0,1584.0,451.0,1613.0,0.84998
9,2025-DUNDUMWEZI-APPROVED-AND-NOT-APPROVED-PROJECTS.pdf,1,293.0,1614.0,322.0,1667.0,0.48978
CONSTRUCTION,2025-DUNDUMWEZI-APPROVED-AND-NOT-APPROVED-PROJECTS.pdf,1,2183.0,1614.0,2403.0,1652.0,0.97418
CONSTRUCTION OF STAFF HOUSE,2025-DUNDUMWEZI-APPROVED-AND-NOT-APPROVED-PROJECTS.pdf,1,1395.0,1617.0,1843.0,1648.0,0.66075
BBILILI,2025-DUNDUMWEZI-APPROVED-AND-NOT-APPROVED-PROJECTS.pdf,1,2466.0,1617.0,2569.0,1648.0,0.82407
NOT APPROVED,2025-DUNDUMWEZI-APPROVED-AND-NOT-APPROVED-PROJECTS.pdf,1,2639.0,1617.0,2867.0,1648.0,0.9992
INSUFFICIENT FUNDS,2025-DUNDUMWEZI-APPROVED-AND-NOT-APPROVED-PROJECTS.pdf,1,2913.0,1617.0,3224.0,1648.0,0.72923
HEALTH,2025-DUNDUMWEZI-APPROVED-AND-NOT-APPROVED-PROJECTS.pdf,1,1965.0,1619.0,2078.0,1651.0,0.88099
29,2025-DUNDUMWEZI-APPROVED-AND-NOT-APPROVED-PROJECTS.pdf,1,417.0,1622.0,451.0,1654.0,0.54856
BBILILI RURAL HEALTH CENTRE,2025-DUNDUMWEZI-APPROVED-AND-NOT-APPROVED-PROJECTS.pdf,1,515.0,1622.0,947.0,1654.0,0.53876
3,2025-DUNDUMWEZI-APPROVED-AND-NOT-APPROVED-PROJECTS.pdf,1,152.0,1648.0,227.0,1754.0,0.59459
NOT APPROVED,2025-DUNDUMWEZI-APPROVED-AND-NOT-APPROVED-PROJECTS.pdf,1,2635.0,1654.0,2868.0,1690.0,0.99859
INSUFFICEENT FUNDS,2025-DUNDUMWEZI-APPROVED-AND-NOT-APPROVED-PROJECTS.pdf,1,2913.0,1655.0,3224.0,1687.0,0.54799
DRILLING OF A BOREHOLE,2025-DUNDUMWEZI-APPROVED-AND-NOT-APPROVED-PROJECTS.pdf,1,1398.0,1658.0,1755.0,1687.0,0.95847
WATER,2025-DUNDUMWEZI-APPROVED-AND-NOT-APPROVED-PROJECTS.pdf,1,1967.0,1658.0,2067.0,1689.0,0.61118
DRILLING,2025-DUNDUMWEZI-APPROVED-AND-NOT-APPROVED-PROJECTS.pdf,1,2187.0,1658.0,2319.0,1689.0,0.99994
BBILILI,2025-DUNDUMWEZI-APPROVED-AND-NOT-APPROVED-PROJECTS.pdf,1,2466.0,1658.0,2569.0,1687.0,0.7604
30,2025-DUNDUMWEZI-APPROVED-AND-NOT-APPROVED-PROJECTS.pdf,1,419.0,1663.0,451.0,1692.0,0.99995
CHOONDE COMMUNITY,2025-DUNDUMWEZI-APPROVED-AND-NOT-APPROVED-PROJECTS.pdf,1,515.0,1663.0,834.0,1695.0,0.84375
NNSUFFICIENT FUNDS,2025-DUNDUMWEZI-APPROVED-AND-NOT-APPROVED-PROJECTS.pdf,1,2912.0,1692.0,3225.0,1729.0,0.6308
DRILLING OF A BOREHOLE,2025-DUNDUMWEZI-APPROVED-AND-NOT-APPROVED-PROJECTS.pdf,1,1398.0,1696.0,1755.0,1728.0,0.58427
NOT APPROVED,2025-DUNDUMWEZI-APPROVED-AND-NOT-APPROVED-PROJECTS.pdf,1,2639.0,1696.0,2867.0,1728.0,0.99826
WATER,2025-DUNDUMWEZI-APPROVED-AND-NOT-APPROVED-PROJECTS.pdf,1,1967.0,1699.0,2067.0,1730.0,0.99993
DRILLING,2025-DUNDUMWEZI-APPROVED-AND-NOT-APPROVED-PROJECTS.pdf,1,2187.0,1699.0,2317.0,1728.0,0.99986
BBILILI,2025-DUNDUMWEZI-APPROVED-AND-NOT-APPROVED-PROJECTS.pdf,1,2466.0,1699.0,2569.0,1728.0,0.997
MUPONDO COMMUNITY,2025-DUNDUMWEZI-APPROVED-AND-NOT-APPROVED-PROJECTS.pdf,1,518.0,1702.0,840.0,1733.0,0.83679
3,2025-DUNDUMWEZI-APPROVED-AND-NOT-APPROVED-PROJECTS.pdf,1,420.0,1705.0,439.0,1732.0,0.99997
INSUFFICEENT FUNDS,2025-DUNDUMWEZI-APPROVED-AND-NOT-APPROVED-PROJECTS.pdf,1,2912.0,1734.0,3225.0,1770.0,0.82941
DRILLING OF A BOREHOLE,2025-DUNDUMWEZI-APPROVED-AND-NOT-APPROVED-PROJECTS.pdf,1,1398.0,1737.0,1755.0,1769.0,0.63958
DRILLING,2025-DUNDUMWEZI-APPROVED-AND-NOT-APPROVED-PROJECTS.pdf,1,2187.0,1737.0,2317.0,1769.0,0.95172
BBILILI,2025-DUNDUMWEZI-APPROVED-AND-NOT-APPROVED-PROJECTS.pdf,1,2466.0,1737.0,2569.0,1769.0,0.99963
NOT APPROVED,2025-DUNDUMWEZI-APPROVED-AND-NOT-APPROVED-PROJECTS.pdf,1,2639.0,1737.0,2867.0,1769.0,0.99825
WATER,2025-DUNDUMWEZI-APPROVED-AND-NOT-APPROVED-PROJECTS.pdf,1,1967.0,1740.0,2067.0,1769.0,0.73923
32,2025-DUNDUMWEZI-APPROVED-AND-NOT-APPROVED-PROJECTS.pdf,1,419.0,1743.0,451.0,1774.0,0.95621
TWAYUMINWA,2025-DUNDUMWEZI-APPROVED-AND-NOT-APPROVED-PROJECTS.pdf,1,518.0,1743.0,719.0,1771.0,0.99934
F,2025-DUNDUMWEZI-APPROVED-AND-NOT-APPROVED-PROJECTS.pdf,1,138.0,1749.0,231.0,1845.0,0.13221
NOT APPROVED,2025-DUNDUMWEZI-APPROVED-AND-NOT-APPROVED-PROJECTS.pdf,1,2638.0,1775.0,2868.0,1811.0,0.99021
INSUFFICEENT FUNDS,2025-DUNDUMWEZI-APPROVED-AND-NOT-APPROVED-PROJECTS.pdf,1,2913.0,1776.0,3224.0,1807.0,0.7566
DRILLING OF A BOREHOLE,2025-DUNDUMWEZI-APPROVED-AND-NOT-APPROVED-PROJECTS.pdf,1,1398.0,1778.0,1755.0,1810.0,0.84519
WATER,2025-DUNDUMWEZI-APPROVED-AND-NOT-APPROVED-PROJECTS.pdf,1,1967.0,1778.0,2067.0,1810.0,0.99989
DRILLING,2025-DUNDUMWEZI-APPROVED-AND-NOT-APPROVED-PROJECTS.pdf,1,2187.0,1778.0,2317.0,1810.0,0.99994
BBILILI,2025-DUNDUMWEZI-APPROVED-AND-NOT-APPROVED-PROJECTS.pdf,1,2466.0,1778.0,2569.0,1810.0,0.99778
33,2025-DUNDUMWEZI-APPROVED-AND-NOT-APPROVED-PROJECTS.pdf,1,419.0,1784.0,451.0,1815.0,0.95667
CHITUMBI COMMUNITY,2025-DUNDUMWEZI-APPROVED-AND-NOT-APPROVED-PROJECTS.pdf,1,515.0,1784.0,832.0,1815.0,0.99506
NOT APPROVED,2025-DUNDUMWEZI-APPROVED-AND-NOT-APPROVED-PROJECTS.pdf,1,2638.0,1816.0,2868.0,1852.0,0.9679
INSUFFICENT FUNDS,2025-DUNDUMWEZI-APPROVED-AND-NOT-APPROVED-PROJECTS.pdf,1,2913.0,1817.0,3224.0,1848.0,0.77321
DRILLING OF A BOREHOLE,2025-DUNDUMWEZI-APPROVED-AND-NOT-APPROVED-PROJECTS.pdf,1,1398.0,1819.0,1755.0,1848.0,0.92143
WATER,2025-DUNDUMWEZI-APPROVED-AND-NOT-APPROVED-PROJECTS.pdf,1,1967.0,1819.0,2067.0,1851.0,0.99645
DRILLING,2025-DUNDUMWEZI-APPROVED-AND-NOT-APPROVED-PROJECTS.pdf,1,2187.0,1819.0,2319.0,1848.0,0.99957
BBILILI,2025-DUNDUMWEZI-APPROVED-AND-NOT-APPROVED-PROJECTS.pdf,1,2466.0,1819.0,2569.0,1848.0,0.99882
MAUNGA COMMUNITY,2025-DUNDUMWEZI-APPROVED-AND-NOT-APPROVED-PROJECTS.pdf,1,521.0,1822.0,823.0,1854.0,0.78905
34,2025-DUNDUMWEZI-APPROVED-AND-NOT-APPROVED-PROJECTS.pdf,1,419.0,1825.0,454.0,1854.0,0.73614
INSUFFICIENT FUNDS,2025-DUNDUMWEZI-APPROVED-AND-NOT-APPROVED-PROJECTS.pdf,1,2912.0,1854.0,3225.0,1890.0,0.70353
CONSTRUCTION OF IX3 CRB,2025-DUNDUMWEZI-APPROVED-AND-NOT-APPROVED-PROJECTS.pdf,1,1398.0,1858.0,1774.0,1889.0,0.55026
CONSTRUCTION,2025-DUNDUMWEZI-APPROVED-AND-NOT-APPROVED-PROJECTS.pdf,1,2187.0,1858.0,2402.0,1889.0,0.83016
BBILIL],2025-DUNDUMWEZI-APPROVED-AND-NOT-APPROVED-PROJECTS.pdf,1,2469.0,1858.0,2569.0,1889.0,0.98707
NOT APPROVED,2025-DUNDUMWEZI-APPROVED-AND-NOT-APPROVED-PROJECTS.pdf,1,2639.0,1858.0,2867.0,1889.0,0.89985
EDUCATION,2025-DUNDUMWEZI-APPROVED-AND-NOT-APPROVED-PROJECTS.pdf,1,1965.0,1861.0,2130.0,1889.0,0.87517
35,2025-DUNDUMWEZI-APPROVED-AND-NOT-APPROVED-PROJECTS.pdf,1,419.0,1863.0,454.0,1895.0,0.99921
NABUSANGA PRIMARY SCHOOL,2025-DUNDUMWEZI-APPROVED-AND-NOT-APPROVED-PROJECTS.pdf,1,518.0,1863.0,944.0,1895.0,0.86153
NOT APPROVED,2025-DUNDUMWEZI-APPROVED-AND-NOT-APPROVED-PROJECTS.pdf,1,2638.0,1895.0,2868.0,1931.0,0.99735
INSUFFICIENT FUNDS,2025-DUNDUMWEZI-APPROVED-AND-NOT-APPROVED-PROJECTS.pdf,1,2913.0,1896.0,3224.0,1928.0,0.7449
DRILLING OF A BOREHOLE,2025-DUNDUMWEZI-APPROVED-AND-NOT-APPROVED-PROJECTS.pdf,1,1398.0,1899.0,1755.0,1930.0,0.99778
WATER,2025-DUNDUMWEZI-APPROVED-AND-NOT-APPROVED-PROJECTS.pdf,1,1967.0,1899.0,2067.0,1930.0,0.99849
DRILLING,2025-DUNDUMWEZI-APPROVED-AND-NOT-APPROVED-PROJECTS.pdf,1,2187.0,1899.0,2319.0,1930.0,0.99537
BBILILI,2025-DUNDUMWEZI-APPROVED-AND-NOT-APPROVED-PROJECTS.pdf,1,2469.0,1899.0,2569.0,1928.0,0.99922
36,2025-DUNDUMWEZI-APPROVED-AND-NOT-APPROVED-PROJECTS.pdf,1,419.0,1904.0,454.0,1936.0,1.0
CHIMAPA YUMA COMMUNIY,2025-DUNDUMWEZI-APPROVED-AND-NOT-APPROVED-PROJECTS.pdf,1,518.0,1904.0,895.0,1936.0,0.72458
DRILLING OF A BOREHOLE,2025-DUNDUMWEZI-APPROVED-AND-NOT-APPROVED-PROJECTS.pdf,1,1400.0,1937.0,1755.0,1969.0,0.75706
NOT APPROVED,2025-DUNDUMWEZI-APPROVED-AND-NOT-APPROVED-PROJECTS.pdf,1,2639.0,1937.0,2867.0,1969.0,0.86669
INSUFFICEENT FUNDS,2025-DUNDUMWEZI-APPROVED-AND-NOT-APPROVED-PROJECTS.pdf,1,2915.0,1937.0,3224.0,1969.0,0.71394
WATER,2025-DUNDUMWEZI-APPROVED-AND-NOT-APPROVED-PROJECTS.pdf,1,1967.0,1940.0,2067.0,1971.0,0.99992
DRILLING,2025-DUNDUMWEZI-APPROVED-AND-NOT-APPROVED-PROJECTS.pdf,1,2187.0,1940.0,2317.0,1969.0,0.99984
BBILILI,2025-DUNDUMWEZI-APPROVED-AND-NOT-APPROVED-PROJECTS.pdf,1,2466.0,1940.0,2569.0,1969.0,0.9968
MAPENZI MWIIYI TOP TEN GROUP,2025-DUNDUMWEZI-APPROVED-AND-NOT-APPROVED-PROJECTS.pdf,1,521.0,1943.0,969.0,1974.0,0.84871
57,2025-DUNDUMWEZI-APPROVED-AND-NOT-APPROVED-PROJECTS.pdf,1,422.0,1948.0,454.0,1974.0,0.90348
NOT APPROVED,2025-DUNDUMWEZI-APPROVED-AND-NOT-APPROVED-PROJECTS.pdf,1,2638.0,1975.0,2868.0,2011.0,0.98618
DRILLING OF A BOREHOLE,2025-DUNDUMWEZI-APPROVED-AND-NOT-APPROVED-PROJECTS.pdf,1,1400.0,1976.0,1755.0,2007.0,0.83087
INSUFFICENT FUNDS,2025-DUNDUMWEZI-APPROVED-AND-NOT-APPROVED-PROJECTS.pdf,1,2913.0,1976.0,3224.0,2007.0,0.94065
WATER,2025-DUNDUMWEZI-APPROVED-AND-NOT-APPROVED-PROJECTS.pdf,1,1967.0,1978.0,2067.0,2010.0,0.99992
DRILLING,2025-DUNDUMWEZI-APPROVED-AND-NOT-APPROVED-PROJECTS.pdf,1,2187.0,1978.0,2319.0,2010.0,0.99993
BBILILI,2025-DUNDUMWEZI-APPROVED-AND-NOT-APPROVED-PROJECTS.pdf,1,2469.0,1978.0,2569.0,2010.0,0.99277
SIAMAPANDE COMMUNITY,2025-DUNDUMWEZI-APPROVED-AND-NOT-APPROVED-PROJECTS.pdf,1,518.0,1981.0,878.0,2013.0,0.97694
58,2025-DUNDUMWEZI-APPROVED-AND-NOT-APPROVED-PROJECTS.pdf,1,419.0,1984.0,454.0,2013.0,0.78745
DRILLING OF A BOREHOLE,2025-DUNDUMWEZI-APPROVED-AND-NOT-APPROVED-PROJECTS.pdf,1,1400.0,2017.0,1755.0,2048.0,0.9126
NOT APPROVED,2025-DUNDUMWEZI-APPROVED-AND-NOT-APPROVED-PROJECTS.pdf,1,2639.0,2017.0,2867.0,2048.0,0.7967
NNSUFFICENT FUNDS,2025-DUNDUMWEZI-APPROVED-AND-NOT-APPROVED-PROJECTS.pdf,1,2913.0,2017.0,3224.0,2048.0,0.8992
WATER,2025-DUNDUMWEZI-APPROVED-AND-NOT-APPROVED-PROJECTS.pdf,1,1967.0,2020.0,2067.0,2051.0,0.99991
DRILLING,2025-DUNDUMWEZI-APPROVED-AND-NOT-APPROVED-PROJECTS.pdf,1,2187.0,2020.0,2319.0,2051.0,0.99274
BBILILI,2025-DUNDUMWEZI-APPROVED-AND-NOT-APPROVED-PROJECTS.pdf,1,2466.0,2020.0,2569.0,2048.0,0.99127
39,2025-DUNDUMWEZI-APPROVED-AND-NOT-APPROVED-PROJECTS.pdf,1,422.0,2022.0,456.0,2054.0,0.99994
CHIBENGELELE COMMUNITY,2025-DUNDUMWEZI-APPROVED-AND-NOT-APPROVED-PROJECTS.pdf,1,518.0,2022.0,908.0,2054.0,0.82544
NOT APPROVED,2025-DUNDUMWEZI-APPROVED-AND-NOT-APPROVED-PROJECTS.pdf,1,2638.0,2054.0,2868.0,2090.0,0.9502
NNSUFFICEENT FUNDS,2025-DUNDUMWEZI-APPROVED-AND-NOT-APPROVED-PROJECTS.pdf,1,2913.0,2055.0,3224.0,2087.0,0.5942
DRILLING OF A BOREHOLE,2025-DUNDUMWEZI-APPROVED-AND-NOT-APPROVED-PROJECTS.pdf,1,1400.0,2058.0,1755.0,2089.0,0.92597
DRILLING,2025-DUNDUMWEZI-APPROVED-AND-NOT-APPROVED-PROJECTS.pdf,1,2187.0,2058.0,2319.0,2089.0,0.99976
BBILILI,2025-DUNDUMWEZI-APPROVED-AND-NOT-APPROVED-PROJECTS.pdf,1,2469.0,2058.0,2569.0,2089.0,0.88791
MUTUMBI COMMUNITY,2025-DUNDUMWEZI-APPROVED-AND-NOT-APPROVED-PROJECTS.pdf,1,521.0,2061.0,834.0,2092.0,0.99941
WATER,2025-DUNDUMWEZI-APPROVED-AND-NOT-APPROVED-PROJECTS.pdf,1,1967.0,2061.0,2067.0,2089.0,0.99267
40,2025-DUNDUMWEZI-APPROVED-AND-NOT-APPROVED-PROJECTS.pdf,1,422.0,2063.0,456.0,2092.0,0.80106
NNSUFFICENT FUNDS,2025-DUNDUMWEZI-APPROVED-AND-NOT-APPROVED-PROJECTS.pdf,1,2912.0,2092.0,3225.0,2129.0,0.66366
DRILLING OF A BOREHOLE,2025-DUNDUMWEZI-APPROVED-AND-NOT-APPROVED-PROJECTS.pdf,1,1400.0,2096.0,1755.0,2128.0,0.85275
NOT APPROVED,2025-DUNDUMWEZI-APPROVED-AND-NOT-APPROVED-PROJECTS.pdf,1,2639.0,2096.0,2870.0,2128.0,0.80153
WATER,2025-DUNDUMWEZI-APPROVED-AND-NOT-APPROVED-PROJECTS.pdf,1,1967.0,2099.0,2067.0,2130.0,0.58712
DRILLING,2025-DUNDUMWEZI-APPROVED-AND-NOT-APPROVED-PROJECTS.pdf,1,2187.0,2099.0,2319.0,2130.0,0.88718
BBILILI,2025-DUNDUMWEZI-APPROVED-AND-NOT-APPROVED-PROJECTS.pdf,1,2469.0,2099.0,2569.0,2128.0,0.96669
MABOMBO HILLSIDE,2025-DUNDUMWEZI-APPROVED-AND-NOT-APPROVED-PROJECTS.pdf,1,521.0,2102.0,799.0,2133.0,0.97928
4,2025-DUNDUMWEZI-APPROVED-AND-NOT-APPROVED-PROJECTS.pdf,1,426.0,2108.0,442.0,2132.0,1.0
INSUFFICEENT FUNDS,2025-DUNDUMWEZI-APPROVED-AND-NOT-APPROVED-PROJECTS.pdf,1,2914.0,2134.0,3225.0,2170.0,0.49078
CONSTRUCTION OF CRB,2025-DUNDUMWEZI-APPROVED-AND-NOT-APPROVED-PROJECTS.pdf,1,1398.0,2137.0,1722.0,2169.0,0.70224
DRILLING,2025-DUNDUMWEZI-APPROVED-AND-NOT-APPROVED-PROJECTS.pdf,1,2187.0,2137.0,2319.0,2169.0,0.99987
BBILILI,2025-DUNDUMWEZI-APPROVED-AND-NOT-APPROVED-PROJECTS.pdf,1,2469.0,2137.0,2569.0,2169.0,0.98991
NOT APPROVED,2025-DUNDUMWEZI-APPROVED-AND-NOT-APPROVED-PROJECTS.pdf,1,2639.0,2137.0,2870.0,2169.0,0.93188
WATER,2025-DUNDUMWEZI-APPROVED-AND-NOT-APPROVED-PROJECTS.pdf,1,1967.0,2140.0,2067.0,2169.0,0.99996
42,2025-DUNDUMWEZI-APPROVED-AND-NOT-APPROVED-PROJECTS.pdf,1,422.0,2143.0,454.0,2174.0,0.99996
BBILILI BASIC SCHOOL,2025-DUNDUMWEZI-APPROVED-AND-NOT-APPROVED-PROJECTS.pdf,1,521.0,2143.0,823.0,2174.0,0.89361
Solar Pump,2025-DUNDUMWEZI-APPROVED-AND-NOT-APPROVED-PROJECTS.pdf,1,2186.0,2175.0,2346.0,2217.0,0.99928
Installation Of A Solar Pump,2025-DUNDUMWEZI-APPROVED-AND-NOT-APPROVED-PROJECTS.pdf,1,1399.0,2177.0,1782.0,2217.0,0.89472
Water,2025-DUNDUMWEZI-APPROVED-AND-NOT-APPROVED-PROJECTS.pdf,1,1977.0,2177.0,2066.0,2214.0,0.93602
Nazibbula Solar Pump,2025-DUNDUMWEZI-APPROVED-AND-NOT-APPROVED-PROJECTS.pdf,1,511.0,2178.0,808.0,2223.0,0.92702
Bbilili,2025-DUNDUMWEZI-APPROVED-AND-NOT-APPROVED-PROJECTS.pdf,1,2469.0,2178.0,2544.0,2210.0,0.99999
APPROVED,2025-DUNDUMWEZI-APPROVED-AND-NOT-APPROVED-PROJECTS.pdf,1,2641.0,2178.0,2780.0,2210.0,0.99998
NA,2025-DUNDUMWEZI-APPROVED-AND-NOT-APPROVED-PROJECTS.pdf,1,2915.0,2178.0,2958.0,2210.0,0.99997
4,2025-DUNDUMWEZI-APPROVED-AND-NOT-APPROVED-PROJECTS.pdf,1,426.0,2188.0,447.0,2217.0,1.0
Bbilili,2025-DUNDUMWEZI-APPROVED-AND-NOT-APPROVED-PROJECTS.pdf,1,2468.0,2216.0,2545.0,2252.0,0.9772
APPROVED,2025-DUNDUMWEZI-APPROVED-AND-NOT-APPROVED-PROJECTS.pdf,1,2640.0,2216.0,2781.0,2252.0,0.99992
Construction Of A 1x2 CRB,2025-DUNDUMWEZI-APPROVED-AND-NOT-APPROVED-PROJECTS.pdf,1,1399.0,2219.0,1761.0,2257.0,0.90038
Education,2025-DUNDUMWEZI-APPROVED-AND-NOT-APPROVED-PROJECTS.pdf,1,1975.0,2219.0,2115.0,2255.0,0.66014
Classroom Block,2025-DUNDUMWEZI-APPROVED-AND-NOT-APPROVED-PROJECTS.pdf,1,2188.0,2219.0,2411.0,2255.0,0.94009
NA,2025-DUNDUMWEZI-APPROVED-AND-NOT-APPROVED-PROJECTS.pdf,1,2915.0,2220.0,2958.0,2248.0,0.99992
1x2 CRB At Nsalali Primary School,2025-DUNDUMWEZI-APPROVED-AND-NOT-APPROVED-PROJECTS.pdf,1,512.0,2221.0,970.0,2260.0,0.74741
5,2025-DUNDUMWEZI-APPROVED-AND-NOT-APPROVED-PROJECTS.pdf,1,429.0,2226.0,447.0,2258.0,1.0
APPROVED,2025-DUNDUMWEZI-APPROVED-AND-NOT-APPROVED-PROJECTS.pdf,2,2630.0,200.0,2771.0,232.0,0.99976
NA,2025-DUNDUMWEZI-APPROVED-AND-NOT-APPROVED-PROJECTS.pdf,2,2910.0,200.0,2950.0,232.0,0.99998
Irrigation System,2025-DUNDUMWEZI-APPROVED-AND-NOT-APPROVED-PROJECTS.pdf,2,2177.0,202.0,2414.0,243.0,0.98116
Bbilili,2025-DUNDUMWEZI-APPROVED-AND-NOT-APPROVED-PROJECTS.pdf,2,2461.0,203.0,2536.0,234.0,0.99999
Installation Of Lrrigation System,2025-DUNDUMWEZI-APPROVED-AND-NOT-APPROVED-PROJECTS.pdf,2,1388.0,205.0,1822.0,246.0,0.35217
Agriculture,2025-DUNDUMWEZI-APPROVED-AND-NOT-APPROVED-PROJECTS.pdf,2,1966.0,205.0,2120.0,241.0,0.96917
Lrrigation System At Nangubo Dam,2025-DUNDUMWEZI-APPROVED-AND-NOT-APPROVED-PROJECTS.pdf,2,492.0,212.0,967.0,255.0,0.54507
6,2025-DUNDUMWEZI-APPROVED-AND-NOT-APPROVED-PROJECTS.pdf,2,409.0,223.0,428.0,250.0,1.0
@,2025-DUNDUMWEZI-APPROVED-AND-NOT-APPROVED-PROJECTS.pdf,2,2907.0,235.0,2959.0,358.0,0.01478
Staff House,2025-DUNDUMWEZI-APPROVED-AND-NOT-APPROVED-PROJECTS.pdf,2,2177.0,240.0,2340.0,279.0,0.99986
Bbilili,2025-DUNDUMWEZI-APPROVED-AND-NOT-APPROVED-PROJECTS.pdf,2,2461.0,241.0,2536.0,273.0,0.99998
APPROVED,2025-DUNDUMWEZI-APPROVED-AND-NOT-APPROVED-PROJECTS.pdf,2,2630.0,241.0,2771.0,273.0,0.99996
Education,2025-DUNDUMWEZI-APPROVED-AND-NOT-APPROVED-PROJECTS.pdf,2,1966.0,243.0,2104.0,279.0,0.99996
Construction Of A Staff House,2025-DUNDUMWEZI-APPROVED-AND-NOT-APPROVED-PROJECTS.pdf,2,1391.0,245.0,1795.0,287.0,0.91786
[Staff House Nabusanga Primary School,2025-DUNDUMWEZI-APPROVED-AND-NOT-APPROVED-PROJECTS.pdf,2,491.0,251.0,1022.0,294.0,0.43526
Secondary School,2025-DUNDUMWEZI-APPROVED-AND-NOT-APPROVED-PROJECTS.pdf,2,2177.0,279.0,2422.0,321.0,0.86602
Bbilili,2025-DUNDUMWEZI-APPROVED-AND-NOT-APPROVED-PROJECTS.pdf,2,2460.0,279.0,2537.0,315.0,0.99998
APPROVED,2025-DUNDUMWEZI-APPROVED-AND-NOT-APPROVED-PROJECTS.pdf,2,2630.0,280.0,2771.0,311.0,0.99986
Completion Of A Secondary School,2025-DUNDUMWEZI-APPROVED-AND-NOT-APPROVED-PROJECTS.pdf,2,1391.0,284.0,1860.0,326.0,0.79837
Education,2025-DUNDUMWEZI-APPROVED-AND-NOT-APPROVED-PROJECTS.pdf,2,1967.0,285.0,2106.0,317.0,0.99998
Completion Of Staff house Kalembela Primary School,2025-DUNDUMWEZI-APPROVED-AND-NOT-APPROVED-PROJECTS.pdf,2,494.0,287.0,1209.0,338.0,0.62378
8,2025-DUNDUMWEZI-APPROVED-AND-NOT-APPROVED-PROJECTS.pdf,2,412.0,300.0,431.0,329.0,0.88757
APPROVED,2025-DUNDUMWEZI-APPROVED-AND-NOT-APPROVED-PROJECTS.pdf,2,2632.0,315.0,2776.0,354.0,0.99977
Chamuka,2025-DUNDUMWEZI-APPROVED-AND-NOT-APPROVED-PROJECTS.pdf,2,2461.0,321.0,2588.0,352.0,0.97271
Education,2025-DUNDUMWEZI-APPROVED-AND-NOT-APPROVED-PROJECTS.pdf,2,1966.0,323.0,2107.0,359.0,0.99996
Classroom Block,2025-DUNDUMWEZI-APPROVED-AND-NOT-APPROVED-PROJECTS.pdf,2,2180.0,323.0,2403.0,359.0,0.72695
Construction Of A Classroom Block,2025-DUNDUMWEZI-APPROVED-AND-NOT-APPROVED-PROJECTS.pdf,2,1391.0,324.0,1857.0,366.0,0.96395
Moopo 1x2 CRB,2025-DUNDUMWEZI-APPROVED-AND-NOT-APPROVED-PROJECTS.pdf,2,494.0,334.0,718.0,377.0,0.7624
9,2025-DUNDUMWEZI-APPROVED-AND-NOT-APPROVED-PROJECTS.pdf,2,412.0,341.0,431.0,368.0,1.0
NA,2025-DUNDUMWEZI-APPROVED-AND-NOT-APPROVED-PROJECTS.pdf,2,2912.0,355.0,2953.0,392.0,0.99981
Chamuka,2025-DUNDUMWEZI-APPROVED-AND-NOT-APPROVED-PROJECTS.pdf,2,2462.0,358.0,2592.0,394.0,0.99999
APPROVED,2025-DUNDUMWEZI-APPROVED-AND-NOT-APPROVED-PROJECTS.pdf,2,2633.0,359.0,2774.0,391.0,0.96919
Education,2025-DUNDUMWEZI-APPROVED-AND-NOT-APPROVED-PROJECTS.pdf,2,1969.0,361.0,2107.0,397.0,0.99999
Staff House,2025-DUNDUMWEZI-APPROVED-AND-NOT-APPROVED-PROJECTS.pdf,2,2177.0,361.0,2340.0,397.0,0.9494
Construction Of A Staff House,2025-DUNDUMWEZI-APPROVED-AND-NOT-APPROVED-PROJECTS.pdf,2,1391.0,364.0,1794.0,403.0,0.5217
Construction Siantete Staff House,2025-DUNDUMWEZI-APPROVED-AND-NOT-APPROVED-PROJECTS.pdf,2,495.0,372.0,953.0,411.0,0.73655
10,2025-DUNDUMWEZI-APPROVED-AND-NOT-APPROVED-PROJECTS.pdf,2,408.0,378.0,448.0,410.0,0.99997
Boreholes,2025-DUNDUMWEZI-APPROVED-AND-NOT-APPROVED-PROJECTS.pdf,2,2188.0,397.0,2329.0,439.0,0.99993
NA,2025-DUNDUMWEZI-APPROVED-AND-NOT-APPROVED-PROJECTS.pdf,2,2913.0,398.0,2952.0,429.0,0.72386
Chamuka,2025-DUNDUMWEZI-APPROVED-AND-NOT-APPROVED-PROJECTS.pdf,2,2463.0,400.0,2591.0,432.0,0.99937
APPROVED,2025-DUNDUMWEZI-APPROVED-AND-NOT-APPROVED-PROJECTS.pdf,2,2633.0,400.0,2774.0,432.0,0.99995
Drilling_Of Boreholes,2025-DUNDUMWEZI-APPROVED-AND-NOT-APPROVED-PROJECTS.pdf,2,1389.0,401.0,1675.0,451.0,0.77289
Water,2025-DUNDUMWEZI-APPROVED-AND-NOT-APPROVED-PROJECTS.pdf,2,1969.0,402.0,2057.0,438.0,0.99999
Drilling Qf 3 Boreholes,2025-DUNDUMWEZI-APPROVED-AND-NOT-APPROVED-PROJECTS.pdf,2,495.0,413.0,808.0,455.0,0.507
11,2025-DUNDUMWEZI-APPROVED-AND-NOT-APPROVED-PROJECTS.pdf,2,407.0,416.0,446.0,452.0,0.99999
Dip tanks,2025-DUNDUMWEZI-APPROVED-AND-NOT-APPROVED-PROJECTS.pdf,2,2199.0,440.0,2331.0,479.0,0.99988
Chamuka,2025-DUNDUMWEZI-APPROVED-AND-NOT-APPROVED-PROJECTS.pdf,2,2463.0,441.0,2591.0,473.0,0.99991
Procurement Of Chemicals For Dip tanks,2025-DUNDUMWEZI-APPROVED-AND-NOT-APPROVED-PROJECTS.pdf,2,1394.0,443.0,1937.0,482.0,0.9585
Livestock,2025-DUNDUMWEZI-APPROVED-AND-NOT-APPROVED-PROJECTS.pdf,2,1969.0,443.0,2101.0,479.0,0.74734
Dip `,2025-DUNDUMWEZI-APPROVED-AND-NOT-APPROVED-PROJECTS.pdf,2,689.42,451.14,750.58,495.86,0.4605
Chemicals For,2025-DUNDUMWEZI-APPROVED-AND-NOT-APPROVED-PROJECTS.pdf,2,498.0,454.0,693.0,490.0,0.90988
Tanks,2025-DUNDUMWEZI-APPROVED-AND-NOT-APPROVED-PROJECTS.pdf,2,748.0,455.0,832.0,486.0,0.99984
12,2025-DUNDUMWEZI-APPROVED-AND-NOT-APPROVED-PROJECTS.pdf,2,411.0,458.0,448.0,489.0,0.99999
APPROVED,2025-DUNDUMWEZI-APPROVED-AND-NOT-APPROVED-PROJECTS.pdf,2,2633.0,474.0,2774.0,506.0,0.99993
NA,2025-DUNDUMWEZI-APPROVED-AND-NOT-APPROVED-PROJECTS.pdf,2,2913.0,474.0,2952.0,503.0,0.99999
NNSUFFICENT FUNDS,2025-DUNDUMWEZI-APPROVED-AND-NOT-APPROVED-PROJECTS.pdf,2,2912.0,509.0,3219.0,545.0,0.95077
cONSTRUCTION,2025-DUNDUMWEZI-APPROVED-AND-NOT-APPROVED-PROJECTS.pdf,2,2177.0,515.0,2398.0,553.0,0.71065
NOT APPROVED,2025-DUNDUMWEZI-APPROVED-AND-NOT-APPROVED-PROJECTS.pdf,2,2633.0,515.0,2867.0,547.0,0.99956
CHAMUKA,2025-DUNDUMWEZI-APPROVED-AND-NOT-APPROVED-PROJECTS.pdf,2,2461.0,518.0,2607.0,549.0,0.83195
EDUCATION,2025-DUNDUMWEZI-APPROVED-AND-NOT-APPROVED-PROJECTS.pdf,2,1962.0,521.0,2125.0,552.0,0.99999
DRILLING OF A BOREHOLE,2025-DUNDUMWEZI-APPROVED-AND-NOT-APPROVED-PROJECTS.pdf,2,1391.0,523.0,1748.0,559.0,0.98511
BOREHOLE AT GUMBE B,2025-DUNDUMWEZI-APPROVED-AND-NOT-APPROVED-PROJECTS.pdf,2,530.0,530.0,860.0,568.0,0.84693
43,2025-DUNDUMWEZI-APPROVED-AND-NOT-APPROVED-PROJECTS.pdf,2,408.0,535.0,443.0,566.0,0.9998
A,2025-DUNDUMWEZI-APPROVED-AND-NOT-APPROVED-PROJECTS.pdf,2,511.0,541.0,527.0,565.0,0.9998
NNSUFFICEENT FUNDS,2025-DUNDUMWEZI-APPROVED-AND-NOT-APPROVED-PROJECTS.pdf,2,2912.0,550.0,3219.0,586.0,0.80249
NOT APPROVED,2025-DUNDUMWEZI-APPROVED-AND-NOT-APPROVED-PROJECTS.pdf,2,2632.0,553.0,2868.0,589.0,0.97971
CHAMUKA,2025-DUNDUMWEZI-APPROVED-AND-NOT-APPROVED-PROJECTS.pdf,2,2463.0,556.0,2607.0,588.0,0.99967
CONSTRUCTION,2025-DUNDUMWEZI-APPROVED-AND-NOT-APPROVED-PROJECTS.pdf,2,2181.0,559.0,2396.0,591.0,0.99902
CONSTRUCTION OF INCENERATOR,2025-DUNDUMWEZI-APPROVED-AND-NOT-APPROVED-PROJECTS.pdf,2,1391.0,561.0,1852.0,597.0,0.88852
HEALTH,2025-DUNDUMWEZI-APPROVED-AND-NOT-APPROVED-PROJECTS.pdf,2,1962.0,562.0,2076.0,591.0,0.99978
SIABUNKULULU RURAL HEALTH CENTRE,2025-DUNDUMWEZI-APPROVED-AND-NOT-APPROVED-PROJECTS.pdf,2,498.0,569.0,1049.0,605.0,0.96881
44,2025-DUNDUMWEZI-APPROVED-AND-NOT-APPROVED-PROJECTS.pdf,2,411.0,576.0,443.0,604.0,1.0
INSUFFICEENT FUNDS,2025-DUNDUMWEZI-APPROVED-AND-NOT-APPROVED-PROJECTS.pdf,2,2912.0,588.0,3222.0,624.0,0.63103
NOT APPROVED,2025-DUNDUMWEZI-APPROVED-AND-NOT-APPROVED-PROJECTS.pdf,2,2633.0,595.0,2867.0,626.0,0.7723
CONSTRUCTION,2025-DUNDUMWEZI-APPROVED-AND-NOT-APPROVED-PROJECTS.pdf,2,2181.0,598.0,2396.0,629.0,0.99886
CHAMUKA,2025-DUNDUMWEZI-APPROVED-AND-NOT-APPROVED-PROJECTS.pdf,2,2463.0,598.0,2607.0,629.0,0.84742
HEALTH,2025-DUNDUMWEZI-APPROVED-AND-NOT-APPROVED-PROJECTS.pdf,2,1962.0,600.0,2076.0,632.0,0.99995
CONSTRUCTION OF HEALTH POST,2025-DUNDUMWEZI-APPROVED-AND-NOT-APPROVED-PROJECTS.pdf,2,1391.0,601.0,1844.0,638.0,0.91627
KATAMBWELA RURAL HEALTH POST,2025-DUNDUMWEZI-APPROVED-AND-NOT-APPROVED-PROJECTS.pdf,2,498.0,607.0,994.0,644.0,0.89869
45,2025-DUNDUMWEZI-APPROVED-AND-NOT-APPROVED-PROJECTS.pdf,2,411.0,614.0,443.0,643.0,0.99999
INSUFFICENT FUNDS,2025-DUNDUMWEZI-APPROVED-AND-NOT-APPROVED-PROJECTS.pdf,2,2911.0,627.0,3222.0,666.0,0.91752
NOT APPROVED,2025-DUNDUMWEZI-APPROVED-AND-NOT-APPROVED-PROJECTS.pdf,2,2631.0,631.0,2868.0,670.0,0.85951
CONSTRUCTION,2025-DUNDUMWEZI-APPROVED-AND-NOT-APPROVED-PROJECTS.pdf,2,2180.0,633.0,2400.0,672.0,0.99987
CHAMUKA,2025-DUNDUMWEZI-APPROVED-AND-NOT-APPROVED-PROJECTS.pdf,2,2463.0,636.0,2610.0,667.0,0.99994
A HEALTH CENTRE,2025-DUNDUMWEZI-APPROVED-AND-NOT-APPROVED-PROJECTS.pdf,2,1658.0,641.0,1908.0,673.0,0.80708
HEALTH,2025-DUNDUMWEZI-APPROVED-AND-NOT-APPROVED-PROJECTS.pdf,2,1962.0,641.0,2076.0,670.0,0.99945
CONSTRUCTION OF,2025-DUNDUMWEZI-APPROVED-AND-NOT-APPROVED-PROJECTS.pdf,2,1395.0,644.0,1651.0,676.0,0.97908
SICHIMBWALI COMMUNITY,2025-DUNDUMWEZI-APPROVED-AND-NOT-APPROVED-PROJECTS.pdf,2,498.0,649.0,868.0,685.0,0.82585
46,2025-DUNDUMWEZI-APPROVED-AND-NOT-APPROVED-PROJECTS.pdf,2,412.0,659.0,444.0,680.0,0.99997
NNSUFFICEENT FUNDS,2025-DUNDUMWEZI-APPROVED-AND-NOT-APPROVED-PROJECTS.pdf,2,2912.0,668.0,3222.0,704.0,0.62812
NOT APPROVED,2025-DUNDUMWEZI-APPROVED-AND-NOT-APPROVED-PROJECTS.pdf,2,2632.0,671.0,2868.0,707.0,0.99462
CHAMUKA,2025-DUNDUMWEZI-APPROVED-AND-NOT-APPROVED-PROJECTS.pdf,2,2463.0,674.0,2610.0,706.0,0.9964
CONSTRUCTION,2025-DUNDUMWEZI-APPROVED-AND-NOT-APPROVED-PROJECTS.pdf,2,2181.0,677.0,2399.0,708.0,0.99972
CONSTRUCTION OF A IX3 CRB,2025-DUNDUMWEZI-APPROVED-AND-NOT-APPROVED-PROJECTS.pdf,2,1394.0,679.0,1797.0,715.0,0.89344
EDUCATION,2025-DUNDUMWEZI-APPROVED-AND-NOT-APPROVED-PROJECTS.pdf,2,1962.0,680.0,2128.0,711.0,0.70944
MOOPO COMMUNITY,2025-DUNDUMWEZI-APPROVED-AND-NOT-APPROVED-PROJECTS.pdf,2,499.0,691.0,785.0,722.0,0.99847
47,2025-DUNDUMWEZI-APPROVED-AND-NOT-APPROVED-PROJECTS.pdf,2,414.0,696.0,443.0,722.0,0.99999
INSUFFICEENT FUNDS,2025-DUNDUMWEZI-APPROVED-AND-NOT-APPROVED-PROJECTS.pdf,2,2912.0,709.0,3222.0,745.0,0.59448
CONSTRUCTION,2025-DUNDUMWEZI-APPROVED-AND-NOT-APPROVED-PROJECTS.pdf,2,2180.0,713.0,2400.0,751.0,0.99939
NOT APPROVED,2025-DUNDUMWEZI-APPROVED-AND-NOT-APPROVED-PROJECTS.pdf,2,2633.0,713.0,2867.0,744.0,0.94569
CHAMUKA,2025-DUNDUMWEZI-APPROVED-AND-NOT-APPROVED-PROJECTS.pdf,2,2463.0,715.0,2610.0,747.0,0.99956
HEALTH,2025-DUNDUMWEZI-APPROVED-AND-NOT-APPROVED-PROJECTS.pdf,2,1962.0,718.0,2078.0,749.0,0.99998
CONTRUCTION OF A MOTHER'S SHELTER,2025-DUNDUMWEZI-APPROVED-AND-NOT-APPROVED-PROJECTS.pdf,2,1394.0,720.0,1934.0,756.0,0.92788
SIABUNKULULU RURAL HEALTH CENTRE,2025-DUNDUMWEZI-APPROVED-AND-NOT-APPROVED-PROJECTS.pdf,2,498.0,725.0,1052.0,764.0,0.99893
48,2025-DUNDUMWEZI-APPROVED-AND-NOT-APPROVED-PROJECTS.pdf,2,411.0,732.0,445.0,760.0,1.0
NNSUFFICENT FUNDS,2025-DUNDUMWEZI-APPROVED-AND-NOT-APPROVED-PROJECTS.pdf,2,2912.0,747.0,3222.0,783.0,0.89786
NOT APPROVED,2025-DUNDUMWEZI-APPROVED-AND-NOT-APPROVED-PROJECTS.pdf,2,2635.0,750.0,2868.0,786.0,0.86386
CHAMUKA,2025-DUNDUMWEZI-APPROVED-AND-NOT-APPROVED-PROJECTS.pdf,2,2463.0,754.0,2610.0,785.0,0.99972
CONSTRUCTION,2025-DUNDUMWEZI-APPROVED-AND-NOT-APPROVED-PROJECTS.pdf,2,2184.0,756.0,2399.0,788.0,0.99975
CONSTRUCTION OF 4 STAFF HOUSES,2025-DUNDUMWEZI-APPROVED-AND-NOT-APPROVED-PROJECTS.pdf,2,1394.0,758.0,1877.0,794.0,0.72608
HEALTH,2025-DUNDUMWEZI-APPROVED-AND-NOT-APPROVED-PROJECTS.pdf,2,1962.0,759.0,2078.0,788.0,0.99668
SIABUNKULULU RURAL HEALTH CENTRE,2025-DUNDUMWEZI-APPROVED-AND-NOT-APPROVED-PROJECTS.pdf,2,501.0,766.0,1052.0,803.0,0.91459
49,2025-DUNDUMWEZI-APPROVED-AND-NOT-APPROVED-PROJECTS.pdf,2,411.0,773.0,445.0,802.0,1.0
INSUFFICIENT FUNDS,2025-DUNDUMWEZI-APPROVED-AND-NOT-APPROVED-PROJECTS.pdf,2,2913.0,789.0,3221.0,821.0,0.58918
NOT APPROVED,2025-DUNDUMWEZI-APPROVED-AND-NOT-APPROVED-PROJECTS.pdf,2,2636.0,792.0,2870.0,823.0,0.8363
DRILLING,2025-DUNDUMWEZI-APPROVED-AND-NOT-APPROVED-PROJECTS.pdf,2,2184.0,795.0,2317.0,826.0,0.96823
CHAMUKA,2025-DUNDUMWEZI-APPROVED-AND-NOT-APPROVED-PROJECTS.pdf,2,2463.0,795.0,2610.0,826.0,0.56198
SOLAR BOREHOLE,2025-DUNDUMWEZI-APPROVED-AND-NOT-APPROVED-PROJECTS.pdf,2,1394.0,799.0,1644.0,835.0,0.9989
WATER,2025-DUNDUMWEZI-APPROVED-AND-NOT-APPROVED-PROJECTS.pdf,2,1965.0,800.0,2065.0,829.0,0.99995
ISIABUNKULULU RURAL HEALTH CENTRE,2025-DUNDUMWEZI-APPROVED-AND-NOT-APPROVED-PROJECTS.pdf,2,498.0,805.0,1052.0,841.0,0.75288
50,2025-DUNDUMWEZI-APPROVED-AND-NOT-APPROVED-PROJECTS.pdf,2,414.0,811.0,445.0,840.0,0.96337
INSUFFICEENT FUNDS,2025-DUNDUMWEZI-APPROVED-AND-NOT-APPROVED-PROJECTS.pdf,2,2914.0,827.0,3222.0,863.0,0.49308
NOT APPROVED,2025-DUNDUMWEZI-APPROVED-AND-NOT-APPROVED-PROJECTS.pdf,2,2635.0,829.0,2871.0,866.0,0.68124
CHAMUKA,2025-DUNDUMWEZI-APPROVED-AND-NOT-APPROVED-PROJECTS.pdf,2,2463.0,833.0,2610.0,865.0,0.99992
DRILLING,2025-DUNDUMWEZI-APPROVED-AND-NOT-APPROVED-PROJECTS.pdf,2,2184.0,836.0,2317.0,867.0,0.99128
WATER,2025-DUNDUMWEZI-APPROVED-AND-NOT-APPROVED-PROJECTS.pdf,2,1965.0,839.0,2067.0,867.0,0.9853
DRILLING OF A BOREHOLE,2025-DUNDUMWEZI-APPROVED-AND-NOT-APPROVED-PROJECTS.pdf,2,1395.0,841.0,1750.0,873.0,0.76924
MUKOMA COMMUNITY,2025-DUNDUMWEZI-APPROVED-AND-NOT-APPROVED-PROJECTS.pdf,2,501.0,844.0,817.0,882.0,0.78147
5,2025-DUNDUMWEZI-APPROVED-AND-NOT-APPROVED-PROJECTS.pdf,2,419.0,854.0,427.0,876.0,0.60168
INSUFFICENT FUNDS,2025-DUNDUMWEZI-APPROVED-AND-NOT-APPROVED-PROJECTS.pdf,2,2914.0,865.0,3225.0,904.0,0.83477
NOT APPROVED,2025-DUNDUMWEZI-APPROVED-AND-NOT-APPROVED-PROJECTS.pdf,2,2636.0,872.0,2870.0,903.0,0.99991
CHAMUKA,2025-DUNDUMWEZI-APPROVED-AND-NOT-APPROVED-PROJECTS.pdf,2,2466.0,874.0,2613.0,906.0,0.99982
WATER,2025-DUNDUMWEZI-APPROVED-AND-NOT-APPROVED-PROJECTS.pdf,2,1965.0,877.0,2067.0,908.0,0.99992
DRILLING,2025-DUNDUMWEZI-APPROVED-AND-NOT-APPROVED-PROJECTS.pdf,2,2184.0,877.0,2317.0,906.0,0.99994
DRILLING OF A BOREHOLE,2025-DUNDUMWEZI-APPROVED-AND-NOT-APPROVED-PROJECTS.pdf,2,1397.0,879.0,1753.0,915.0,0.9864
COMMUNITY,2025-DUNDUMWEZI-APPROVED-AND-NOT-APPROVED-PROJECTS.pdf,2,693.0,888.0,870.0,919.0,0.99952
52,2025-DUNDUMWEZI-APPROVED-AND-NOT-APPROVED-PROJECTS.pdf,2,414.0,891.0,445.0,922.0,1.0
SICHIMBWALI,2025-DUNDUMWEZI-APPROVED-AND-NOT-APPROVED-PROJECTS.pdf,2,499.0,891.0,695.0,922.0,0.93986
INSUFFICEENT FUNDS,2025-DUNDUMWEZI-APPROVED-AND-NOT-APPROVED-PROJECTS.pdf,2,2914.0,905.0,3225.0,943.0,0.68129
NOT APPROVED,2025-DUNDUMWEZI-APPROVED-AND-NOT-APPROVED-PROJECTS.pdf,2,2635.0,909.0,2871.0,945.0,0.99987
CHAMUKA,2025-DUNDUMWEZI-APPROVED-AND-NOT-APPROVED-PROJECTS.pdf,2,2465.0,910.0,2614.0,948.0,0.99403
CONSTRUCTION,2025-DUNDUMWEZI-APPROVED-AND-NOT-APPROVED-PROJECTS.pdf,2,2183.0,913.0,2403.0,951.0,0.99968
SANITATION,2025-DUNDUMWEZI-APPROVED-AND-NOT-APPROVED-PROJECTS.pdf,2,1962.0,918.0,2133.0,949.0,0.64802
CONSTRUCTION OF ABLUTION BLOCK,2025-DUNDUMWEZI-APPROVED-AND-NOT-APPROVED-PROJECTS.pdf,2,1393.0,919.0,1901.0,957.0,0.73521
(SIABUAKULULU PRIMARY SCHOOL,2025-DUNDUMWEZI-APPROVED-AND-NOT-APPROVED-PROJECTS.pdf,2,498.0,925.0,972.0,964.0,0.53912
53,2025-DUNDUMWEZI-APPROVED-AND-NOT-APPROVED-PROJECTS.pdf,2,414.0,932.0,445.0,960.0,0.9999
INSUFFICEENT FUNDS,2025-DUNDUMWEZI-APPROVED-AND-NOT-APPROVED-PROJECTS.pdf,2,2914.0,947.0,3225.0,983.0,0.47208
NOT APPROVED,2025-DUNDUMWEZI-APPROVED-AND-NOT-APPROVED-PROJECTS.pdf,2,2635.0,950.0,2871.0,986.0,0.99951
CHAMUKA,2025-DUNDUMWEZI-APPROVED-AND-NOT-APPROVED-PROJECTS.pdf,2,2466.0,954.0,2613.0,985.0,0.99989
DRILLING,2025-DUNDUMWEZI-APPROVED-AND-NOT-APPROVED-PROJECTS.pdf,2,2184.0,956.0,2319.0,988.0,0.99993
WATER,2025-DUNDUMWEZI-APPROVED-AND-NOT-APPROVED-PROJECTS.pdf,2,1965.0,959.0,2067.0,988.0,0.99989
DRILLING OF A BOREHOLE,2025-DUNDUMWEZI-APPROVED-AND-NOT-APPROVED-PROJECTS.pdf,2,1398.0,962.0,1752.0,993.0,0.49585
IAMUSUTE VILLAGE,2025-DUNDUMWEZI-APPROVED-AND-NOT-APPROVED-PROJECTS.pdf,2,502.0,970.0,785.0,1002.0,0.86612
54,2025-DUNDUMWEZI-APPROVED-AND-NOT-APPROVED-PROJECTS.pdf,2,414.0,973.0,445.0,1002.0,1.0
NNSUFFICIENT FUNDS,2025-DUNDUMWEZI-APPROVED-AND-NOT-APPROVED-PROJECTS.pdf,2,2917.0,986.0,3225.0,1024.0,0.72265
NOT APPROVED,2025-DUNDUMWEZI-APPROVED-AND-NOT-APPROVED-PROJECTS.pdf,2,2635.0,991.0,2871.0,1027.0,0.98955
CHAMUKA,2025-DUNDUMWEZI-APPROVED-AND-NOT-APPROVED-PROJECTS.pdf,2,2466.0,995.0,2613.0,1026.0,0.99508
DRILLING,2025-DUNDUMWEZI-APPROVED-AND-NOT-APPROVED-PROJECTS.pdf,2,2187.0,998.0,2319.0,1026.0,0.99999
A BOREHOLE,2025-DUNDUMWEZI-APPROVED-AND-NOT-APPROVED-PROJECTS.pdf,2,1578.0,1000.0,1752.0,1032.0,0.9732
WATER,2025-DUNDUMWEZI-APPROVED-AND-NOT-APPROVED-PROJECTS.pdf,2,1965.0,1000.0,2067.0,1029.0,0.99961
DRILLING OF,2025-DUNDUMWEZI-APPROVED-AND-NOT-APPROVED-PROJECTS.pdf,2,1398.0,1003.0,1571.0,1032.0,0.98628
HANTETE VILLAGE,2025-DUNDUMWEZI-APPROVED-AND-NOT-APPROVED-PROJECTS.pdf,2,504.0,1009.0,760.0,1040.0,0.9997
55,2025-DUNDUMWEZI-APPROVED-AND-NOT-APPROVED-PROJECTS.pdf,2,414.0,1011.0,448.0,1043.0,0.99971
INSUFFICENT FUNDS,2025-DUNDUMWEZI-APPROVED-AND-NOT-APPROVED-PROJECTS.pdf,2,2917.0,1027.0,3225.0,1063.0,0.80854
NOT APPROVED,2025-DUNDUMWEZI-APPROVED-AND-NOT-APPROVED-PROJECTS.pdf,2,2635.0,1029.0,2871.0,1066.0,0.94712
CHAMUKA,2025-DUNDUMWEZI-APPROVED-AND-NOT-APPROVED-PROJECTS.pdf,2,2466.0,1033.0,2613.0,1065.0,0.99996
DRILLING,2025-DUNDUMWEZI-APPROVED-AND-NOT-APPROVED-PROJECTS.pdf,2,2187.0,1036.0,2319.0,1067.0,0.99987
WATER,2025-DUNDUMWEZI-APPROVED-AND-NOT-APPROVED-PROJECTS.pdf,2,1967.0,1039.0,2067.0,1070.0,0.9999
DRILLING OF,2025-DUNDUMWEZI-APPROVED-AND-NOT-APPROVED-PROJECTS.pdf,2,1398.0,1041.0,1571.0,1073.0,0.82578
A BOREHOLE,2025-DUNDUMWEZI-APPROVED-AND-NOT-APPROVED-PROJECTS.pdf,2,1578.0,1041.0,1752.0,1070.0,0.99976
56,2025-DUNDUMWEZI-APPROVED-AND-NOT-APPROVED-PROJECTS.pdf,2,414.0,1050.0,448.0,1081.0,0.99995
MAPULANGA VILLAGE,2025-DUNDUMWEZI-APPROVED-AND-NOT-APPROVED-PROJECTS.pdf,2,502.0,1050.0,810.0,1081.0,0.61888
INSUFFICIENT FUNDS,2025-DUNDUMWEZI-APPROVED-AND-NOT-APPROVED-PROJECTS.pdf,2,2917.0,1065.0,3225.0,1104.0,0.92789
NOT APPROVED,2025-DUNDUMWEZI-APPROVED-AND-NOT-APPROVED-PROJECTS.pdf,2,2639.0,1072.0,2870.0,1103.0,0.9994
CONSTRUCTION,2025-DUNDUMWEZI-APPROVED-AND-NOT-APPROVED-PROJECTS.pdf,2,2183.0,1073.0,2403.0,1110.0,0.80444
CHAMUKA,2025-DUNDUMWEZI-APPROVED-AND-NOT-APPROVED-PROJECTS.pdf,2,2466.0,1074.0,2613.0,1106.0,0.83134
WATER,2025-DUNDUMWEZI-APPROVED-AND-NOT-APPROVED-PROJECTS.pdf,2,1965.0,1077.0,2067.0,1108.0,0.96652
CONSTRUCTION OF DAM,2025-DUNDUMWEZI-APPROVED-AND-NOT-APPROVED-PROJECTS.pdf,2,1396.0,1078.0,1726.0,1115.0,0.92839
SIABUNKULULU,2025-DUNDUMWEZI-APPROVED-AND-NOT-APPROVED-PROJECTS.pdf,2,502.0,1088.0,725.0,1119.0,0.96472
INSUFFICEENT FUNDS,2025-DUNDUMWEZI-APPROVED-AND-NOT-APPROVED-PROJECTS.pdf,2,2914.0,1106.0,3225.0,1142.0,0.58284
NOT APPROVED,2025-DUNDUMWEZI-APPROVED-AND-NOT-APPROVED-PROJECTS.pdf,2,2638.0,1109.0,2874.0,1145.0,0.88865
CHAMUKA,2025-DUNDUMWEZI-APPROVED-AND-NOT-APPROVED-PROJECTS.pdf,2,2469.0,1113.0,2613.0,1144.0,0.99923
DRILLING,2025-DUNDUMWEZI-APPROVED-AND-NOT-APPROVED-PROJECTS.pdf,2,2187.0,1115.0,2319.0,1144.0,0.77116
DRILLING OF A BOREHOLE,2025-DUNDUMWEZI-APPROVED-AND-NOT-APPROVED-PROJECTS.pdf,2,1399.0,1117.0,1753.0,1153.0,0.74879
WATER,2025-DUNDUMWEZI-APPROVED-AND-NOT-APPROVED-PROJECTS.pdf,2,1967.0,1118.0,2067.0,1147.0,0.99992
NACHINGONI COMMUNITY,2025-DUNDUMWEZI-APPROVED-AND-NOT-APPROVED-PROJECTS.pdf,2,502.0,1126.0,862.0,1158.0,0.73606
58,2025-DUNDUMWEZI-APPROVED-AND-NOT-APPROVED-PROJECTS.pdf,2,417.0,1132.0,448.0,1158.0,1.0
INSUFFICIENT FUNDS,2025-DUNDUMWEZI-APPROVED-AND-NOT-APPROVED-PROJECTS.pdf,2,2917.0,1144.0,3225.0,1182.0,0.81706
NOT APPROVED,2025-DUNDUMWEZI-APPROVED-AND-NOT-APPROVED-PROJECTS.pdf,2,2635.0,1145.0,2875.0,1186.0,0.99948
DRILLING,2025-DUNDUMWEZI-APPROVED-AND-NOT-APPROVED-PROJECTS.pdf,2,2187.0,1154.0,2319.0,1185.0,0.66131
CHAMUKA,2025-DUNDUMWEZI-APPROVED-AND-NOT-APPROVED-PROJECTS.pdf,2,2466.0,1154.0,2615.0,1182.0,0.85368
WATER,2025-DUNDUMWEZI-APPROVED-AND-NOT-APPROVED-PROJECTS.pdf,2,1967.0,1156.0,2067.0,1188.0,0.99992
DRILLING OF A BOREHOLE,2025-DUNDUMWEZI-APPROVED-AND-NOT-APPROVED-PROJECTS.pdf,2,1400.0,1159.0,1752.0,1191.0,0.56757
HABALANGU-MUKAMPANDE VILLAGES,2025-DUNDUMWEZI-APPROVED-AND-NOT-APPROVED-PROJECTS.pdf,2,504.0,1165.0,1032.0,1196.0,0.99705
59,2025-DUNDUMWEZI-APPROVED-AND-NOT-APPROVED-PROJECTS.pdf,2,417.0,1167.0,448.0,1196.0,0.99997
INSUFFICENT FUNDS,2025-DUNDUMWEZI-APPROVED-AND-NOT-APPROVED-PROJECTS.pdf,2,2917.0,1186.0,3225.0,1222.0,0.94047
NOT APPROVED,2025-DUNDUMWEZI-APPROVED-AND-NOT-APPROVED-PROJECTS.pdf,2,2639.0,1189.0,2873.0,1221.0,0.81038
CHAMUKA,2025-DUNDUMWEZI-APPROVED-AND-NOT-APPROVED-PROJECTS.pdf,2,2469.0,1192.0,2615.0,1223.0,0.99986
WATER,2025-DUNDUMWEZI-APPROVED-AND-NOT-APPROVED-PROJECTS.pdf,2,1967.0,1195.0,2070.0,1226.0,0.99979
DRILLING,2025-DUNDUMWEZI-APPROVED-AND-NOT-APPROVED-PROJECTS.pdf,2,2189.0,1195.0,2319.0,1223.0,0.99964
DRILLING OF A BOREHOLE,2025-DUNDUMWEZI-APPROVED-AND-NOT-APPROVED-PROJECTS.pdf,2,1400.0,1198.0,1752.0,1229.0,0.9304
HUMBE COMMUNITY,2025-DUNDUMWEZI-APPROVED-AND-NOT-APPROVED-PROJECTS.pdf,2,504.0,1206.0,791.0,1237.0,0.91817
60,2025-DUNDUMWEZI-APPROVED-AND-NOT-APPROVED-PROJECTS.pdf,2,414.0,1209.0,451.0,1237.0,0.99816
NNSUFFICIENT FUNDS,2025-DUNDUMWEZI-APPROVED-AND-NOT-APPROVED-PROJECTS.pdf,2,2917.0,1224.0,3225.0,1260.0,0.77779
NOT APPROVED,2025-DUNDUMWEZI-APPROVED-AND-NOT-APPROVED-PROJECTS.pdf,2,2638.0,1227.0,2874.0,1263.0,0.99963
CHAMUKA,2025-DUNDUMWEZI-APPROVED-AND-NOT-APPROVED-PROJECTS.pdf,2,2469.0,1230.0,2615.0,1262.0,0.99983
DRILLING,2025-DUNDUMWEZI-APPROVED-AND-NOT-APPROVED-PROJECTS.pdf,2,2187.0,1233.0,2319.0,1265.0,0.99996
DRILLING OF A BOREHOLE,2025-DUNDUMWEZI-APPROVED-AND-NOT-APPROVED-PROJECTS.pdf,2,1399.0,1235.0,1753.0,1271.0,0.72353
WATER,2025-DUNDUMWEZI-APPROVED-AND-NOT-APPROVED-PROJECTS.pdf,2,1967.0,1236.0,2067.0,1267.0,0.88207
HAZEMA + VILLAGE,2025-DUNDUMWEZI-APPROVED-AND-NOT-APPROVED-PROJECTS.pdf,2,504.0,1244.0,771.0,1276.0,0.38352
5,2025-DUNDUMWEZI-APPROVED-AND-NOT-APPROVED-PROJECTS.pdf,2,420.0,1253.0,436.0,1275.0,0.99749
INSUFFICIENT FUNDS,2025-DUNDUMWEZI-APPROVED-AND-NOT-APPROVED-PROJECTS.pdf,2,2918.0,1266.0,3226.0,1297.0,0.84065
NOT APPROVED,2025-DUNDUMWEZI-APPROVED-AND-NOT-APPROVED-PROJECTS.pdf,2,2641.0,1269.0,2873.0,1300.0,0.99967
DRILLING,2025-DUNDUMWEZI-APPROVED-AND-NOT-APPROVED-PROJECTS.pdf,2,2189.0,1272.0,2319.0,1303.0,0.99998
CHAMUKA,2025-DUNDUMWEZI-APPROVED-AND-NOT-APPROVED-PROJECTS.pdf,2,2469.0,1272.0,2615.0,1303.0,0.99986
WATER,2025-DUNDUMWEZI-APPROVED-AND-NOT-APPROVED-PROJECTS.pdf,2,1967.0,1274.0,2070.0,1306.0,0.99992
DRILLING OF A BOREHOLE,2025-DUNDUMWEZI-APPROVED-AND-NOT-APPROVED-PROJECTS.pdf,2,1400.0,1277.0,1755.0,1308.0,0.8176
MALIKO COMMUNITY,2025-DUNDUMWEZI-APPROVED-AND-NOT-APPROVED-PROJECTS.pdf,2,507.0,1285.0,802.0,1317.0,0.92084
[NSUFFICEENT FUNDS,2025-DUNDUMWEZI-APPROVED-AND-NOT-APPROVED-PROJECTS.pdf,2,2920.0,1303.0,3227.0,1340.0,0.60632
NOT APPROVED,2025-DUNDUMWEZI-APPROVED-AND-NOT-APPROVED-PROJECTS.pdf,2,2640.0,1306.0,2874.0,1342.0,0.82522
DRILLING,2025-DUNDUMWEZI-APPROVED-AND-NOT-APPROVED-PROJECTS.pdf,2,2189.0,1313.0,2322.0,1344.0,0.99992
CHAMUKA,2025-DUNDUMWEZI-APPROVED-AND-NOT-APPROVED-PROJECTS.pdf,2,2469.0,1313.0,2615.0,1341.0,0.99974
WATER,2025-DUNDUMWEZI-APPROVED-AND-NOT-APPROVED-PROJECTS.pdf,2,1967.0,1315.0,2070.0,1347.0,0.99111
DRILLING OF A BOREHOLE,2025-DUNDUMWEZI-APPROVED-AND-NOT-APPROVED-PROJECTS.pdf,2,1400.0,1318.0,1755.0,1350.0,0.78156
MUGOLOLO VILLAGE,2025-DUNDUMWEZI-APPROVED-AND-NOT-APPROVED-PROJECTS.pdf,2,506.0,1323.0,797.0,1359.0,0.81358
[NSUFFICEENT FUNDS,2025-DUNDUMWEZI-APPROVED-AND-NOT-APPROVED-PROJECTS.pdf,2,2920.0,1345.0,3227.0,1381.0,0.48903
NOT APPROVED,2025-DUNDUMWEZI-APPROVED-AND-NOT-APPROVED-PROJECTS.pdf,2,2638.0,1347.0,2874.0,1383.0,0.95677
CHAMUKA,2025-DUNDUMWEZI-APPROVED-AND-NOT-APPROVED-PROJECTS.pdf,2,2469.0,1351.0,2615.0,1382.0,0.8335
WATER,2025-DUNDUMWEZI-APPROVED-AND-NOT-APPROVED-PROJECTS.pdf,2,1970.0,1354.0,2070.0,1385.0,0.99987
DRILLING,2025-DUNDUMWEZI-APPROVED-AND-NOT-APPROVED-PROJECTS.pdf,2,2189.0,1354.0,2319.0,1385.0,0.99993
DRILLING OF A BOREHOLE,2025-DUNDUMWEZI-APPROVED-AND-NOT-APPROVED-PROJECTS.pdf,2,1400.0,1356.0,1755.0,1388.0,0.94759
HAAMEJE VILLAGE,2025-DUNDUMWEZI-APPROVED-AND-NOT-APPROVED-PROJECTS.pdf,2,507.0,1365.0,747.0,1396.0,0.48788
INSUFFICIENT FUNDS,2025-DUNDUMWEZI-APPROVED-AND-NOT-APPROVED-PROJECTS.pdf,2,2920.0,1386.0,3227.0,1422.0,0.94405
NOT APPROVED,2025-DUNDUMWEZI-APPROVED-AND-NOT-APPROVED-PROJECTS.pdf,2,2641.0,1389.0,2873.0,1421.0,0.99993
1,2025-DUNDUMWEZI-APPROVED-AND-NOT-APPROVED-PROJECTS.pdf,2,375.0,1392.0,427.0,1799.0,0.37166
DRILLING,2025-DUNDUMWEZI-APPROVED-AND-NOT-APPROVED-PROJECTS.pdf,2,2189.0,1392.0,2322.0,1423.0,0.99524
CHAMUKA,2025-DUNDUMWEZI-APPROVED-AND-NOT-APPROVED-PROJECTS.pdf,2,2469.0,1392.0,2615.0,1423.0,0.99988
DRILLING OF A BOREHOLE,2025-DUNDUMWEZI-APPROVED-AND-NOT-APPROVED-PROJECTS.pdf,2,1403.0,1398.0,1755.0,1429.0,0.99657
WATER,2025-DUNDUMWEZI-APPROVED-AND-NOT-APPROVED-PROJECTS.pdf,2,1970.0,1398.0,2070.0,1426.0,0.99995
HABALELE COMMUNITY,2025-DUNDUMWEZI-APPROVED-AND-NOT-APPROVED-PROJECTS.pdf,2,507.0,1406.0,837.0,1437.0,0.77255
NNSUFFICEENT FUNDS,2025-DUNDUMWEZI-APPROVED-AND-NOT-APPROVED-PROJECTS.pdf,2,2920.0,1424.0,3227.0,1460.0,0.67989
NOT APPROVED,2025-DUNDUMWEZI-APPROVED-AND-NOT-APPROVED-PROJECTS.pdf,2,2640.0,1427.0,2877.0,1463.0,0.89159
3,2025-DUNDUMWEZI-APPROVED-AND-NOT-APPROVED-PROJECTS.pdf,2,144.0,1431.0,162.0,1464.0,0.48578
DRILLING,2025-DUNDUMWEZI-APPROVED-AND-NOT-APPROVED-PROJECTS.pdf,2,2189.0,1433.0,2322.0,1465.0,0.99476
CHAMUKA,2025-DUNDUMWEZI-APPROVED-AND-NOT-APPROVED-PROJECTS.pdf,2,2472.0,1433.0,2615.0,1462.0,0.86178
WATER,2025-DUNDUMWEZI-APPROVED-AND-NOT-APPROVED-PROJECTS.pdf,2,1970.0,1436.0,2070.0,1467.0,0.99996
DRILLING OF A BOREHOLE,2025-DUNDUMWEZI-APPROVED-AND-NOT-APPROVED-PROJECTS.pdf,2,1400.0,1439.0,1755.0,1470.0,0.76938
KATAMBO VILLAGE,2025-DUNDUMWEZI-APPROVED-AND-NOT-APPROVED-PROJECTS.pdf,2,507.0,1447.0,777.0,1478.0,0.76884
3,2025-DUNDUMWEZI-APPROVED-AND-NOT-APPROVED-PROJECTS.pdf,2,204.0,1448.0,285.0,1551.0,0.49978
INSUFFICEENT FUNDS,2025-DUNDUMWEZI-APPROVED-AND-NOT-APPROVED-PROJECTS.pdf,2,2919.0,1463.0,3227.0,1503.0,0.91756
NOT APPROVED,2025-DUNDUMWEZI-APPROVED-AND-NOT-APPROVED-PROJECTS.pdf,2,2640.0,1468.0,2877.0,1504.0,0.73295
CHAMUKA,2025-DUNDUMWEZI-APPROVED-AND-NOT-APPROVED-PROJECTS.pdf,2,2472.0,1472.0,2618.0,1503.0,0.99977
DRILLING,2025-DUNDUMWEZI-APPROVED-AND-NOT-APPROVED-PROJECTS.pdf,2,2189.0,1474.0,2322.0,1506.0,0.99998
DRILLING OF A BOREHOLE,2025-DUNDUMWEZI-APPROVED-AND-NOT-APPROVED-PROJECTS.pdf,2,1402.0,1476.0,1756.0,1512.0,0.96562
WATER,2025-DUNDUMWEZI-APPROVED-AND-NOT-APPROVED-PROJECTS.pdf,2,1970.0,1477.0,2070.0,1506.0,0.99996
KANGABALE VILLAGE,2025-DUNDUMWEZI-APPROVED-AND-NOT-APPROVED-PROJECTS.pdf,2,507.0,1485.0,810.0,1517.0,0.7049
INSUFFICIENT FUNDS,2025-DUNDUMWEZI-APPROVED-AND-NOT-APPROVED-PROJECTS.pdf,2,2921.0,1507.0,3226.0,1539.0,0.86161
NOT APPROVED,2025-DUNDUMWEZI-APPROVED-AND-NOT-APPROVED-PROJECTS.pdf,2,2641.0,1510.0,2876.0,1541.0,0.78402
DRILLING,2025-DUNDUMWEZI-APPROVED-AND-NOT-APPROVED-PROJECTS.pdf,2,2189.0,1513.0,2322.0,1544.0,0.99997
CHAMUKA,2025-DUNDUMWEZI-APPROVED-AND-NOT-APPROVED-PROJECTS.pdf,2,2472.0,1513.0,2618.0,1541.0,0.9999
WATER,2025-DUNDUMWEZI-APPROVED-AND-NOT-APPROVED-PROJECTS.pdf,2,1970.0,1515.0,2070.0,1544.0,0.99995
DRILLING OF A BOREHOLE,2025-DUNDUMWEZI-APPROVED-AND-NOT-APPROVED-PROJECTS.pdf,2,1403.0,1518.0,1755.0,1550.0,0.62687
SIKAALE VILLAGE,2025-DUNDUMWEZI-APPROVED-AND-NOT-APPROVED-PROJECTS.pdf,2,507.0,1526.0,755.0,1558.0,0.99843
8,2025-DUNDUMWEZI-APPROVED-AND-NOT-APPROVED-PROJECTS.pdf,2,434.0,1530.0,453.0,1554.0,1.0
INSUFFICENT FUNDS,2025-DUNDUMWEZI-APPROVED-AND-NOT-APPROVED-PROJECTS.pdf,2,2920.0,1545.0,3230.0,1581.0,0.85005
NOT APPROVED,2025-DUNDUMWEZI-APPROVED-AND-NOT-APPROVED-PROJECTS.pdf,2,2640.0,1547.0,2877.0,1583.0,0.71444
CHAMUKA,2025-DUNDUMWEZI-APPROVED-AND-NOT-APPROVED-PROJECTS.pdf,2,2472.0,1551.0,2618.0,1582.0,0.99968
2,2025-DUNDUMWEZI-APPROVED-AND-NOT-APPROVED-PROJECTS.pdf,2,220.0,1553.0,286.0,1657.0,0.20591
DRILLING,2025-DUNDUMWEZI-APPROVED-AND-NOT-APPROVED-PROJECTS.pdf,2,2189.0,1554.0,2322.0,1582.0,0.85581
DRILLING OF A BOREHOLE,2025-DUNDUMWEZI-APPROVED-AND-NOT-APPROVED-PROJECTS.pdf,2,1403.0,1556.0,1755.0,1588.0,0.89512
WATER,2025-DUNDUMWEZI-APPROVED-AND-NOT-APPROVED-PROJECTS.pdf,2,1970.0,1556.0,2073.0,1585.0,0.99991
HAVWABI VILLAGE,2025-DUNDUMWEZI-APPROVED-AND-NOT-APPROVED-PROJECTS.pdf,2,506.0,1562.0,772.0,1598.0,0.77514
INSUFFICIENT FUNDS,2025-DUNDUMWEZI-APPROVED-AND-NOT-APPROVED-PROJECTS.pdf,2,2920.0,1582.0,3231.0,1619.0,0.61164
NOT APPROVED,2025-DUNDUMWEZI-APPROVED-AND-NOT-APPROVED-PROJECTS.pdf,2,2640.0,1583.0,2877.0,1624.0,0.99288
DRILLING,2025-DUNDUMWEZI-APPROVED-AND-NOT-APPROVED-PROJECTS.pdf,2,2189.0,1592.0,2322.0,1623.0,0.99942
CHAMUKA,2025-DUNDUMWEZI-APPROVED-AND-NOT-APPROVED-PROJECTS.pdf,2,2472.0,1592.0,2618.0,1621.0,0.71202
DRILLING OF A BOREHOLE,2025-DUNDUMWEZI-APPROVED-AND-NOT-APPROVED-PROJECTS.pdf,2,1402.0,1594.0,1756.0,1630.0,0.90183
WATER,2025-DUNDUMWEZI-APPROVED-AND-NOT-APPROVED-PROJECTS.pdf,2,1973.0,1595.0,2073.0,1623.0,0.99987
KANTINI COMMUNITY,2025-DUNDUMWEZI-APPROVED-AND-NOT-APPROVED-PROJECTS.pdf,2,510.0,1603.0,807.0,1634.0,0.67923
0,2025-DUNDUMWEZI-APPROVED-AND-NOT-APPROVED-PROJECTS.pdf,2,434.0,1610.0,453.0,1633.0,0.99995
INSUFFICENT FUNDS,2025-DUNDUMWEZI-APPROVED-AND-NOT-APPROVED-PROJECTS.pdf,2,2920.0,1624.0,3230.0,1660.0,0.98564
NOT APPROVED,2025-DUNDUMWEZI-APPROVED-AND-NOT-APPROVED-PROJECTS.pdf,2,2640.0,1627.0,2877.0,1663.0,0.99652
DRILLING,2025-DUNDUMWEZI-APPROVED-AND-NOT-APPROVED-PROJECTS.pdf,2,2192.0,1630.0,2322.0,1662.0,0.99998
CHAMUKA,2025-DUNDUMWEZI-APPROVED-AND-NOT-APPROVED-PROJECTS.pdf,2,2472.0,1630.0,2618.0,1662.0,0.99983
WATER,2025-DUNDUMWEZI-APPROVED-AND-NOT-APPROVED-PROJECTS.pdf,2,1973.0,1633.0,2073.0,1665.0,0.99992
DRILLING OF A BOREHOLE,2025-DUNDUMWEZI-APPROVED-AND-NOT-APPROVED-PROJECTS.pdf,2,1403.0,1636.0,1758.0,1667.0,0.83598
[PASSMORE MUCHINDU,2025-DUNDUMWEZI-APPROVED-AND-NOT-APPROVED-PROJECTS.pdf,2,506.0,1640.0,819.0,1677.0,0.73526
=,2025-DUNDUMWEZI-APPROVED-AND-NOT-APPROVED-PROJECTS.pdf,2,213.0,1657.0,290.0,1740.0,0.76258
INSUFFICIENT FUNDS,2025-DUNDUMWEZI-APPROVED-AND-NOT-APPROVED-PROJECTS.pdf,2,2920.0,1662.0,3230.0,1698.0,0.61178
NOT APPROVED,2025-DUNDUMWEZI-APPROVED-AND-NOT-APPROVED-PROJECTS.pdf,2,2643.0,1665.0,2877.0,1701.0,0.91977
CHAMUKA,2025-DUNDUMWEZI-APPROVED-AND-NOT-APPROVED-PROJECTS.pdf,2,2472.0,1669.0,2618.0,1700.0,0.99979
DRILLING,2025-DUNDUMWEZI-APPROVED-AND-NOT-APPROVED-PROJECTS.pdf,2,2192.0,1672.0,2325.0,1703.0,0.99981
DRILLING OF A BOREHOLE,2025-DUNDUMWEZI-APPROVED-AND-NOT-APPROVED-PROJECTS.pdf,2,1403.0,1674.0,1758.0,1706.0,0.77087
WATER,2025-DUNDUMWEZI-APPROVED-AND-NOT-APPROVED-PROJECTS.pdf,2,1973.0,1674.0,2073.0,1703.0,0.99991
KTAMBWELA VILLAGE,2025-DUNDUMWEZI-APPROVED-AND-NOT-APPROVED-PROJECTS.pdf,2,507.0,1683.0,840.0,1714.0,0.99213
2,2025-DUNDUMWEZI-APPROVED-AND-NOT-APPROVED-PROJECTS.pdf,2,434.0,1689.0,453.0,1713.0,1.0
INSUFFICIENT FUNDS,2025-DUNDUMWEZI-APPROVED-AND-NOT-APPROVED-PROJECTS.pdf,2,2923.0,1701.0,3230.0,1737.0,0.58124
NOT APPROVED,2025-DUNDUMWEZI-APPROVED-AND-NOT-APPROVED-PROJECTS.pdf,2,2644.0,1707.0,2878.0,1739.0,0.99987
DRILLING,2025-DUNDUMWEZI-APPROVED-AND-NOT-APPROVED-PROJECTS.pdf,2,2192.0,1710.0,2325.0,1741.0,0.94648
CHAMUKA,2025-DUNDUMWEZI-APPROVED-AND-NOT-APPROVED-PROJECTS.pdf,2,2472.0,1710.0,2618.0,1741.0,0.99998
A BOREHOLE,2025-DUNDUMWEZI-APPROVED-AND-NOT-APPROVED-PROJECTS.pdf,2,1583.0,1711.0,1759.0,1748.0,0.99744
WATER,2025-DUNDUMWEZI-APPROVED-AND-NOT-APPROVED-PROJECTS.pdf,2,1970.0,1713.0,2073.0,1741.0,0.63667
DRILLING OF,2025-DUNDUMWEZI-APPROVED-AND-NOT-APPROVED-PROJECTS.pdf,2,1403.0,1715.0,1577.0,1747.0,0.99954
A VILLAGE,2025-DUNDUMWEZI-APPROVED-AND-NOT-APPROVED-PROJECTS.pdf,2,658.0,1721.0,804.0,1752.0,0.63028
HATYOKA,2025-DUNDUMWEZI-APPROVED-AND-NOT-APPROVED-PROJECTS.pdf,2,510.0,1724.0,651.0,1752.0,0.85888
3,2025-DUNDUMWEZI-APPROVED-AND-NOT-APPROVED-PROJECTS.pdf,2,437.0,1727.0,453.0,1754.0,0.99075
NNSUFFICEENT FUNDS,2025-DUNDUMWEZI-APPROVED-AND-NOT-APPROVED-PROJECTS.pdf,2,2923.0,1742.0,3230.0,1778.0,0.78675
NOT APPROVED,2025-DUNDUMWEZI-APPROVED-AND-NOT-APPROVED-PROJECTS.pdf,2,2643.0,1745.0,2879.0,1781.0,0.97233
CHAMUKA,2025-DUNDUMWEZI-APPROVED-AND-NOT-APPROVED-PROJECTS.pdf,2,2472.0,1748.0,2618.0,1780.0,0.99999
DRILLING,2025-DUNDUMWEZI-APPROVED-AND-NOT-APPROVED-PROJECTS.pdf,2,2192.0,1751.0,2325.0,1782.0,0.99937
DRILLING OF A BOREHOLE,2025-DUNDUMWEZI-APPROVED-AND-NOT-APPROVED-PROJECTS.pdf,2,1406.0,1754.0,1758.0,1785.0,0.98733
WATER,2025-DUNDUMWEZI-APPROVED-AND-NOT-APPROVED-PROJECTS.pdf,2,1973.0,1754.0,2073.0,1782.0,0.99989
SIABUNKULULU,2025-DUNDUMWEZI-APPROVED-AND-NOT-APPROVED-PROJECTS.pdf,2,507.0,1762.0,733.0,1793.0,0.78253
4,2025-DUNDUMWEZI-APPROVED-AND-NOT-APPROVED-PROJECTS.pdf,2,434.0,1768.0,455.0,1792.0,1.0
INSUFFICEENT FUNDS,2025-DUNDUMWEZI-APPROVED-AND-NOT-APPROVED-PROJECTS.pdf,2,2923.0,1783.0,3230.0,1819.0,0.57788
NOT APPROVED,2025-DUNDUMWEZI-APPROVED-AND-NOT-APPROVED-PROJECTS.pdf,2,2644.0,1787.0,2878.0,1818.0,0.9987
DRILLING,2025-DUNDUMWEZI-APPROVED-AND-NOT-APPROVED-PROJECTS.pdf,2,2192.0,1789.0,2325.0,1821.0,0.99998
CHAMUKA,2025-DUNDUMWEZI-APPROVED-AND-NOT-APPROVED-PROJECTS.pdf,2,2474.0,1789.0,2621.0,1821.0,0.99995
WATER,2025-DUNDUMWEZI-APPROVED-AND-NOT-APPROVED-PROJECTS.pdf,2,1973.0,1792.0,2073.0,1823.0,0.98936
DRILLING OF A BOREHOLE,2025-DUNDUMWEZI-APPROVED-AND-NOT-APPROVED-PROJECTS.pdf,2,1406.0,1795.0,1758.0,1826.0,0.78106
SICHIKULO VILLLAGE,2025-DUNDUMWEZI-APPROVED-AND-NOT-APPROVED-PROJECTS.pdf,2,510.0,1803.0,804.0,1834.0,0.99908
5,2025-DUNDUMWEZI-APPROVED-AND-NOT-APPROVED-PROJECTS.pdf,2,437.0,1807.0,455.0,1833.0,1.0
INSUFFICENT FUNDS,2025-DUNDUMWEZI-APPROVED-AND-NOT-APPROVED-PROJECTS.pdf,2,2923.0,1821.0,3231.0,1859.0,0.68163
NOT APPROVED,2025-DUNDUMWEZI-APPROVED-AND-NOT-APPROVED-PROJECTS.pdf,2,2643.0,1824.0,2879.0,1860.0,0.9996
DRILLING,2025-DUNDUMWEZI-APPROVED-AND-NOT-APPROVED-PROJECTS.pdf,2,2192.0,1830.0,2325.0,1862.0,0.99995
CHAMUKA,2025-DUNDUMWEZI-APPROVED-AND-NOT-APPROVED-PROJECTS.pdf,2,2474.0,1830.0,2618.0,1859.0,0.99207
WATER,2025-DUNDUMWEZI-APPROVED-AND-NOT-APPROVED-PROJECTS.pdf,2,1973.0,1833.0,2073.0,1862.0,0.65574
DRILLING OF A BOREHOLE,2025-DUNDUMWEZI-APPROVED-AND-NOT-APPROVED-PROJECTS.pdf,2,1406.0,1836.0,1758.0,1867.0,0.94847
GUMBE B VILLAGE,2025-DUNDUMWEZI-APPROVED-AND-NOT-APPROVED-PROJECTS.pdf,2,509.0,1840.0,770.0,1877.0,0.63283
6,2025-DUNDUMWEZI-APPROVED-AND-NOT-APPROVED-PROJECTS.pdf,2,437.0,1848.0,455.0,1872.0,0.99982
INSUFFICIENT FUNDS,2025-DUNDUMWEZI-APPROVED-AND-NOT-APPROVED-PROJECTS.pdf,2,2923.0,1862.0,3230.0,1898.0,0.97313
NOT APPROVED,2025-DUNDUMWEZI-APPROVED-AND-NOT-APPROVED-PROJECTS.pdf,2,2643.0,1865.0,2879.0,1901.0,0.85317
CHAMUKA,2025-DUNDUMWEZI-APPROVED-AND-NOT-APPROVED-PROJECTS.pdf,2,2474.0,1869.0,2621.0,1900.0,0.9952
DRILLING,2025-DUNDUMWEZI-APPROVED-AND-NOT-APPROVED-PROJECTS.pdf,2,2195.0,1872.0,2325.0,1903.0,0.73975
DRILLING OF A BOREHOLE,2025-DUNDUMWEZI-APPROVED-AND-NOT-APPROVED-PROJECTS.pdf,2,1405.0,1873.0,1759.0,1909.0,0.86274
WATER,2025-DUNDUMWEZI-APPROVED-AND-NOT-APPROVED-PROJECTS.pdf,2,1973.0,1874.0,2073.0,1903.0,0.6736
CHINKULI VILLAGE,2025-DUNDUMWEZI-APPROVED-AND-NOT-APPROVED-PROJECTS.pdf,2,513.0,1883.0,774.0,1914.0,0.99731
77,2025-DUNDUMWEZI-APPROVED-AND-NOT-APPROVED-PROJECTS.pdf,2,422.0,1885.0,454.0,1914.0,0.99979
INSUFFICEENT FUNDS,2025-DUNDUMWEZI-APPROVED-AND-NOT-APPROVED-PROJECTS.pdf,2,2925.0,1903.0,3230.0,1940.0,0.68341
NOT APPROVED,2025-DUNDUMWEZI-APPROVED-AND-NOT-APPROVED-PROJECTS.pdf,2,2643.0,1906.0,2879.0,1942.0,0.7472
CHAMUKA,2025-DUNDUMWEZI-APPROVED-AND-NOT-APPROVED-PROJECTS.pdf,2,2474.0,1910.0,2621.0,1941.0,0.99981
WATER,2025-DUNDUMWEZI-APPROVED-AND-NOT-APPROVED-PROJECTS.pdf,2,1973.0,1913.0,2076.0,1944.0,0.99995
DRILLING,2025-DUNDUMWEZI-APPROVED-AND-NOT-APPROVED-PROJECTS.pdf,2,2195.0,1913.0,2325.0,1944.0,0.99989
DRILLING OF A BOREHOLE,2025-DUNDUMWEZI-APPROVED-AND-NOT-APPROVED-PROJECTS.pdf,2,1405.0,1914.0,1759.0,1951.0,0.99442
MBELIKA VILLAGE,2025-DUNDUMWEZI-APPROVED-AND-NOT-APPROVED-PROJECTS.pdf,2,513.0,1924.0,769.0,1955.0,0.6455
78,2025-DUNDUMWEZI-APPROVED-AND-NOT-APPROVED-PROJECTS.pdf,2,425.0,1926.0,456.0,1955.0,1.0
INSUFFICENT FUNDS,2025-DUNDUMWEZI-APPROVED-AND-NOT-APPROVED-PROJECTS.pdf,2,2925.0,1945.0,3233.0,1981.0,0.77072
NOT APPROVED,2025-DUNDUMWEZI-APPROVED-AND-NOT-APPROVED-PROJECTS.pdf,2,2643.0,1947.0,2879.0,1983.0,0.79637
DRILLING,2025-DUNDUMWEZI-APPROVED-AND-NOT-APPROVED-PROJECTS.pdf,2,2195.0,1951.0,2328.0,1982.0,0.99961
CHAMUKA,2025-DUNDUMWEZI-APPROVED-AND-NOT-APPROVED-PROJECTS.pdf,2,2474.0,1951.0,2621.0,1982.0,0.9998
WATER,2025-DUNDUMWEZI-APPROVED-AND-NOT-APPROVED-PROJECTS.pdf,2,1973.0,1954.0,2076.0,1985.0,0.99995
DRILLING OF A BOREHOLE,2025-DUNDUMWEZI-APPROVED-AND-NOT-APPROVED-PROJECTS.pdf,2,1406.0,1956.0,1760.0,1988.0,0.817
79,2025-DUNDUMWEZI-APPROVED-AND-NOT-APPROVED-PROJECTS.pdf,2,425.0,1965.0,456.0,1993.0,1.0
NZILA VILLAGE,2025-DUNDUMWEZI-APPROVED-AND-NOT-APPROVED-PROJECTS.pdf,2,513.0,1965.0,725.0,1996.0,0.99223
INSUFFICENT FUNDS,2025-DUNDUMWEZI-APPROVED-AND-NOT-APPROVED-PROJECTS.pdf,2,2923.0,1983.0,3233.0,2019.0,0.88509
NOT APPROVED,2025-DUNDUMWEZI-APPROVED-AND-NOT-APPROVED-PROJECTS.pdf,2,2644.0,1989.0,2878.0,2021.0,0.55527
DRILLING,2025-DUNDUMWEZI-APPROVED-AND-NOT-APPROVED-PROJECTS.pdf,2,2195.0,1992.0,2328.0,2024.0,0.99992
CHAMUKA,2025-DUNDUMWEZI-APPROVED-AND-NOT-APPROVED-PROJECTS.pdf,2,2477.0,1992.0,2621.0,2021.0,0.99317
WATER,2025-DUNDUMWEZI-APPROVED-AND-NOT-APPROVED-PROJECTS.pdf,2,1973.0,1995.0,2076.0,2026.0,0.99998
DRILLING OF A BOREHOLE,2025-DUNDUMWEZI-APPROVED-AND-NOT-APPROVED-PROJECTS.pdf,2,1406.0,1998.0,1758.0,2029.0,0.78738
HAMBOOLE VILLAGE,2025-DUNDUMWEZI-APPROVED-AND-NOT-APPROVED-PROJECTS.pdf,2,513.0,2003.0,802.0,2034.0,0.99979
80,2025-DUNDUMWEZI-APPROVED-AND-NOT-APPROVED-PROJECTS.pdf,2,425.0,2006.0,459.0,2034.0,0.82881
NNSUFFICENT FUNDS,2025-DUNDUMWEZI-APPROVED-AND-NOT-APPROVED-PROJECTS.pdf,2,2925.0,2024.0,3233.0,2060.0,0.60273
NOT APPROVED,2025-DUNDUMWEZI-APPROVED-AND-NOT-APPROVED-PROJECTS.pdf,2,2643.0,2027.0,2879.0,2063.0,0.99985
CHAMUKA,2025-DUNDUMWEZI-APPROVED-AND-NOT-APPROVED-PROJECTS.pdf,2,2477.0,2030.0,2621.0,2062.0,0.99611
DRILLING,2025-DUNDUMWEZI-APPROVED-AND-NOT-APPROVED-PROJECTS.pdf,2,2195.0,2033.0,2328.0,2065.0,0.99993
DRILLING OF A BOREHOLE,2025-DUNDUMWEZI-APPROVED-AND-NOT-APPROVED-PROJECTS.pdf,2,1406.0,2036.0,1760.0,2067.0,0.97837
WATER,2025-DUNDUMWEZI-APPROVED-AND-NOT-APPROVED-PROJECTS.pdf,2,1976.0,2036.0,2076.0,2065.0,0.99994
ZUMANANA COMMUNITY,2025-DUNDUMWEZI-APPROVED-AND-NOT-APPROVED-PROJECTS.pdf,2,513.0,2044.0,856.0,2076.0,0.83044
3,2025-DUNDUMWEZI-APPROVED-AND-NOT-APPROVED-PROJECTS.pdf,2,429.0,2051.0,444.0,2075.0,0.83611
NOT APPROVED,2025-DUNDUMWEZI-APPROVED-AND-NOT-APPROVED-PROJECTS.pdf,2,2646.0,2065.0,2882.0,2101.0,0.78161
INSUFFICEENT FUNDS,2025-DUNDUMWEZI-APPROVED-AND-NOT-APPROVED-PROJECTS.pdf,2,2926.0,2066.0,3232.0,2097.0,0.55831
DRILLING,2025-DUNDUMWEZI-APPROVED-AND-NOT-APPROVED-PROJECTS.pdf,2,2195.0,2072.0,2328.0,2103.0,0.74828
CHAMUKA,2025-DUNDUMWEZI-APPROVED-AND-NOT-APPROVED-PROJECTS.pdf,2,2477.0,2072.0,2624.0,2103.0,0.99997
WATER,2025-DUNDUMWEZI-APPROVED-AND-NOT-APPROVED-PROJECTS.pdf,2,1976.0,2074.0,2076.0,2103.0,0.98804
DRILLING OF A BOREHOLE,2025-DUNDUMWEZI-APPROVED-AND-NOT-APPROVED-PROJECTS.pdf,2,1409.0,2077.0,1760.0,2108.0,0.84959
HAPONDO VILLAGE,2025-DUNDUMWEZI-APPROVED-AND-NOT-APPROVED-PROJECTS.pdf,2,513.0,2083.0,780.0,2114.0,0.8101
82,2025-DUNDUMWEZI-APPROVED-AND-NOT-APPROVED-PROJECTS.pdf,2,425.0,2085.0,459.0,2117.0,0.9994
NNSUFFICENT FUNDS,2025-DUNDUMWEZI-APPROVED-AND-NOT-APPROVED-PROJECTS.pdf,2,2925.0,2102.0,3233.0,2140.0,0.83901
NOT APPROVED,2025-DUNDUMWEZI-APPROVED-AND-NOT-APPROVED-PROJECTS.pdf,2,2647.0,2107.0,2881.0,2139.0,0.98457
CHAMUKA,2025-DUNDUMWEZI-APPROVED-AND-NOT-APPROVED-PROJECTS.pdf,2,2477.0,2110.0,2624.0,2141.0,0.99899
WATER,2025-DUNDUMWEZI-APPROVED-AND-NOT-APPROVED-PROJECTS.pdf,2,1976.0,2113.0,2078.0,2144.0,0.99987
DRILLING,2025-DUNDUMWEZI-APPROVED-AND-NOT-APPROVED-PROJECTS.pdf,2,2195.0,2113.0,2328.0,2141.0,0.99994
DRILLING OF A BOREHOLE,2025-DUNDUMWEZI-APPROVED-AND-NOT-APPROVED-PROJECTS.pdf,2,1406.0,2115.0,1760.0,2147.0,0.7364
ISIMBWEDLE SOUTH VILLAGE,2025-DUNDUMWEZI-APPROVED-AND-NOT-APPROVED-PROJECTS.pdf,2,510.0,2121.0,906.0,2152.0,0.72865
83,2025-DUNDUMWEZI-APPROVED-AND-NOT-APPROVED-PROJECTS.pdf,2,425.0,2124.0,459.0,2155.0,0.63457
NNSUFFICENT FUNDS,2025-DUNDUMWEZI-APPROVED-AND-NOT-APPROVED-PROJECTS.pdf,2,2925.0,2142.0,3233.0,2178.0,0.97202
NOT APPROVED,2025-DUNDUMWEZI-APPROVED-AND-NOT-APPROVED-PROJECTS.pdf,2,2649.0,2145.0,2882.0,2181.0,0.90564
CHAMUKA,2025-DUNDUMWEZI-APPROVED-AND-NOT-APPROVED-PROJECTS.pdf,2,2477.0,2148.0,2624.0,2180.0,0.99998
WATER,2025-DUNDUMWEZI-APPROVED-AND-NOT-APPROVED-PROJECTS.pdf,2,1976.0,2151.0,2078.0,2182.0,0.99623
DRILLING,2025-DUNDUMWEZI-APPROVED-AND-NOT-APPROVED-PROJECTS.pdf,2,2198.0,2151.0,2328.0,2182.0,0.99568
DRILLING OF A BOREHOLE,2025-DUNDUMWEZI-APPROVED-AND-NOT-APPROVED-PROJECTS.pdf,2,1408.0,2153.0,1761.0,2189.0,0.94077
NAMITA VILLAGE,2025-DUNDUMWEZI-APPROVED-AND-NOT-APPROVED-PROJECTS.pdf,2,513.0,2162.0,766.0,2193.0,0.79504
84,2025-DUNDUMWEZI-APPROVED-AND-NOT-APPROVED-PROJECTS.pdf,2,425.0,2165.0,459.0,2193.0,0.99998
NNSUFFICENT FUNDS,2025-DUNDUMWEZI-APPROVED-AND-NOT-APPROVED-PROJECTS.pdf,2,2928.0,2183.0,3236.0,2219.0,0.88621
NOT APPROVED,2025-DUNDUMWEZI-APPROVED-AND-NOT-APPROVED-PROJECTS.pdf,2,2647.0,2187.0,2881.0,2218.0,0.90131
CHAMUKA,2025-DUNDUMWEZI-APPROVED-AND-NOT-APPROVED-PROJECTS.pdf,2,2477.0,2189.0,2624.0,2221.0,0.99979
WATER,2025-DUNDUMWEZI-APPROVED-AND-NOT-APPROVED-PROJECTS.pdf,2,1976.0,2192.0,2078.0,2224.0,0.90617
DRILLING,2025-DUNDUMWEZI-APPROVED-AND-NOT-APPROVED-PROJECTS.pdf,2,2195.0,2192.0,2328.0,2221.0,0.99993
DRILLING OF A BOREHOLE,2025-DUNDUMWEZI-APPROVED-AND-NOT-APPROVED-PROJECTS.pdf,2,1409.0,2195.0,1760.0,2226.0,0.99687
CHIBYA BUSIKU VILLAGE,2025-DUNDUMWEZI-APPROVED-AND-NOT-APPROVED-PROJECTS.pdf,2,514.0,2199.0,860.0,2235.0,0.91564
85,2025-DUNDUMWEZI-APPROVED-AND-NOT-APPROVED-PROJECTS.pdf,2,425.0,2206.0,459.0,2232.0,0.99999
NNSUFFICENT FUNDS,2025-DUNDUMWEZI-APPROVED-AND-NOT-APPROVED-PROJECTS.pdf,2,2928.0,2221.0,3236.0,2257.0,0.99057
NOT APPROVED,2025-DUNDUMWEZI-APPROVED-AND-NOT-APPROVED-PROJECTS.pdf,2,2650.0,2225.0,2881.0,2256.0,0.75343
CHAMUKA,2025-DUNDUMWEZI-APPROVED-AND-NOT-APPROVED-PROJECTS.pdf,2,2477.0,2228.0,2624.0,2259.0,0.99996
DRILLING,2025-DUNDUMWEZI-APPROVED-AND-NOT-APPROVED-PROJECTS.pdf,2,2195.0,2230.0,2330.0,2262.0,0.99983
DRILLING OF A BOREHOLE,2025-DUNDUMWEZI-APPROVED-AND-NOT-APPROVED-PROJECTS.pdf,2,1408.0,2232.0,1764.0,2268.0,0.99876
WATER,2025-DUNDUMWEZI-APPROVED-AND-NOT-APPROVED-PROJECTS.pdf,2,1976.0,2233.0,2078.0,2262.0,0.99996
NACHINGONI HAMUBBAMPA COMMUNITY,2025-DUNDUMWEZI-APPROVED-AND-NOT-APPROVED-PROJECTS.pdf,2,517.0,2238.0,1079.0,2274.0,0.94086
86,2025-DUNDUMWEZI-APPROVED-AND-NOT-APPROVED-PROJECTS.pdf,2,428.0,2244.0,462.0,2273.0,0.99994
INSUFFICEENT FUNDS,2025-DUNDUMWEZI-APPROVED-AND-NOT-APPROVED-PROJECTS.pdf,3,2912.0,197.0,3225.0,233.0,0.50994
DRILLING,2025-DUNDUMWEZI-APPROVED-AND-NOT-APPROVED-PROJECTS.pdf,3,2184.0,200.0,2317.0,232.0,0.99993
CHAMUKA,2025-DUNDUMWEZI-APPROVED-AND-NOT-APPROVED-PROJECTS.pdf,3,2463.0,200.0,2613.0,232.0,0.88913
NOT APPROVED,2025-DUNDUMWEZI-APPROVED-AND-NOT-APPROVED-PROJECTS.pdf,3,2636.0,200.0,2867.0,232.0,0.98955
DRILLING OF A BOREHOLE,2025-DUNDUMWEZI-APPROVED-AND-NOT-APPROVED-PROJECTS.pdf,3,1392.0,203.0,1750.0,234.0,0.82105
WATER,2025-DUNDUMWEZI-APPROVED-AND-NOT-APPROVED-PROJECTS.pdf,3,1965.0,203.0,2062.0,232.0,0.99995
MUNYEKE PARENT AND TEACHER'S ASSOCIATION,2025-DUNDUMWEZI-APPROVED-AND-NOT-APPROVED-PROJECTS.pdf,3,492.0,205.0,1164.0,242.0,0.77906
87,2025-DUNDUMWEZI-APPROVED-AND-NOT-APPROVED-PROJECTS.pdf,3,408.0,217.0,440.0,243.0,0.99999
NOT APPROVED,2025-DUNDUMWEZI-APPROVED-AND-NOT-APPROVED-PROJECTS.pdf,3,2635.0,235.0,2868.0,271.0,0.98086
INSUFFICEENT FUNDS,2025-DUNDUMWEZI-APPROVED-AND-NOT-APPROVED-PROJECTS.pdf,3,2912.0,235.0,3225.0,271.0,0.69905
CHAMUKA,2025-DUNDUMWEZI-APPROVED-AND-NOT-APPROVED-PROJECTS.pdf,3,2463.0,239.0,2613.0,270.0,0.99998
DRILLING OF A BOREHOLE,2025-DUNDUMWEZI-APPROVED-AND-NOT-APPROVED-PROJECTS.pdf,3,1392.0,241.0,1750.0,273.0,0.97192
WATER,2025-DUNDUMWEZI-APPROVED-AND-NOT-APPROVED-PROJECTS.pdf,3,1962.0,241.0,2065.0,270.0,0.99998
DRILLING,2025-DUNDUMWEZI-APPROVED-AND-NOT-APPROVED-PROJECTS.pdf,3,2184.0,241.0,2317.0,270.0,0.99852
SIKAATE COMMUNITY,2025-DUNDUMWEZI-APPROVED-AND-NOT-APPROVED-PROJECTS.pdf,3,496.0,250.0,796.0,281.0,0.87391
88,2025-DUNDUMWEZI-APPROVED-AND-NOT-APPROVED-PROJECTS.pdf,3,406.0,252.0,440.0,281.0,0.99917
NOT APPROVED,2025-DUNDUMWEZI-APPROVED-AND-NOT-APPROVED-PROJECTS.pdf,3,2636.0,277.0,2867.0,308.0,0.72097
NNSUFFICEENT FUNDS,2025-DUNDUMWEZI-APPROVED-AND-NOT-APPROVED-PROJECTS.pdf,3,2913.0,277.0,3224.0,308.0,0.73959
WATER,2025-DUNDUMWEZI-APPROVED-AND-NOT-APPROVED-PROJECTS.pdf,3,1965.0,280.0,2065.0,311.0,0.99998
DRILLING,2025-DUNDUMWEZI-APPROVED-AND-NOT-APPROVED-PROJECTS.pdf,3,2184.0,280.0,2317.0,308.0,0.99925
CHAMUKA,2025-DUNDUMWEZI-APPROVED-AND-NOT-APPROVED-PROJECTS.pdf,3,2466.0,280.0,2613.0,308.0,0.99985
DRILLING OF A BOREHOLE,2025-DUNDUMWEZI-APPROVED-AND-NOT-APPROVED-PROJECTS.pdf,3,1392.0,282.0,1750.0,314.0,0.96193
KATAMBO NORTH COMMUNITY AREA,2025-DUNDUMWEZI-APPROVED-AND-NOT-APPROVED-PROJECTS.pdf,3,495.0,284.0,1005.0,320.0,0.98094
89,2025-DUNDUMWEZI-APPROVED-AND-NOT-APPROVED-PROJECTS.pdf,3,408.0,291.0,440.0,317.0,1.0
NOT APPROVED,2025-DUNDUMWEZI-APPROVED-AND-NOT-APPROVED-PROJECTS.pdf,3,2636.0,315.0,2867.0,347.0,0.85794
INSUFFICEENT FUNDS,2025-DUNDUMWEZI-APPROVED-AND-NOT-APPROVED-PROJECTS.pdf,3,2913.0,315.0,3224.0,347.0,0.67214
WATER,2025-DUNDUMWEZI-APPROVED-AND-NOT-APPROVED-PROJECTS.pdf,3,1965.0,318.0,2065.0,349.0,0.99996
DRILLING,2025-DUNDUMWEZI-APPROVED-AND-NOT-APPROVED-PROJECTS.pdf,3,2181.0,318.0,2317.0,349.0,0.9918
CHAMUKA,2025-DUNDUMWEZI-APPROVED-AND-NOT-APPROVED-PROJECTS.pdf,3,2466.0,318.0,2613.0,347.0,0.93685
DRILLING OF A BOREHOLE,2025-DUNDUMWEZI-APPROVED-AND-NOT-APPROVED-PROJECTS.pdf,3,1392.0,321.0,1750.0,352.0,0.76702
MAGWAZA COMMUNITY,2025-DUNDUMWEZI-APPROVED-AND-NOT-APPROVED-PROJECTS.pdf,3,496.0,326.0,826.0,358.0,0.83792
90,2025-DUNDUMWEZI-APPROVED-AND-NOT-APPROVED-PROJECTS.pdf,3,408.0,329.0,440.0,358.0,0.91288
INSUFFICENT FUNDS,2025-DUNDUMWEZI-APPROVED-AND-NOT-APPROVED-PROJECTS.pdf,3,2912.0,353.0,3225.0,389.0,0.94755
DRILLING,2025-DUNDUMWEZI-APPROVED-AND-NOT-APPROVED-PROJECTS.pdf,3,2184.0,356.0,2317.0,388.0,0.99996
CHAMUKA,2025-DUNDUMWEZI-APPROVED-AND-NOT-APPROVED-PROJECTS.pdf,3,2466.0,356.0,2613.0,388.0,0.99997
NOT APPROVED,2025-DUNDUMWEZI-APPROVED-AND-NOT-APPROVED-PROJECTS.pdf,3,2639.0,356.0,2867.0,388.0,0.99913
DRILLING OF A BOREHOLE,2025-DUNDUMWEZI-APPROVED-AND-NOT-APPROVED-PROJECTS.pdf,3,1395.0,359.0,1750.0,391.0,0.96461
WATER,2025-DUNDUMWEZI-APPROVED-AND-NOT-APPROVED-PROJECTS.pdf,3,1965.0,359.0,2065.0,391.0,0.99997
MUNYEKE COMMUNITY,2025-DUNDUMWEZI-APPROVED-AND-NOT-APPROVED-PROJECTS.pdf,3,496.0,365.0,821.0,396.0,0.84271
9,2025-DUNDUMWEZI-APPROVED-AND-NOT-APPROVED-PROJECTS.pdf,3,412.0,371.0,428.0,395.0,0.87128
NOT APPROVED,2025-DUNDUMWEZI-APPROVED-AND-NOT-APPROVED-PROJECTS.pdf,3,2636.0,395.0,2867.0,426.0,0.71112
INSUFFICIENT FUNDS,2025-DUNDUMWEZI-APPROVED-AND-NOT-APPROVED-PROJECTS.pdf,3,2915.0,395.0,3224.0,426.0,0.92362
CONSTRUCTION OF 1X2 CRB,2025-DUNDUMWEZI-APPROVED-AND-NOT-APPROVED-PROJECTS.pdf,3,1391.0,396.0,1770.0,433.0,0.79288
CONSTRUCTION,2025-DUNDUMWEZI-APPROVED-AND-NOT-APPROVED-PROJECTS.pdf,3,2183.0,397.0,2403.0,433.0,0.99815
EDUCATION,2025-DUNDUMWEZI-APPROVED-AND-NOT-APPROVED-PROJECTS.pdf,3,1962.0,398.0,2128.0,429.0,0.8592
CHAMUKA,2025-DUNDUMWEZI-APPROVED-AND-NOT-APPROVED-PROJECTS.pdf,3,2466.0,398.0,2613.0,426.0,0.99953
SIABUNKULULU PRIMARY SCHOOL,2025-DUNDUMWEZI-APPROVED-AND-NOT-APPROVED-PROJECTS.pdf,3,495.0,402.0,970.0,438.0,0.98647
92,2025-DUNDUMWEZI-APPROVED-AND-NOT-APPROVED-PROJECTS.pdf,3,408.0,406.0,443.0,437.0,0.99888
NOT APPROVED,2025-DUNDUMWEZI-APPROVED-AND-NOT-APPROVED-PROJECTS.pdf,3,2638.0,432.0,2868.0,468.0,0.71152
INSUFFICEENT FUNDS,2025-DUNDUMWEZI-APPROVED-AND-NOT-APPROVED-PROJECTS.pdf,3,2913.0,433.0,3224.0,465.0,0.69076
CONSTRUCTION,2025-DUNDUMWEZI-APPROVED-AND-NOT-APPROVED-PROJECTS.pdf,3,2184.0,436.0,2399.0,467.0,0.9998
CHAMUKA,2025-DUNDUMWEZI-APPROVED-AND-NOT-APPROVED-PROJECTS.pdf,3,2466.0,436.0,2613.0,467.0,0.62361
DIP TANK,2025-DUNDUMWEZI-APPROVED-AND-NOT-APPROVED-PROJECTS.pdf,3,1392.0,439.0,1525.0,470.0,0.99952
LIVESTOCK,2025-DUNDUMWEZI-APPROVED-AND-NOT-APPROVED-PROJECTS.pdf,3,1962.0,439.0,2119.0,467.0,0.99967
CHIWA COMMUNITY,2025-DUNDUMWEZI-APPROVED-AND-NOT-APPROVED-PROJECTS.pdf,3,498.0,443.0,775.0,479.0,0.80007
93,2025-DUNDUMWEZI-APPROVED-AND-NOT-APPROVED-PROJECTS.pdf,3,408.0,447.0,443.0,475.0,0.9939
INSUFFICIENT FUNDS,2025-DUNDUMWEZI-APPROVED-AND-NOT-APPROVED-PROJECTS.pdf,3,2914.0,470.0,3225.0,507.0,0.64219
NOT APPROVED,2025-DUNDUMWEZI-APPROVED-AND-NOT-APPROVED-PROJECTS.pdf,3,2639.0,474.0,2870.0,506.0,0.81805
WATER,2025-DUNDUMWEZI-APPROVED-AND-NOT-APPROVED-PROJECTS.pdf,3,1965.0,477.0,2065.0,508.0,0.99996
CONSTRUCTION,2025-DUNDUMWEZI-APPROVED-AND-NOT-APPROVED-PROJECTS.pdf,3,2184.0,477.0,2402.0,508.0,0.69356
CHAMUKA,2025-DUNDUMWEZI-APPROVED-AND-NOT-APPROVED-PROJECTS.pdf,3,2466.0,477.0,2613.0,506.0,0.99972
CONSTRUCTION OF DAM,2025-DUNDUMWEZI-APPROVED-AND-NOT-APPROVED-PROJECTS.pdf,3,1395.0,480.0,1722.0,511.0,0.88574
NACHINGONI COMMUNITY,2025-DUNDUMWEZI-APPROVED-AND-NOT-APPROVED-PROJECTS.pdf,3,499.0,485.0,859.0,517.0,0.98713
94,2025-DUNDUMWEZI-APPROVED-AND-NOT-APPROVED-PROJECTS.pdf,3,408.0,488.0,443.0,514.0,0.94357
NOT APPROVED,2025-DUNDUMWEZI-APPROVED-AND-NOT-APPROVED-PROJECTS.pdf,3,2638.0,512.0,2871.0,548.0,0.99989
NNSUFFICEENT FUNDS,2025-DUNDUMWEZI-APPROVED-AND-NOT-APPROVED-PROJECTS.pdf,3,2915.0,513.0,3224.0,544.0,0.43333
CONSTRUCTION,2025-DUNDUMWEZI-APPROVED-AND-NOT-APPROVED-PROJECTS.pdf,3,2183.0,514.0,2403.0,550.0,0.99613
CHAMUKA,2025-DUNDUMWEZI-APPROVED-AND-NOT-APPROVED-PROJECTS.pdf,3,2466.0,515.0,2613.0,547.0,0.99982
DIP TANK,2025-DUNDUMWEZI-APPROVED-AND-NOT-APPROVED-PROJECTS.pdf,3,1395.0,518.0,1525.0,549.0,0.99908
LIVESTOCK,2025-DUNDUMWEZI-APPROVED-AND-NOT-APPROVED-PROJECTS.pdf,3,1965.0,518.0,2119.0,549.0,0.99965
SIANTETE COMMUNITY,2025-DUNDUMWEZI-APPROVED-AND-NOT-APPROVED-PROJECTS.pdf,3,499.0,524.0,812.0,555.0,0.91532
95,2025-DUNDUMWEZI-APPROVED-AND-NOT-APPROVED-PROJECTS.pdf,3,408.0,526.0,443.0,555.0,0.53398
CONSTRUCTION,2025-DUNDUMWEZI-APPROVED-AND-NOT-APPROVED-PROJECTS.pdf,3,2182.0,553.0,2403.0,592.0,0.87406
NOT APPROVED,2025-DUNDUMWEZI-APPROVED-AND-NOT-APPROVED-PROJECTS.pdf,3,2638.0,553.0,2871.0,589.0,0.9455
NNSUFFICIENT FUNDDS,2025-DUNDUMWEZI-APPROVED-AND-NOT-APPROVED-PROJECTS.pdf,3,2915.0,554.0,3224.0,585.0,0.62281
EDUCATION,2025-DUNDUMWEZI-APPROVED-AND-NOT-APPROVED-PROJECTS.pdf,3,1965.0,556.0,2128.0,588.0,0.9999
CHAMUKA,2025-DUNDUMWEZI-APPROVED-AND-NOT-APPROVED-PROJECTS.pdf,3,2466.0,556.0,2613.0,588.0,0.99819
CONSTRUCTION OF 4 STAFF HOUSES,2025-DUNDUMWEZI-APPROVED-AND-NOT-APPROVED-PROJECTS.pdf,3,1395.0,559.0,1876.0,591.0,0.75036
SIANTETE COMMUNITY,2025-DUNDUMWEZI-APPROVED-AND-NOT-APPROVED-PROJECTS.pdf,3,499.0,565.0,815.0,596.0,0.93894
96,2025-DUNDUMWEZI-APPROVED-AND-NOT-APPROVED-PROJECTS.pdf,3,408.0,567.0,443.0,596.0,0.99999
NNSUFFICEENT FUNDS,2025-DUNDUMWEZI-APPROVED-AND-NOT-APPROVED-PROJECTS.pdf,3,2914.0,591.0,3225.0,627.0,0.65658
CHAMUKA,2025-DUNDUMWEZI-APPROVED-AND-NOT-APPROVED-PROJECTS.pdf,3,2466.0,595.0,2615.0,626.0,0.88466
NOT APPROVED,2025-DUNDUMWEZI-APPROVED-AND-NOT-APPROVED-PROJECTS.pdf,3,2639.0,595.0,2870.0,626.0,0.99673
INSTRASTUCTUI CONSTRUCTION,2025-DUNDUMWEZI-APPROVED-AND-NOT-APPROVED-PROJECTS.pdf,3,1962.0,598.0,2402.0,629.0,0.89788
CONSTRUCTIONOF A FOOT BRIDGE,2025-DUNDUMWEZI-APPROVED-AND-NOT-APPROVED-PROJECTS.pdf,3,1395.0,600.0,1862.0,632.0,0.64207
KAKUYU COMMUNITY,2025-DUNDUMWEZI-APPROVED-AND-NOT-APPROVED-PROJECTS.pdf,3,499.0,606.0,804.0,637.0,0.95889
97,2025-DUNDUMWEZI-APPROVED-AND-NOT-APPROVED-PROJECTS.pdf,3,411.0,608.0,443.0,637.0,1.0
INSTRASTUCTUI COMPLETION,2025-DUNDUMWEZI-APPROVED-AND-NOT-APPROVED-PROJECTS.pdf,3,1961.0,632.0,2370.0,671.0,0.74838
NOT APPROVED,2025-DUNDUMWEZI-APPROVED-AND-NOT-APPROVED-PROJECTS.pdf,3,2638.0,632.0,2871.0,668.0,0.99967
INSUFFICEENT FUNDS,2025-DUNDUMWEZI-APPROVED-AND-NOT-APPROVED-PROJECTS.pdf,3,2914.0,632.0,3225.0,668.0,0.64614
COMPLETION OF THE CHURCH,2025-DUNDUMWEZI-APPROVED-AND-NOT-APPROVED-PROJECTS.pdf,3,1394.0,638.0,1803.0,674.0,0.9024
CHAMUKA,2025-DUNDUMWEZI-APPROVED-AND-NOT-APPROVED-PROJECTS.pdf,3,2466.0,639.0,2613.0,667.0,0.99952
SICHIMBWALI SDA SOUTH CHURCH,2025-DUNDUMWEZI-APPROVED-AND-NOT-APPROVED-PROJECTS.pdf,3,498.0,643.0,972.0,679.0,0.79829
98,2025-DUNDUMWEZI-APPROVED-AND-NOT-APPROVED-PROJECTS.pdf,3,411.0,647.0,445.0,676.0,0.99992
INSTRASTUCTUI COMPLETION,2025-DUNDUMWEZI-APPROVED-AND-NOT-APPROVED-PROJECTS.pdf,3,1961.0,673.0,2370.0,713.0,0.68928
NOT APPROVED,2025-DUNDUMWEZI-APPROVED-AND-NOT-APPROVED-PROJECTS.pdf,3,2638.0,673.0,2871.0,709.0,0.94061
INSUFFICIENT FUNDS,2025-DUNDUMWEZI-APPROVED-AND-NOT-APPROVED-PROJECTS.pdf,3,2915.0,674.0,3224.0,706.0,0.54305
CHAMUKA,2025-DUNDUMWEZI-APPROVED-AND-NOT-APPROVED-PROJECTS.pdf,3,2466.0,677.0,2615.0,708.0,0.9999
COMPLETION OF THE CHURCH,2025-DUNDUMWEZI-APPROVED-AND-NOT-APPROVED-PROJECTS.pdf,3,1395.0,680.0,1802.0,711.0,0.91634
12 GATES SDA CHURCH,2025-DUNDUMWEZI-APPROVED-AND-NOT-APPROVED-PROJECTS.pdf,3,502.0,685.0,815.0,717.0,0.98689
99,2025-DUNDUMWEZI-APPROVED-AND-NOT-APPROVED-PROJECTS.pdf,3,411.0,688.0,445.0,717.0,0.99997
[NSUFFICIENT FUNDS,2025-DUNDUMWEZI-APPROVED-AND-NOT-APPROVED-PROJECTS.pdf,3,2918.0,713.0,3226.0,744.0,0.70485
INSTRASTUCTUI COMPLETION,2025-DUNDUMWEZI-APPROVED-AND-NOT-APPROVED-PROJECTS.pdf,3,1961.0,714.0,2370.0,751.0,0.68455
CHAMUKA,2025-DUNDUMWEZI-APPROVED-AND-NOT-APPROVED-PROJECTS.pdf,3,2469.0,715.0,2615.0,747.0,0.79321
NOT APPROVED,2025-DUNDUMWEZI-APPROVED-AND-NOT-APPROVED-PROJECTS.pdf,3,2639.0,715.0,2870.0,747.0,0.99989
COMPLETION OF THE CHURCH,2025-DUNDUMWEZI-APPROVED-AND-NOT-APPROVED-PROJECTS.pdf,3,1395.0,721.0,1802.0,752.0,0.95406
SICHIMBWALI BIC CHURCH,2025-DUNDUMWEZI-APPROVED-AND-NOT-APPROVED-PROJECTS.pdf,3,498.0,723.0,866.0,759.0,0.80734
100,2025-DUNDUMWEZI-APPROVED-AND-NOT-APPROVED-PROJECTS.pdf,3,411.0,729.0,459.0,758.0,0.99791
CHAMUKA,2025-DUNDUMWEZI-APPROVED-AND-NOT-APPROVED-PROJECTS.pdf,3,2467.0,753.0,2617.0,789.0,0.99997
NOT APPROVED,2025-DUNDUMWEZI-APPROVED-AND-NOT-APPROVED-PROJECTS.pdf,3,2639.0,754.0,2870.0,785.0,0.88127
INSUFFICIENT FUNDS,2025-DUNDUMWEZI-APPROVED-AND-NOT-APPROVED-PROJECTS.pdf,3,2915.0,754.0,3226.0,785.0,0.54998
EDUCATION,2025-DUNDUMWEZI-APPROVED-AND-NOT-APPROVED-PROJECTS.pdf,3,1965.0,756.0,2130.0,788.0,0.99996
CONSTRUCTION,2025-DUNDUMWEZI-APPROVED-AND-NOT-APPROVED-PROJECTS.pdf,3,2184.0,756.0,2402.0,788.0,0.99248
CONSTRUCTION OF A STAFF HOUSE,2025-DUNDUMWEZI-APPROVED-AND-NOT-APPROVED-PROJECTS.pdf,3,1395.0,759.0,1867.0,791.0,0.85284
SICHIMBWALI PRIMARY SCHOOL,2025-DUNDUMWEZI-APPROVED-AND-NOT-APPROVED-PROJECTS.pdf,3,501.0,761.0,942.0,797.0,0.96565
10|,2025-DUNDUMWEZI-APPROVED-AND-NOT-APPROVED-PROJECTS.pdf,3,411.0,767.0,456.0,796.0,0.34835
INSUFFICIENT FUNDS,2025-DUNDUMWEZI-APPROVED-AND-NOT-APPROVED-PROJECTS.pdf,3,2914.0,791.0,3227.0,827.0,0.84658
CONSTRUCTION,2025-DUNDUMWEZI-APPROVED-AND-NOT-APPROVED-PROJECTS.pdf,3,2183.0,794.0,2403.0,830.0,0.99426
CHAMUKA,2025-DUNDUMWEZI-APPROVED-AND-NOT-APPROVED-PROJECTS.pdf,3,2469.0,795.0,2615.0,826.0,0.99994
NOT APPROVED,2025-DUNDUMWEZI-APPROVED-AND-NOT-APPROVED-PROJECTS.pdf,3,2639.0,795.0,2870.0,826.0,0.70154
LIVESTOCK,2025-DUNDUMWEZI-APPROVED-AND-NOT-APPROVED-PROJECTS.pdf,3,1965.0,798.0,2122.0,826.0,0.99992
DIP TANK,2025-DUNDUMWEZI-APPROVED-AND-NOT-APPROVED-PROJECTS.pdf,3,1398.0,800.0,1528.0,829.0,0.99532
SICHIMBWALI COMMUNITY,2025-DUNDUMWEZI-APPROVED-AND-NOT-APPROVED-PROJECTS.pdf,3,500.0,801.0,871.0,838.0,0.7552
102,2025-DUNDUMWEZI-APPROVED-AND-NOT-APPROVED-PROJECTS.pdf,3,414.0,806.0,459.0,834.0,1.0
INSUFFICIENT FUNDS,2025-DUNDUMWEZI-APPROVED-AND-NOT-APPROVED-PROJECTS.pdf,3,2914.0,827.0,3227.0,867.0,0.76474
NOT APPROVED,2025-DUNDUMWEZI-APPROVED-AND-NOT-APPROVED-PROJECTS.pdf,3,2641.0,833.0,2870.0,865.0,0.99982
CONSTRUCTION OF 1X3 CRB AND 5 SATFF,2025-DUNDUMWEZI-APPROVED-AND-NOT-APPROVED-PROJECTS.pdf,3,1394.0,835.0,1948.0,871.0,0.80579
EDUCATION,2025-DUNDUMWEZI-APPROVED-AND-NOT-APPROVED-PROJECTS.pdf,3,1965.0,836.0,2130.0,867.0,0.99581
CONSTRUCTION,2025-DUNDUMWEZI-APPROVED-AND-NOT-APPROVED-PROJECTS.pdf,3,2184.0,836.0,2402.0,867.0,0.74999
CHAMUKA,2025-DUNDUMWEZI-APPROVED-AND-NOT-APPROVED-PROJECTS.pdf,3,2469.0,836.0,2615.0,865.0,0.9998
SICHTMBWALI PRIMARY SCHOOL,2025-DUNDUMWEZI-APPROVED-AND-NOT-APPROVED-PROJECTS.pdf,3,501.0,840.0,942.0,877.0,0.70561
103,2025-DUNDUMWEZI-APPROVED-AND-NOT-APPROVED-PROJECTS.pdf,3,414.0,844.0,459.0,873.0,0.9975
NOT APPROVED,2025-DUNDUMWEZI-APPROVED-AND-NOT-APPROVED-PROJECTS.pdf,3,2640.0,871.0,2871.0,907.0,0.99949
NNSUFFICENT FUNDS,2025-DUNDUMWEZI-APPROVED-AND-NOT-APPROVED-PROJECTS.pdf,3,2915.0,872.0,3226.0,903.0,0.91801
COMMERCE ANICONSTRUCTION,2025-DUNDUMWEZI-APPROVED-AND-NOT-APPROVED-PROJECTS.pdf,3,1965.0,874.0,2402.0,906.0,0.78374
CHAMUKA,2025-DUNDUMWEZI-APPROVED-AND-NOT-APPROVED-PROJECTS.pdf,3,2469.0,874.0,2615.0,906.0,0.99997
CONSTRUCTION OF A MORDEN MARKET,2025-DUNDUMWEZI-APPROVED-AND-NOT-APPROVED-PROJECTS.pdf,3,1395.0,877.0,1930.0,908.0,0.67235
MORDEN MATRKET AT SCHIMBWALI,2025-DUNDUMWEZI-APPROVED-AND-NOT-APPROVED-PROJECTS.pdf,3,503.0,879.0,994.0,915.0,0.64546
104,2025-DUNDUMWEZI-APPROVED-AND-NOT-APPROVED-PROJECTS.pdf,3,414.0,885.0,462.0,914.0,0.99993
NOT APPROVED,2025-DUNDUMWEZI-APPROVED-AND-NOT-APPROVED-PROJECTS.pdf,3,2638.0,909.0,2871.0,945.0,0.75572
INSUFFICIENT FUNDS,2025-DUNDUMWEZI-APPROVED-AND-NOT-APPROVED-PROJECTS.pdf,3,2914.0,909.0,3227.0,945.0,0.72451
CONSTRUCTION,2025-DUNDUMWEZI-APPROVED-AND-NOT-APPROVED-PROJECTS.pdf,3,2183.0,911.0,2406.0,948.0,0.99229
CHAMUKA,2025-DUNDUMWEZI-APPROVED-AND-NOT-APPROVED-PROJECTS.pdf,3,2469.0,913.0,2615.0,944.0,0.99988
CONSTRUCTION OF IX3 CRB,2025-DUNDUMWEZI-APPROVED-AND-NOT-APPROVED-PROJECTS.pdf,3,1394.0,914.0,1775.0,951.0,0.65166
EDUCATION,2025-DUNDUMWEZI-APPROVED-AND-NOT-APPROVED-PROJECTS.pdf,3,1965.0,915.0,2130.0,947.0,0.94595
RIVER CROSS PRIMARY SCHOOL,2025-DUNDUMWEZI-APPROVED-AND-NOT-APPROVED-PROJECTS.pdf,3,502.0,921.0,936.0,952.0,0.7553
105,2025-DUNDUMWEZI-APPROVED-AND-NOT-APPROVED-PROJECTS.pdf,3,414.0,924.0,462.0,952.0,0.99945
NOT APPROVED,2025-DUNDUMWEZI-APPROVED-AND-NOT-APPROVED-PROJECTS.pdf,3,2641.0,951.0,2870.0,982.0,0.92954
INSUFFICEENT FUNDS,2025-DUNDUMWEZI-APPROVED-AND-NOT-APPROVED-PROJECTS.pdf,3,2918.0,951.0,3226.0,982.0,0.59938
CONSTRUCTION,2025-DUNDUMWEZI-APPROVED-AND-NOT-APPROVED-PROJECTS.pdf,3,2186.0,953.0,2405.0,989.0,0.99786
EDUCATION,2025-DUNDUMWEZI-APPROVED-AND-NOT-APPROVED-PROJECTS.pdf,3,1967.0,954.0,2130.0,985.0,0.99997
CHAMUKA,2025-DUNDUMWEZI-APPROVED-AND-NOT-APPROVED-PROJECTS.pdf,3,2469.0,954.0,2615.0,982.0,0.99991
CONSTRUCTION OF A STAFF HQUSE,2025-DUNDUMWEZI-APPROVED-AND-NOT-APPROVED-PROJECTS.pdf,3,1394.0,955.0,1871.0,992.0,0.85246
106,2025-DUNDUMWEZI-APPROVED-AND-NOT-APPROVED-PROJECTS.pdf,3,414.0,962.0,462.0,993.0,0.99997
MUNYEKE COMMUNITY,2025-DUNDUMWEZI-APPROVED-AND-NOT-APPROVED-PROJECTS.pdf,3,502.0,962.0,826.0,993.0,0.99929
INSUFFICIENT FUNDS,2025-DUNDUMWEZI-APPROVED-AND-NOT-APPROVED-PROJECTS.pdf,3,2915.0,989.0,3226.0,1021.0,0.6848
CONSTRUCTION,2025-DUNDUMWEZI-APPROVED-AND-NOT-APPROVED-PROJECTS.pdf,3,2183.0,991.0,2403.0,1027.0,0.9987
CHIKANTA,2025-DUNDUMWEZI-APPROVED-AND-NOT-APPROVED-PROJECTS.pdf,3,2469.0,992.0,2615.0,1023.0,0.99994
NOT APPROVED,2025-DUNDUMWEZI-APPROVED-AND-NOT-APPROVED-PROJECTS.pdf,3,2641.0,992.0,2873.0,1023.0,0.98804
CONSTRUCTION OF 4 STAFF HOUSES,2025-DUNDUMWEZI-APPROVED-AND-NOT-APPROVED-PROJECTS.pdf,3,1394.0,994.0,1879.0,1030.0,0.67338
EDUCATION,2025-DUNDUMWEZI-APPROVED-AND-NOT-APPROVED-PROJECTS.pdf,3,1967.0,995.0,2130.0,1026.0,0.85758
CHILALA SECONDARY SCHOOL,2025-DUNDUMWEZI-APPROVED-AND-NOT-APPROVED-PROJECTS.pdf,3,503.0,999.0,920.0,1035.0,0.68164
107,2025-DUNDUMWEZI-APPROVED-AND-NOT-APPROVED-PROJECTS.pdf,3,414.0,1003.0,462.0,1032.0,0.99999
NOT APPROVED,2025-DUNDUMWEZI-APPROVED-AND-NOT-APPROVED-PROJECTS.pdf,3,2641.0,1030.0,2870.0,1062.0,0.99559
INSUFFICIENT FUNDS,2025-DUNDUMWEZI-APPROVED-AND-NOT-APPROVED-PROJECTS.pdf,3,2915.0,1030.0,3226.0,1062.0,0.96791
EDUCATION,2025-DUNDUMWEZI-APPROVED-AND-NOT-APPROVED-PROJECTS.pdf,3,1967.0,1033.0,2130.0,1065.0,0.93591
CONSTRUCTION,2025-DUNDUMWEZI-APPROVED-AND-NOT-APPROVED-PROJECTS.pdf,3,2187.0,1033.0,2404.0,1065.0,0.75189
CHIKANTA,2025-DUNDUMWEZI-APPROVED-AND-NOT-APPROVED-PROJECTS.pdf,3,2469.0,1033.0,2615.0,1065.0,0.66289
CONSTRUCTION OF,2025-DUNDUMWEZI-APPROVED-AND-NOT-APPROVED-PROJECTS.pdf,3,1395.0,1036.0,1656.0,1067.0,0.87903
A PLAYPARK,2025-DUNDUMWEZI-APPROVED-AND-NOT-APPROVED-PROJECTS.pdf,3,1669.0,1036.0,1840.0,1067.0,0.67621
CHILALA PRIMARY SCHOOL,2025-DUNDUMWEZI-APPROVED-AND-NOT-APPROVED-PROJECTS.pdf,3,504.0,1041.0,878.0,1073.0,0.91361
108,2025-DUNDUMWEZI-APPROVED-AND-NOT-APPROVED-PROJECTS.pdf,3,417.0,1044.0,462.0,1073.0,0.99833
INSUFFICIENT FUNDS,2025-DUNDUMWEZI-APPROVED-AND-NOT-APPROVED-PROJECTS.pdf,3,2914.0,1068.0,3227.0,1104.0,0.71561
NOT APPROVED,2025-DUNDUMWEZI-APPROVED-AND-NOT-APPROVED-PROJECTS.pdf,3,2641.0,1072.0,2873.0,1103.0,0.95733
EDUCATION,2025-DUNDUMWEZI-APPROVED-AND-NOT-APPROVED-PROJECTS.pdf,3,1967.0,1074.0,2133.0,1106.0,0.61593
FABRICATION,2025-DUNDUMWEZI-APPROVED-AND-NOT-APPROVED-PROJECTS.pdf,3,2187.0,1074.0,2374.0,1103.0,0.99989
CHIKANTA,2025-DUNDUMWEZI-APPROVED-AND-NOT-APPROVED-PROJECTS.pdf,3,2469.0,1074.0,2615.0,1103.0,0.99985
FABRICATION OF DESKS,2025-DUNDUMWEZI-APPROVED-AND-NOT-APPROVED-PROJECTS.pdf,3,1398.0,1077.0,1722.0,1108.0,0.82946
CHILALA SECONDARY SCHOOL,2025-DUNDUMWEZI-APPROVED-AND-NOT-APPROVED-PROJECTS.pdf,3,503.0,1079.0,920.0,1115.0,0.62938
109,2025-DUNDUMWEZI-APPROVED-AND-NOT-APPROVED-PROJECTS.pdf,3,417.0,1085.0,462.0,1114.0,0.99997
NOT APPROVED,2025-DUNDUMWEZI-APPROVED-AND-NOT-APPROVED-PROJECTS.pdf,3,2640.0,1109.0,2874.0,1145.0,0.99914
INSUFFICENT FUNDS,2025-DUNDUMWEZI-APPROVED-AND-NOT-APPROVED-PROJECTS.pdf,3,2915.0,1110.0,3226.0,1141.0,0.89381
CONSTRUCTION,2025-DUNDUMWEZI-APPROVED-AND-NOT-APPROVED-PROJECTS.pdf,3,2187.0,1113.0,2404.0,1144.0,0.9306
CHIKANTA,2025-DUNDUMWEZI-APPROVED-AND-NOT-APPROVED-PROJECTS.pdf,3,2469.0,1113.0,2618.0,1144.0,0.99537
CONSTRUCTION OF GIRLS'S HOSTEL,2025-DUNDUMWEZI-APPROVED-AND-NOT-APPROVED-PROJECTS.pdf,3,1398.0,1115.0,1873.0,1147.0,0.5319
EDUCATION,2025-DUNDUMWEZI-APPROVED-AND-NOT-APPROVED-PROJECTS.pdf,3,1967.0,1115.0,2130.0,1147.0,0.99832
CHILALA SECONDARY SCHOOL,2025-DUNDUMWEZI-APPROVED-AND-NOT-APPROVED-PROJECTS.pdf,3,504.0,1121.0,922.0,1152.0,0.73716
10,2025-DUNDUMWEZI-APPROVED-AND-NOT-APPROVED-PROJECTS.pdf,3,430.0,1124.0,465.0,1152.0,0.99829
NOT APPROVED,2025-DUNDUMWEZI-APPROVED-AND-NOT-APPROVED-PROJECTS.pdf,3,2641.0,1151.0,2873.0,1182.0,0.9672
INSUFFICIENT FUNDS,2025-DUNDUMWEZI-APPROVED-AND-NOT-APPROVED-PROJECTS.pdf,3,2918.0,1151.0,3226.0,1182.0,0.70038
EDUCATION,2025-DUNDUMWEZI-APPROVED-AND-NOT-APPROVED-PROJECTS.pdf,3,1967.0,1154.0,2133.0,1185.0,0.98841
CONSTRUCTION,2025-DUNDUMWEZI-APPROVED-AND-NOT-APPROVED-PROJECTS.pdf,3,2187.0,1154.0,2404.0,1185.0,0.72057
CHIKANTA,2025-DUNDUMWEZI-APPROVED-AND-NOT-APPROVED-PROJECTS.pdf,3,2469.0,1154.0,2618.0,1185.0,0.99666
CONSTRUCTIONOF IX3 CRB,2025-DUNDUMWEZI-APPROVED-AND-NOT-APPROVED-PROJECTS.pdf,3,1398.0,1156.0,1769.0,1188.0,0.52014
CHIKANTA PRIMARY SCHOOL,2025-DUNDUMWEZI-APPROVED-AND-NOT-APPROVED-PROJECTS.pdf,3,503.0,1158.0,904.0,1194.0,0.59179
INSUFFICIENT FUNDS,2025-DUNDUMWEZI-APPROVED-AND-NOT-APPROVED-PROJECTS.pdf,3,2917.0,1188.0,3227.0,1224.0,0.75891
CHIKANTA,2025-DUNDUMWEZI-APPROVED-AND-NOT-APPROVED-PROJECTS.pdf,3,2469.0,1192.0,2618.0,1223.0,0.9528
NOT APPROVED,2025-DUNDUMWEZI-APPROVED-AND-NOT-APPROVED-PROJECTS.pdf,3,2641.0,1192.0,2873.0,1223.0,0.81952
WATER RETICULATION SYSTEM,2025-DUNDUMWEZI-APPROVED-AND-NOT-APPROVED-PROJECTS.pdf,3,1400.0,1195.0,1823.0,1226.0,0.98094
WATER,2025-DUNDUMWEZI-APPROVED-AND-NOT-APPROVED-PROJECTS.pdf,3,1967.0,1195.0,2070.0,1226.0,0.99997
INSTALLTION,2025-DUNDUMWEZI-APPROVED-AND-NOT-APPROVED-PROJECTS.pdf,3,2187.0,1195.0,2371.0,1223.0,0.7427
CHIKANTA PRIMARY SCHOOL,2025-DUNDUMWEZI-APPROVED-AND-NOT-APPROVED-PROJECTS.pdf,3,506.0,1199.0,904.0,1235.0,0.89096
112,2025-DUNDUMWEZI-APPROVED-AND-NOT-APPROVED-PROJECTS.pdf,3,420.0,1210.0,461.0,1231.0,0.85707
NOT APPROVED,2025-DUNDUMWEZI-APPROVED-AND-NOT-APPROVED-PROJECTS.pdf,3,2640.0,1229.0,2874.0,1266.0,0.98837
INSUFFICIENT FUNDS,2025-DUNDUMWEZI-APPROVED-AND-NOT-APPROVED-PROJECTS.pdf,3,2918.0,1230.0,3226.0,1262.0,0.71281
EDUCATION,2025-DUNDUMWEZI-APPROVED-AND-NOT-APPROVED-PROJECTS.pdf,3,1967.0,1233.0,2133.0,1265.0,0.99997
FABRICATION,2025-DUNDUMWEZI-APPROVED-AND-NOT-APPROVED-PROJECTS.pdf,3,2187.0,1233.0,2374.0,1265.0,0.99996
CHIKANTA,2025-DUNDUMWEZI-APPROVED-AND-NOT-APPROVED-PROJECTS.pdf,3,2469.0,1233.0,2618.0,1265.0,0.9996
FABRICATION OF DESKS,2025-DUNDUMWEZI-APPROVED-AND-NOT-APPROVED-PROJECTS.pdf,3,1398.0,1236.0,1725.0,1267.0,0.87833
MWEEMBO PRIMARY SCHOOL,2025-DUNDUMWEZI-APPROVED-AND-NOT-APPROVED-PROJECTS.pdf,3,507.0,1239.0,908.0,1270.0,0.98858
3,2025-DUNDUMWEZI-APPROVED-AND-NOT-APPROVED-PROJECTS.pdf,3,381.0,1247.0,407.0,1300.0,0.36639
INSUFFICIENT FUNDS,2025-DUNDUMWEZI-APPROVED-AND-NOT-APPROVED-PROJECTS.pdf,3,2917.0,1268.0,3230.0,1304.0,0.66289
NOT APPROVED,2025-DUNDUMWEZI-APPROVED-AND-NOT-APPROVED-PROJECTS.pdf,3,2641.0,1272.0,2873.0,1303.0,0.6849
COMPLETION OF 1X3 CRB,2025-DUNDUMWEZI-APPROVED-AND-NOT-APPROVED-PROJECTS.pdf,3,1398.0,1274.0,1741.0,1306.0,0.75263
EDUCATION,2025-DUNDUMWEZI-APPROVED-AND-NOT-APPROVED-PROJECTS.pdf,3,1967.0,1274.0,2133.0,1306.0,0.99998
COMPLETION,2025-DUNDUMWEZI-APPROVED-AND-NOT-APPROVED-PROJECTS.pdf,3,2187.0,1274.0,2371.0,1303.0,0.72592
CHIKANTA,2025-DUNDUMWEZI-APPROVED-AND-NOT-APPROVED-PROJECTS.pdf,3,2469.0,1274.0,2618.0,1303.0,0.63195
MABOMBO PRIMARY SCHOOL,2025-DUNDUMWEZI-APPROVED-AND-NOT-APPROVED-PROJECTS.pdf,3,510.0,1280.0,906.0,1311.0,0.75242
NOT APPROVED,2025-DUNDUMWEZI-APPROVED-AND-NOT-APPROVED-PROJECTS.pdf,3,2640.0,1309.0,2874.0,1345.0,0.76825
NNSUFFICIENT FUNDS,2025-DUNDUMWEZI-APPROVED-AND-NOT-APPROVED-PROJECTS.pdf,3,2918.0,1310.0,3226.0,1341.0,0.68807
CONSTRUCTION OF 1X3 CRB. FABRICATIONEDUCATION,2025-DUNDUMWEZI-APPROVED-AND-NOT-APPROVED-PROJECTS.pdf,3,1397.0,1312.0,2134.0,1348.0,0.61087
CONSTRUCTION ANL CHIKANTA,2025-DUNDUMWEZI-APPROVED-AND-NOT-APPROVED-PROJECTS.pdf,3,2187.0,1313.0,2618.0,1344.0,0.53454
HABULILE COMMUNITY SCHOOL,2025-DUNDUMWEZI-APPROVED-AND-NOT-APPROVED-PROJECTS.pdf,3,506.0,1317.0,948.0,1353.0,0.66867
1,2025-DUNDUMWEZI-APPROVED-AND-NOT-APPROVED-PROJECTS.pdf,3,155.98,1329.01,196.02,1445.99,0.36854
INSUFFICENT FUNDS,2025-DUNDUMWEZI-APPROVED-AND-NOT-APPROVED-PROJECTS.pdf,3,2918.0,1348.0,3229.0,1380.0,0.97558
8,2025-DUNDUMWEZI-APPROVED-AND-NOT-APPROVED-PROJECTS.pdf,3,229.0,1350.0,304.0,1455.0,0.45214
DRILLING,2025-DUNDUMWEZI-APPROVED-AND-NOT-APPROVED-PROJECTS.pdf,3,2189.0,1351.0,2322.0,1382.0,0.80657
CHIKANTA,2025-DUNDUMWEZI-APPROVED-AND-NOT-APPROVED-PROJECTS.pdf,3,2472.0,1351.0,2618.0,1382.0,0.99773
NOT APPROVED,2025-DUNDUMWEZI-APPROVED-AND-NOT-APPROVED-PROJECTS.pdf,3,2641.0,1351.0,2873.0,1382.0,0.91258
DRILLING OF A BOREHOLE,2025-DUNDUMWEZI-APPROVED-AND-NOT-APPROVED-PROJECTS.pdf,3,1400.0,1354.0,1755.0,1385.0,0.95818
WATER,2025-DUNDUMWEZI-APPROVED-AND-NOT-APPROVED-PROJECTS.pdf,3,1970.0,1354.0,2070.0,1382.0,0.9997
MWEEMBO PRIMARY SCHOOL,2025-DUNDUMWEZI-APPROVED-AND-NOT-APPROVED-PROJECTS.pdf,3,506.0,1355.0,909.0,1392.0,0.70701
8,2025-DUNDUMWEZI-APPROVED-AND-NOT-APPROVED-PROJECTS.pdf,3,133.0,1377.0,163.0,1444.0,0.79667
INSUFFICEENT FUNDS,2025-DUNDUMWEZI-APPROVED-AND-NOT-APPROVED-PROJECTS.pdf,3,2917.0,1386.0,3230.0,1422.0,0.72994
NOT APPROVED,2025-DUNDUMWEZI-APPROVED-AND-NOT-APPROVED-PROJECTS.pdf,3,2640.0,1388.0,2874.0,1424.0,0.99923
WATER RETICULATION SYSTEM,2025-DUNDUMWEZI-APPROVED-AND-NOT-APPROVED-PROJECTS.pdf,3,1400.0,1392.0,1823.0,1423.0,0.99482
WATER,2025-DUNDUMWEZI-APPROVED-AND-NOT-APPROVED-PROJECTS.pdf,3,1967.0,1392.0,2070.0,1423.0,0.99997
INSTALLTION,2025-DUNDUMWEZI-APPROVED-AND-NOT-APPROVED-PROJECTS.pdf,3,2187.0,1392.0,2371.0,1421.0,0.99974
CHIKANTA,2025-DUNDUMWEZI-APPROVED-AND-NOT-APPROVED-PROJECTS.pdf,3,2472.0,1392.0,2618.0,1421.0,0.99978
CHILALA MECHANISED SYSTEM,2025-DUNDUMWEZI-APPROVED-AND-NOT-APPROVED-PROJECTS.pdf,3,506.0,1397.0,934.0,1433.0,0.92135
INSUFFICIENT FUNDS,2025-DUNDUMWEZI-APPROVED-AND-NOT-APPROVED-PROJECTS.pdf,3,2917.0,1427.0,3230.0,1463.0,0.9912
ASSETS,2025-DUNDUMWEZI-APPROVED-AND-NOT-APPROVED-PROJECTS.pdf,3,2189.0,1430.0,2292.0,1462.0,0.99979
CHIKANTA,2025-DUNDUMWEZI-APPROVED-AND-NOT-APPROVED-PROJECTS.pdf,3,2472.0,1430.0,2618.0,1462.0,0.99995
NOT APPROVED,2025-DUNDUMWEZI-APPROVED-AND-NOT-APPROVED-PROJECTS.pdf,3,2641.0,1430.0,2873.0,1462.0,0.99865
PROCUREMENT OF DESKS,2025-DUNDUMWEZI-APPROVED-AND-NOT-APPROVED-PROJECTS.pdf,3,1400.0,1433.0,1747.0,1465.0,0.9995
EDUCATION,2025-DUNDUMWEZI-APPROVED-AND-NOT-APPROVED-PROJECTS.pdf,3,1967.0,1433.0,2133.0,1465.0,0.99986
CHIKANTA PRIMARY SCHOOL,2025-DUNDUMWEZI-APPROVED-AND-NOT-APPROVED-PROJECTS.pdf,3,508.0,1435.0,907.0,1472.0,0.97309
1,2025-DUNDUMWEZI-APPROVED-AND-NOT-APPROVED-PROJECTS.pdf,3,133.32,1438.0,186.68,1673.0,0.13326
1,2025-DUNDUMWEZI-APPROVED-AND-NOT-APPROVED-PROJECTS.pdf,3,117.93,1441.01,158.07,1551.99,0.71205
8,2025-DUNDUMWEZI-APPROVED-AND-NOT-APPROVED-PROJECTS.pdf,3,451.0,1445.0,466.0,1469.0,0.99999
E,2025-DUNDUMWEZI-APPROVED-AND-NOT-APPROVED-PROJECTS.pdf,3,218.0,1457.0,293.0,1559.0,0.20413
INSUFFICENT FUNDS,2025-DUNDUMWEZI-APPROVED-AND-NOT-APPROVED-PROJECTS.pdf,3,2920.0,1465.0,3230.0,1501.0,0.59346
NOT APPROVED,2025-DUNDUMWEZI-APPROVED-AND-NOT-APPROVED-PROJECTS.pdf,3,2641.0,1469.0,2873.0,1500.0,0.78256
PROCUREMENT OF FURNITUER,2025-DUNDUMWEZI-APPROVED-AND-NOT-APPROVED-PROJECTS.pdf,3,1399.0,1471.0,1814.0,1507.0,0.99895
EDUCATION,2025-DUNDUMWEZI-APPROVED-AND-NOT-APPROVED-PROJECTS.pdf,3,1970.0,1472.0,2133.0,1503.0,0.99992
ASSETS,2025-DUNDUMWEZI-APPROVED-AND-NOT-APPROVED-PROJECTS.pdf,3,2189.0,1472.0,2292.0,1503.0,0.99982
CHIKANTA,2025-DUNDUMWEZI-APPROVED-AND-NOT-APPROVED-PROJECTS.pdf,3,2472.0,1472.0,2618.0,1500.0,0.99992
KAMINYA COMMUNITY SCHOOL,2025-DUNDUMWEZI-APPROVED-AND-NOT-APPROVED-PROJECTS.pdf,3,507.0,1477.0,944.0,1508.0,0.79148
9,2025-DUNDUMWEZI-APPROVED-AND-NOT-APPROVED-PROJECTS.pdf,3,451.0,1483.0,466.0,1507.0,0.81138
NOT APPROVED,2025-DUNDUMWEZI-APPROVED-AND-NOT-APPROVED-PROJECTS.pdf,3,2640.0,1506.0,2874.0,1542.0,0.81141
INSUFFICIENT FUNDS,2025-DUNDUMWEZI-APPROVED-AND-NOT-APPROVED-PROJECTS.pdf,3,2918.0,1507.0,3229.0,1539.0,0.8521
FABRICATION,2025-DUNDUMWEZI-APPROVED-AND-NOT-APPROVED-PROJECTS.pdf,3,2189.0,1510.0,2377.0,1541.0,0.80341
CHIKANTA,2025-DUNDUMWEZI-APPROVED-AND-NOT-APPROVED-PROJECTS.pdf,3,2472.0,1510.0,2618.0,1541.0,0.99996
FABRICATION OF DESKS,2025-DUNDUMWEZI-APPROVED-AND-NOT-APPROVED-PROJECTS.pdf,3,1400.0,1513.0,1725.0,1544.0,0.94569
EDUCATION,2025-DUNDUMWEZI-APPROVED-AND-NOT-APPROVED-PROJECTS.pdf,3,1970.0,1513.0,2133.0,1541.0,0.82516
CHILALA COMMUNITY SCHOOL,2025-DUNDUMWEZI-APPROVED-AND-NOT-APPROVED-PROJECTS.pdf,3,509.0,1514.0,931.0,1551.0,0.79213
20,2025-DUNDUMWEZI-APPROVED-AND-NOT-APPROVED-PROJECTS.pdf,3,433.0,1518.0,467.0,1550.0,0.52608
1,2025-DUNDUMWEZI-APPROVED-AND-NOT-APPROVED-PROJECTS.pdf,3,104.95,1543.01,148.05,1664.99,0.6569
NNSUFFICEENT FUNDS,2025-DUNDUMWEZI-APPROVED-AND-NOT-APPROVED-PROJECTS.pdf,3,2917.0,1545.0,3230.0,1581.0,0.806
NOT APPROVED,2025-DUNDUMWEZI-APPROVED-AND-NOT-APPROVED-PROJECTS.pdf,3,2643.0,1547.0,2874.0,1583.0,0.98939
EDUCATION,2025-DUNDUMWEZI-APPROVED-AND-NOT-APPROVED-PROJECTS.pdf,3,1969.0,1550.0,2134.0,1586.0,0.82129
COMPLETION,2025-DUNDUMWEZI-APPROVED-AND-NOT-APPROVED-PROJECTS.pdf,3,2189.0,1551.0,2371.0,1582.0,0.99327
CHIKANTA,2025-DUNDUMWEZI-APPROVED-AND-NOT-APPROVED-PROJECTS.pdf,3,2472.0,1551.0,2618.0,1582.0,0.99999
COMPLETION OF 1X3 CRB,2025-DUNDUMWEZI-APPROVED-AND-NOT-APPROVED-PROJECTS.pdf,3,1400.0,1554.0,1741.0,1585.0,0.85299
HABULILE PRIMARY AND SECONDARY SCHOOL,2025-DUNDUMWEZI-APPROVED-AND-NOT-APPROVED-PROJECTS.pdf,3,509.0,1555.0,1145.0,1592.0,0.79281
1,2025-DUNDUMWEZI-APPROVED-AND-NOT-APPROVED-PROJECTS.pdf,3,430.0,1562.0,467.0,1591.0,0.89792
2,2025-DUNDUMWEZI-APPROVED-AND-NOT-APPROVED-PROJECTS.pdf,3,94.0,1563.0,113.0,1587.0,0.76609
F,2025-DUNDUMWEZI-APPROVED-AND-NOT-APPROVED-PROJECTS.pdf,3,207.0,1566.0,282.0,1644.0,0.29835
NNSUFFICIENT FUNDS,2025-DUNDUMWEZI-APPROVED-AND-NOT-APPROVED-PROJECTS.pdf,3,2919.0,1583.0,3230.0,1624.0,0.63716
CHIKANTA,2025-DUNDUMWEZI-APPROVED-AND-NOT-APPROVED-PROJECTS.pdf,3,2472.0,1589.0,2618.0,1621.0,0.99996
NOT APPROVED,2025-DUNDUMWEZI-APPROVED-AND-NOT-APPROVED-PROJECTS.pdf,3,2644.0,1589.0,2873.0,1621.0,0.57831
DRILLING OF A BOREHOLE,2025-DUNDUMWEZI-APPROVED-AND-NOT-APPROVED-PROJECTS.pdf,3,1403.0,1592.0,1758.0,1623.0,0.99603
WATER,2025-DUNDUMWEZI-APPROVED-AND-NOT-APPROVED-PROJECTS.pdf,3,1970.0,1592.0,2070.0,1621.0,0.99972
DRILLING,2025-DUNDUMWEZI-APPROVED-AND-NOT-APPROVED-PROJECTS.pdf,3,2192.0,1592.0,2322.0,1621.0,0.91441
KAUMBASIMUNZA AND SIMUTENGUNA VILLAGE,2025-DUNDUMWEZI-APPROVED-AND-NOT-APPROVED-PROJECTS.pdf,3,509.0,1594.0,1170.0,1630.0,0.92571
122,2025-DUNDUMWEZI-APPROVED-AND-NOT-APPROVED-PROJECTS.pdf,3,422.0,1600.0,467.0,1629.0,0.86052
NOT APPROVED,2025-DUNDUMWEZI-APPROVED-AND-NOT-APPROVED-PROJECTS.pdf,3,2643.0,1627.0,2874.0,1663.0,0.99981
INSUFFICENT FUNDS,2025-DUNDUMWEZI-APPROVED-AND-NOT-APPROVED-PROJECTS.pdf,3,2921.0,1628.0,3229.0,1659.0,0.84222
DRILLING,2025-DUNDUMWEZI-APPROVED-AND-NOT-APPROVED-PROJECTS.pdf,3,2192.0,1630.0,2322.0,1662.0,0.99997
CHIKANTA,2025-DUNDUMWEZI-APPROVED-AND-NOT-APPROVED-PROJECTS.pdf,3,2472.0,1630.0,2621.0,1662.0,0.72042
DRILLING OF,2025-DUNDUMWEZI-APPROVED-AND-NOT-APPROVED-PROJECTS.pdf,3,1403.0,1633.0,1577.0,1665.0,0.97268
A BOREHOLE,2025-DUNDUMWEZI-APPROVED-AND-NOT-APPROVED-PROJECTS.pdf,3,1584.0,1633.0,1758.0,1665.0,0.99957
WATER,2025-DUNDUMWEZI-APPROVED-AND-NOT-APPROVED-PROJECTS.pdf,3,1970.0,1633.0,2073.0,1662.0,0.99978
KAPONDO BRANCH (SIMUNZA VILLAGE),2025-DUNDUMWEZI-APPROVED-AND-NOT-APPROVED-PROJECTS.pdf,3,509.0,1635.0,1049.0,1671.0,0.80384
125,2025-DUNDUMWEZI-APPROVED-AND-NOT-APPROVED-PROJECTS.pdf,3,422.0,1641.0,470.0,1670.0,0.51115
1,2025-DUNDUMWEZI-APPROVED-AND-NOT-APPROVED-PROJECTS.pdf,3,97.9,1650.02,134.1,1746.98,0.58053
NNSUFFICEENT FUNDS,2025-DUNDUMWEZI-APPROVED-AND-NOT-APPROVED-PROJECTS.pdf,3,2920.0,1665.0,3230.0,1701.0,0.57262
CHIKANTA,2025-DUNDUMWEZI-APPROVED-AND-NOT-APPROVED-PROJECTS.pdf,3,2472.0,1669.0,2621.0,1700.0,0.94675
NOT APPROVED,2025-DUNDUMWEZI-APPROVED-AND-NOT-APPROVED-PROJECTS.pdf,3,2644.0,1669.0,2873.0,1700.0,0.99626
DRILLING OF,2025-DUNDUMWEZI-APPROVED-AND-NOT-APPROVED-PROJECTS.pdf,3,1403.0,1672.0,1577.0,1703.0,0.99926
WATER,2025-DUNDUMWEZI-APPROVED-AND-NOT-APPROVED-PROJECTS.pdf,3,1973.0,1672.0,2073.0,1703.0,0.99994
DRILLING,2025-DUNDUMWEZI-APPROVED-AND-NOT-APPROVED-PROJECTS.pdf,3,2192.0,1672.0,2322.0,1700.0,0.9999
A BOREHOLE,2025-DUNDUMWEZI-APPROVED-AND-NOT-APPROVED-PROJECTS.pdf,3,1584.0,1674.0,1758.0,1703.0,0.8982
KABUNDA EAST,2025-DUNDUMWEZI-APPROVED-AND-NOT-APPROVED-PROJECTS.pdf,3,510.0,1677.0,728.0,1708.0,0.97497
124,2025-DUNDUMWEZI-APPROVED-AND-NOT-APPROVED-PROJECTS.pdf,3,422.0,1680.0,470.0,1711.0,0.59683
NOT APPROVED,2025-DUNDUMWEZI-APPROVED-AND-NOT-APPROVED-PROJECTS.pdf,3,2643.0,1706.0,2874.0,1742.0,0.96808
[NSUFFICEENT FUNDS,2025-DUNDUMWEZI-APPROVED-AND-NOT-APPROVED-PROJECTS.pdf,3,2921.0,1707.0,3229.0,1739.0,0.82921
DRILLING,2025-DUNDUMWEZI-APPROVED-AND-NOT-APPROVED-PROJECTS.pdf,3,2189.0,1710.0,2325.0,1741.0,0.8501
CHIKANTA,2025-DUNDUMWEZI-APPROVED-AND-NOT-APPROVED-PROJECTS.pdf,3,2472.0,1710.0,2618.0,1741.0,0.99953
DRILLING OF A BOREHOLE,2025-DUNDUMWEZI-APPROVED-AND-NOT-APPROVED-PROJECTS.pdf,3,1403.0,1713.0,1758.0,1744.0,0.85894
WATER,2025-DUNDUMWEZI-APPROVED-AND-NOT-APPROVED-PROJECTS.pdf,3,1973.0,1713.0,2073.0,1741.0,0.99988
HAMBENZU VILLAGE,2025-DUNDUMWEZI-APPROVED-AND-NOT-APPROVED-PROJECTS.pdf,3,512.0,1714.0,800.0,1751.0,0.95864
125,2025-DUNDUMWEZI-APPROVED-AND-NOT-APPROVED-PROJECTS.pdf,3,422.0,1718.0,470.0,1750.0,0.82886
INSUFFICEENT FUNDS,2025-DUNDUMWEZI-APPROVED-AND-NOT-APPROVED-PROJECTS.pdf,3,2920.0,1745.0,3230.0,1781.0,0.81126
NOT APPROVED,2025-DUNDUMWEZI-APPROVED-AND-NOT-APPROVED-PROJECTS.pdf,3,2644.0,1748.0,2876.0,1780.0,0.97188
DRILLING OF A BOREHOLE,2025-DUNDUMWEZI-APPROVED-AND-NOT-APPROVED-PROJECTS.pdf,3,1403.0,1751.0,1760.0,1782.0,0.7394
WATER,2025-DUNDUMWEZI-APPROVED-AND-NOT-APPROVED-PROJECTS.pdf,3,1973.0,1751.0,2073.0,1782.0,0.99998
DRILLING,2025-DUNDUMWEZI-APPROVED-AND-NOT-APPROVED-PROJECTS.pdf,3,2192.0,1751.0,2322.0,1780.0,0.99998
CHIKANTA,2025-DUNDUMWEZI-APPROVED-AND-NOT-APPROVED-PROJECTS.pdf,3,2472.0,1751.0,2621.0,1780.0,0.64453
MULALA VILLAGE,2025-DUNDUMWEZI-APPROVED-AND-NOT-APPROVED-PROJECTS.pdf,3,513.0,1756.0,760.0,1788.0,0.71757
126,2025-DUNDUMWEZI-APPROVED-AND-NOT-APPROVED-PROJECTS.pdf,3,422.0,1759.0,470.0,1788.0,0.99983
NOT APPROVED,2025-DUNDUMWEZI-APPROVED-AND-NOT-APPROVED-PROJECTS.pdf,3,2643.0,1783.0,2877.0,1824.0,0.99463
INSUFFICIENT FUNDS,2025-DUNDUMWEZI-APPROVED-AND-NOT-APPROVED-PROJECTS.pdf,3,2918.0,1787.0,3229.0,1818.0,0.75541
DRILLING,2025-DUNDUMWEZI-APPROVED-AND-NOT-APPROVED-PROJECTS.pdf,3,2192.0,1789.0,2325.0,1821.0,0.99992
CHIKANTA,2025-DUNDUMWEZI-APPROVED-AND-NOT-APPROVED-PROJECTS.pdf,3,2472.0,1789.0,2621.0,1821.0,0.99921
DRILLING OF A BOREHOLE,2025-DUNDUMWEZI-APPROVED-AND-NOT-APPROVED-PROJECTS.pdf,3,1403.0,1792.0,1758.0,1823.0,0.67413
WATER,2025-DUNDUMWEZI-APPROVED-AND-NOT-APPROVED-PROJECTS.pdf,3,1973.0,1792.0,2073.0,1821.0,0.99989
HACHIPOMBE NORTH,2025-DUNDUMWEZI-APPROVED-AND-NOT-APPROVED-PROJECTS.pdf,3,512.0,1794.0,803.0,1830.0,0.97167
127,2025-DUNDUMWEZI-APPROVED-AND-NOT-APPROVED-PROJECTS.pdf,3,425.0,1798.0,470.0,1829.0,1.0
INSUFFICIENT FUNDS,2025-DUNDUMWEZI-APPROVED-AND-NOT-APPROVED-PROJECTS.pdf,3,2920.0,1824.0,3230.0,1860.0,0.57856
NOT APPROVED,2025-DUNDUMWEZI-APPROVED-AND-NOT-APPROVED-PROJECTS.pdf,3,2644.0,1828.0,2876.0,1859.0,0.98635
WATER,2025-DUNDUMWEZI-APPROVED-AND-NOT-APPROVED-PROJECTS.pdf,3,1973.0,1830.0,2073.0,1862.0,0.99208
DRILLING,2025-DUNDUMWEZI-APPROVED-AND-NOT-APPROVED-PROJECTS.pdf,3,2192.0,1830.0,2325.0,1859.0,0.84008
CHIKANTA,2025-DUNDUMWEZI-APPROVED-AND-NOT-APPROVED-PROJECTS.pdf,3,2472.0,1830.0,2621.0,1859.0,0.95444
DRILLING OF A BOREHOLE,2025-DUNDUMWEZI-APPROVED-AND-NOT-APPROVED-PROJECTS.pdf,3,1403.0,1833.0,1760.0,1862.0,0.9989
LUBOMBA VILLAGE,2025-DUNDUMWEZI-APPROVED-AND-NOT-APPROVED-PROJECTS.pdf,3,513.0,1836.0,780.0,1867.0,0.99886
128,2025-DUNDUMWEZI-APPROVED-AND-NOT-APPROVED-PROJECTS.pdf,3,425.0,1839.0,473.0,1870.0,0.99963
NOT APPROVED,2025-DUNDUMWEZI-APPROVED-AND-NOT-APPROVED-PROJECTS.pdf,3,2643.0,1865.0,2877.0,1901.0,0.99828
INSUFFICEENT FUNDS,2025-DUNDUMWEZI-APPROVED-AND-NOT-APPROVED-PROJECTS.pdf,3,2920.0,1865.0,3230.0,1901.0,0.59952
DRILLING,2025-DUNDUMWEZI-APPROVED-AND-NOT-APPROVED-PROJECTS.pdf,3,2192.0,1869.0,2325.0,1900.0,0.99991
CHIKANTA,2025-DUNDUMWEZI-APPROVED-AND-NOT-APPROVED-PROJECTS.pdf,3,2474.0,1869.0,2621.0,1900.0,0.9997
DRILLING OF A BOREHOLE,2025-DUNDUMWEZI-APPROVED-AND-NOT-APPROVED-PROJECTS.pdf,3,1403.0,1872.0,1760.0,1903.0,0.88376
WATER,2025-DUNDUMWEZI-APPROVED-AND-NOT-APPROVED-PROJECTS.pdf,3,1973.0,1872.0,2073.0,1903.0,0.61231
129,2025-DUNDUMWEZI-APPROVED-AND-NOT-APPROVED-PROJECTS.pdf,3,425.0,1877.0,473.0,1908.0,0.99836
MUCHENJEJE VILLAGE,2025-DUNDUMWEZI-APPROVED-AND-NOT-APPROVED-PROJECTS.pdf,3,515.0,1877.0,818.0,1908.0,0.99868
NOT APPROVED,2025-DUNDUMWEZI-APPROVED-AND-NOT-APPROVED-PROJECTS.pdf,3,2643.0,1906.0,2877.0,1942.0,0.99887
INSUFFICEENT FUNDS,2025-DUNDUMWEZI-APPROVED-AND-NOT-APPROVED-PROJECTS.pdf,3,2921.0,1907.0,3229.0,1939.0,0.40418
DRILLING,2025-DUNDUMWEZI-APPROVED-AND-NOT-APPROVED-PROJECTS.pdf,3,2192.0,1910.0,2325.0,1941.0,0.99996
CHIKANTA,2025-DUNDUMWEZI-APPROVED-AND-NOT-APPROVED-PROJECTS.pdf,3,2474.0,1910.0,2621.0,1941.0,0.75083
DRILLING OF A BOREHOLE,2025-DUNDUMWEZI-APPROVED-AND-NOT-APPROVED-PROJECTS.pdf,3,1403.0,1913.0,1760.0,1944.0,0.9991
WATER,2025-DUNDUMWEZI-APPROVED-AND-NOT-APPROVED-PROJECTS.pdf,3,1973.0,1913.0,2073.0,1941.0,0.99986
KALAMA COMMUNITY,2025-DUNDUMWEZI-APPROVED-AND-NOT-APPROVED-PROJECTS.pdf,3,515.0,1915.0,818.0,1947.0,0.8858
130,2025-DUNDUMWEZI-APPROVED-AND-NOT-APPROVED-PROJECTS.pdf,3,425.0,1918.0,473.0,1950.0,0.92823
NOT APPROVED,2025-DUNDUMWEZI-APPROVED-AND-NOT-APPROVED-PROJECTS.pdf,3,2643.0,1947.0,2877.0,1983.0,0.76921
[NSUFFICINT FUNDS,2025-DUNDUMWEZI-APPROVED-AND-NOT-APPROVED-PROJECTS.pdf,3,2921.0,1948.0,3229.0,1980.0,0.61795
DRILLING,2025-DUNDUMWEZI-APPROVED-AND-NOT-APPROVED-PROJECTS.pdf,3,2192.0,1951.0,2325.0,1982.0,0.9999
CHIKANTA,2025-DUNDUMWEZI-APPROVED-AND-NOT-APPROVED-PROJECTS.pdf,3,2474.0,1951.0,2621.0,1982.0,0.99998
DRILLING OF A BOREHOLE,2025-DUNDUMWEZI-APPROVED-AND-NOT-APPROVED-PROJECTS.pdf,3,1403.0,1954.0,1760.0,1985.0,0.99832
WATER,2025-DUNDUMWEZI-APPROVED-AND-NOT-APPROVED-PROJECTS.pdf,3,1973.0,1954.0,2073.0,1982.0,0.99996
MWEEMBA VILLAGE,2025-DUNDUMWEZI-APPROVED-AND-NOT-APPROVED-PROJECTS.pdf,3,513.0,1956.0,791.0,1988.0,0.96731
131,2025-DUNDUMWEZI-APPROVED-AND-NOT-APPROVED-PROJECTS.pdf,3,425.0,1959.0,470.0,1988.0,0.892
INSUFFICENT FUNDS,2025-DUNDUMWEZI-APPROVED-AND-NOT-APPROVED-PROJECTS.pdf,3,2920.0,1985.0,3231.0,2023.0,0.85631
DRILLING,2025-DUNDUMWEZI-APPROVED-AND-NOT-APPROVED-PROJECTS.pdf,3,2192.0,1989.0,2325.0,2021.0,0.99996
CHIKANTA,2025-DUNDUMWEZI-APPROVED-AND-NOT-APPROVED-PROJECTS.pdf,3,2474.0,1989.0,2621.0,2021.0,0.99972
NOT APPROVED,2025-DUNDUMWEZI-APPROVED-AND-NOT-APPROVED-PROJECTS.pdf,3,2644.0,1989.0,2876.0,2021.0,0.83958
DRILLING OF A BOREHOLE,2025-DUNDUMWEZI-APPROVED-AND-NOT-APPROVED-PROJECTS.pdf,3,1406.0,1992.0,1760.0,2024.0,0.96171
WATER,2025-DUNDUMWEZI-APPROVED-AND-NOT-APPROVED-PROJECTS.pdf,3,1973.0,1992.0,2073.0,2024.0,0.99995
152,2025-DUNDUMWEZI-APPROVED-AND-NOT-APPROVED-PROJECTS.pdf,3,428.0,1998.0,473.0,2029.0,0.66838
HACHIPOMBE WEST,2025-DUNDUMWEZI-APPROVED-AND-NOT-APPROVED-PROJECTS.pdf,3,513.0,1998.0,782.0,2029.0,0.96367
NNSUFFICENT FUNDS,2025-DUNDUMWEZI-APPROVED-AND-NOT-APPROVED-PROJECTS.pdf,3,2920.0,2027.0,3230.0,2063.0,0.73138
DRILLING,2025-DUNDUMWEZI-APPROVED-AND-NOT-APPROVED-PROJECTS.pdf,3,2192.0,2030.0,2325.0,2062.0,0.99996
CHIKANTA,2025-DUNDUMWEZI-APPROVED-AND-NOT-APPROVED-PROJECTS.pdf,3,2474.0,2030.0,2624.0,2062.0,0.99997
NOT APPROVED,2025-DUNDUMWEZI-APPROVED-AND-NOT-APPROVED-PROJECTS.pdf,3,2644.0,2030.0,2876.0,2062.0,0.73486
DRILLING OF A BOREKOLE,2025-DUNDUMWEZI-APPROVED-AND-NOT-APPROVED-PROJECTS.pdf,3,1403.0,2033.0,1760.0,2065.0,0.71327
WATER,2025-DUNDUMWEZI-APPROVED-AND-NOT-APPROVED-PROJECTS.pdf,3,1973.0,2033.0,2076.0,2065.0,0.99994
133,2025-DUNDUMWEZI-APPROVED-AND-NOT-APPROVED-PROJECTS.pdf,3,428.0,2039.0,473.0,2070.0,0.99965
SIMACHBELE VILLAGE,2025-DUNDUMWEZI-APPROVED-AND-NOT-APPROVED-PROJECTS.pdf,3,515.0,2039.0,821.0,2070.0,0.85944
INSUFFICIENT FUNDS,2025-DUNDUMWEZI-APPROVED-AND-NOT-APPROVED-PROJECTS.pdf,3,2920.0,2068.0,3233.0,2104.0,0.68571
DRILLING,2025-DUNDUMWEZI-APPROVED-AND-NOT-APPROVED-PROJECTS.pdf,3,2192.0,2072.0,2328.0,2103.0,0.99478
CHIKANTA,2025-DUNDUMWEZI-APPROVED-AND-NOT-APPROVED-PROJECTS.pdf,3,2474.0,2072.0,2621.0,2103.0,0.99978
NOT APPROVED,2025-DUNDUMWEZI-APPROVED-AND-NOT-APPROVED-PROJECTS.pdf,3,2644.0,2072.0,2876.0,2103.0,0.99942
DRILLING OF A BOREHOLE,2025-DUNDUMWEZI-APPROVED-AND-NOT-APPROVED-PROJECTS.pdf,3,1406.0,2074.0,1760.0,2106.0,0.87835
WATER,2025-DUNDUMWEZI-APPROVED-AND-NOT-APPROVED-PROJECTS.pdf,3,1973.0,2074.0,2076.0,2103.0,0.99992
134,2025-DUNDUMWEZI-APPROVED-AND-NOT-APPROVED-PROJECTS.pdf,3,428.0,2080.0,473.0,2111.0,0.99996
SIBOMBO,2025-DUNDUMWEZI-APPROVED-AND-NOT-APPROVED-PROJECTS.pdf,3,515.0,2080.0,645.0,2111.0,0.99951
NOT APPROVED,2025-DUNDUMWEZI-APPROVED-AND-NOT-APPROVED-PROJECTS.pdf,3,2643.0,2109.0,2877.0,2145.0,0.98166
INSUFFICIENT FUNDS,2025-DUNDUMWEZI-APPROVED-AND-NOT-APPROVED-PROJECTS.pdf,3,2921.0,2110.0,3232.0,2141.0,0.91165
DRILLING OF A BOREHOLE,2025-DUNDUMWEZI-APPROVED-AND-NOT-APPROVED-PROJECTS.pdf,3,1406.0,2113.0,1760.0,2144.0,0.93658
WATER,2025-DUNDUMWEZI-APPROVED-AND-NOT-APPROVED-PROJECTS.pdf,3,1973.0,2113.0,2076.0,2144.0,0.99991
DRILLING,2025-DUNDUMWEZI-APPROVED-AND-NOT-APPROVED-PROJECTS.pdf,3,2192.0,2113.0,2325.0,2144.0,0.99767
CHIKANTA,2025-DUNDUMWEZI-APPROVED-AND-NOT-APPROVED-PROJECTS.pdf,3,2474.0,2113.0,2621.0,2144.0,0.70394
HACHIPOMBE SOUTH VILLAGE,2025-DUNDUMWEZI-APPROVED-AND-NOT-APPROVED-PROJECTS.pdf,3,515.0,2118.0,925.0,2150.0,0.99671
135,2025-DUNDUMWEZI-APPROVED-AND-NOT-APPROVED-PROJECTS.pdf,3,428.0,2121.0,475.0,2150.0,0.9886
NNSUFFICEENT FUNDS,2025-DUNDUMWEZI-APPROVED-AND-NOT-APPROVED-PROJECTS.pdf,3,2921.0,2148.0,3232.0,2180.0,0.66878
DRILLING,2025-DUNDUMWEZI-APPROVED-AND-NOT-APPROVED-PROJECTS.pdf,3,2192.0,2151.0,2328.0,2182.0,0.59443
CHIKANTA,2025-DUNDUMWEZI-APPROVED-AND-NOT-APPROVED-PROJECTS.pdf,3,2474.0,2151.0,2621.0,2182.0,0.68555
NOT APPROVED,2025-DUNDUMWEZI-APPROVED-AND-NOT-APPROVED-PROJECTS.pdf,3,2647.0,2151.0,2876.0,2182.0,0.83276
DRILLING OF A BOREHOLE,2025-DUNDUMWEZI-APPROVED-AND-NOT-APPROVED-PROJECTS.pdf,3,1406.0,2154.0,1763.0,2185.0,0.90971
WATER,2025-DUNDUMWEZI-APPROVED-AND-NOT-APPROVED-PROJECTS.pdf,3,1976.0,2154.0,2076.0,2182.0,0.99992
136,2025-DUNDUMWEZI-APPROVED-AND-NOT-APPROVED-PROJECTS.pdf,3,430.0,2159.0,475.0,2191.0,0.49219
NALUBE WEST,2025-DUNDUMWEZI-APPROVED-AND-NOT-APPROVED-PROJECTS.pdf,3,518.0,2159.0,714.0,2191.0,0.99872
INSUFFICENT FUNDS,2025-DUNDUMWEZI-APPROVED-AND-NOT-APPROVED-PROJECTS.pdf,3,2920.0,2186.0,3233.0,2222.0,0.86756
DRILLING,2025-DUNDUMWEZI-APPROVED-AND-NOT-APPROVED-PROJECTS.pdf,3,2195.0,2189.0,2328.0,2221.0,0.99641
NOT APPROVED,2025-DUNDUMWEZI-APPROVED-AND-NOT-APPROVED-PROJECTS.pdf,3,2647.0,2189.0,2876.0,2221.0,0.97603
DRILLING OF A BOREHOLE,2025-DUNDUMWEZI-APPROVED-AND-NOT-APPROVED-PROJECTS.pdf,3,1406.0,2192.0,1763.0,2224.0,0.77368
WATER,2025-DUNDUMWEZI-APPROVED-AND-NOT-APPROVED-PROJECTS.pdf,3,1973.0,2192.0,2076.0,2224.0,0.99989
CHIKANTA,2025-DUNDUMWEZI-APPROVED-AND-NOT-APPROVED-PROJECTS.pdf,3,2477.0,2192.0,2621.0,2221.0,0.99987
HANAMBE COMMUNITY,2025-DUNDUMWEZI-APPROVED-AND-NOT-APPROVED-PROJECTS.pdf,3,518.0,2198.0,840.0,2229.0,0.99917
137,2025-DUNDUMWEZI-APPROVED-AND-NOT-APPROVED-PROJECTS.pdf,3,430.0,2200.0,475.0,2229.0,0.99466
INSUFFICENT FUNDS,2025-DUNDUMWEZI-APPROVED-AND-NOT-APPROVED-PROJECTS.pdf,3,2923.0,2224.0,3233.0,2260.0,0.95565
NOT APPROVED,2025-DUNDUMWEZI-APPROVED-AND-NOT-APPROVED-PROJECTS.pdf,3,2647.0,2228.0,2876.0,2259.0,0.71397
WATER,2025-DUNDUMWEZI-APPROVED-AND-NOT-APPROVED-PROJECTS.pdf,3,1976.0,2230.0,2076.0,2262.0,0.9957
DRILLING,2025-DUNDUMWEZI-APPROVED-AND-NOT-APPROVED-PROJECTS.pdf,3,2192.0,2230.0,2328.0,2262.0,0.99997
CHIKANTA,2025-DUNDUMWEZI-APPROVED-AND-NOT-APPROVED-PROJECTS.pdf,3,2474.0,2230.0,2624.0,2259.0,0.77626
CHEEBAMALUNDU VILLAGE (KANGOMBA COMMUNITY),2025-DUNDUMWEZI-APPROVED-AND-NOT-APPROVED-PROJECTS.pdf,3,517.0,2232.0,1263.0,2271.0,0.81513
DRILLING OF A BOREHOLE,2025-DUNDUMWEZI-APPROVED-AND-NOT-APPROVED-PROJECTS.pdf,3,1406.0,2233.0,1763.0,2262.0,0.99458
138,2025-DUNDUMWEZI-APPROVED-AND-NOT-APPROVED-PROJECTS.pdf,3,430.0,2239.0,478.0,2270.0,0.98988
INSUFFICIENT FUNDS,2025-DUNDUMWEZI-APPROVED-AND-NOT-APPROVED-PROJECTS.pdf,4,2903.0,194.0,3214.0,233.0,0.71248
NOT APPROVED,2025-DUNDUMWEZI-APPROVED-AND-NOT-APPROVED-PROJECTS.pdf,4,2627.0,199.0,2863.0,235.0,0.82573
CHIKANTA,2025-DUNDUMWEZI-APPROVED-AND-NOT-APPROVED-PROJECTS.pdf,4,2455.0,206.0,2604.0,237.0,0.99546
DRILLING,2025-DUNDUMWEZI-APPROVED-AND-NOT-APPROVED-PROJECTS.pdf,4,2173.0,208.0,2308.0,240.0,0.96872
WATER,2025-DUNDUMWEZI-APPROVED-AND-NOT-APPROVED-PROJECTS.pdf,4,1959.0,214.0,2059.0,243.0,0.99949
BOREHOLE,2025-DUNDUMWEZI-APPROVED-AND-NOT-APPROVED-PROJECTS.pdf,4,1592.0,217.0,1744.0,248.0,0.94848
DRILLING OF,2025-DUNDUMWEZI-APPROVED-AND-NOT-APPROVED-PROJECTS.pdf,4,1389.0,219.0,1566.0,251.0,0.53804
A,2025-DUNDUMWEZI-APPROVED-AND-NOT-APPROVED-PROJECTS.pdf,4,1567.0,225.0,1591.0,251.0,0.99958
KAMUSEKA COMMUNITY,2025-DUNDUMWEZI-APPROVED-AND-NOT-APPROVED-PROJECTS.pdf,4,495.0,232.0,835.0,268.0,0.95344
INSUFFICIENT FUNDS,2025-DUNDUMWEZI-APPROVED-AND-NOT-APPROVED-PROJECTS.pdf,4,2903.0,233.0,3214.0,273.0,0.60359
139,2025-DUNDUMWEZI-APPROVED-AND-NOT-APPROVED-PROJECTS.pdf,4,406.0,239.0,454.0,270.0,0.99999
NOT APPROVED,2025-DUNDUMWEZI-APPROVED-AND-NOT-APPROVED-PROJECTS.pdf,4,2627.0,240.0,2863.0,276.0,0.99744
CHIKANTA,2025-DUNDUMWEZI-APPROVED-AND-NOT-APPROVED-PROJECTS.pdf,4,2458.0,247.0,2604.0,275.0,0.88055
DRILLING,2025-DUNDUMWEZI-APPROVED-AND-NOT-APPROVED-PROJECTS.pdf,4,2176.0,250.0,2308.0,281.0,0.94641
WATER,2025-DUNDUMWEZI-APPROVED-AND-NOT-APPROVED-PROJECTS.pdf,4,1959.0,252.0,2059.0,284.0,0.99939
DRILLING OF A BOREHOLE,2025-DUNDUMWEZI-APPROVED-AND-NOT-APPROVED-PROJECTS.pdf,4,1388.0,257.0,1745.0,293.0,0.61275
KALEMU PRIMARY SCHOOL,2025-DUNDUMWEZI-APPROVED-AND-NOT-APPROVED-PROJECTS.pdf,4,495.0,270.0,868.0,307.0,0.88717
INSUFFICIENT FUNDS,2025-DUNDUMWEZI-APPROVED-AND-NOT-APPROVED-PROJECTS.pdf,4,2903.0,273.0,3214.0,312.0,0.81599
140,2025-DUNDUMWEZI-APPROVED-AND-NOT-APPROVED-PROJECTS.pdf,4,408.0,277.0,456.0,306.0,0.91409
NOT APPROVED,2025-DUNDUMWEZI-APPROVED-AND-NOT-APPROVED-PROJECTS.pdf,4,2627.0,277.0,2861.0,315.0,0.75977
CONSTRUCTION,2025-DUNDUMWEZI-APPROVED-AND-NOT-APPROVED-PROJECTS.pdf,4,2174.0,283.0,2395.0,323.0,0.97764
CHIKANTA,2025-DUNDUMWEZI-APPROVED-AND-NOT-APPROVED-PROJECTS.pdf,4,2458.0,285.0,2604.0,317.0,0.99995
EDUCATION,2025-DUNDUMWEZI-APPROVED-AND-NOT-APPROVED-PROJECTS.pdf,4,1958.0,290.0,2123.0,326.0,0.99533
[CONSTRUCTION OF IX3 CRB,2025-DUNDUMWEZI-APPROVED-AND-NOT-APPROVED-PROJECTS.pdf,4,1388.0,295.0,1764.0,334.0,0.57645
DUNUKA PRIMARY,2025-DUNDUMWEZI-APPROVED-AND-NOT-APPROVED-PROJECTS.pdf,4,498.0,312.0,753.0,348.0,0.95194
INSUFFICIENT FUNDS,2025-DUNDUMWEZI-APPROVED-AND-NOT-APPROVED-PROJECTS.pdf,4,2906.0,312.0,3214.0,350.0,0.9884
141,2025-DUNDUMWEZI-APPROVED-AND-NOT-APPROVED-PROJECTS.pdf,4,408.0,318.0,454.0,347.0,0.96497
NOT APPROVED,2025-DUNDUMWEZI-APPROVED-AND-NOT-APPROVED-PROJECTS.pdf,4,2627.0,320.0,2863.0,356.0,0.93147
CONSTRUCTION,2025-DUNDUMWEZI-APPROVED-AND-NOT-APPROVED-PROJECTS.pdf,4,2174.0,324.0,2395.0,362.0,0.91223
CHIKANTA,2025-DUNDUMWEZI-APPROVED-AND-NOT-APPROVED-PROJECTS.pdf,4,2458.0,324.0,2604.0,355.0,0.98022
EDUCATION,2025-DUNDUMWEZI-APPROVED-AND-NOT-APPROVED-PROJECTS.pdf,4,1958.0,327.0,2126.0,366.0,0.65119
[CONSTRUGTION OF,2025-DUNDUMWEZI-APPROVED-AND-NOT-APPROVED-PROJECTS.pdf,4,1388.0,335.0,1649.0,373.0,0.14085
X3 LAROARTORY,2025-DUNDUMWEZI-APPROVED-AND-NOT-APPROVED-PROJECTS.pdf,4,1658.0,335.0,1897.0,366.0,0.65639
KASUWE PRIMARY AND SECONDARY,2025-DUNDUMWEZI-APPROVED-AND-NOT-APPROVED-PROJECTS.pdf,4,495.0,347.0,994.0,386.0,0.67271
INSUFFICIENT FUNDS,2025-DUNDUMWEZI-APPROVED-AND-NOT-APPROVED-PROJECTS.pdf,4,2906.0,353.0,3216.0,389.0,0.82632
042,2025-DUNDUMWEZI-APPROVED-AND-NOT-APPROVED-PROJECTS.pdf,4,408.0,356.0,456.0,388.0,0.13593
APPROVED,2025-DUNDUMWEZI-APPROVED-AND-NOT-APPROVED-PROJECTS.pdf,4,2702.0,359.0,2862.0,391.0,0.99962
CHIKANTA,2025-DUNDUMWEZI-APPROVED-AND-NOT-APPROVED-PROJECTS.pdf,4,2458.0,362.0,2604.0,393.0,0.76259
NOT,2025-DUNDUMWEZI-APPROVED-AND-NOT-APPROVED-PROJECTS.pdf,4,2630.0,362.0,2698.0,393.0,0.99989
ICONSTRUCIIOA,2025-DUNDUMWEZI-APPROVED-AND-NOT-APPROVED-PROJECTS.pdf,4,2174.0,363.0,2398.0,402.0,0.20937
EDUCATION,2025-DUNDUMWEZI-APPROVED-AND-NOT-APPROVED-PROJECTS.pdf,4,1959.0,370.0,2125.0,402.0,0.72434
[CONSTRUCTION OF IX3 CRB,2025-DUNDUMWEZI-APPROVED-AND-NOT-APPROVED-PROJECTS.pdf,4,1388.0,374.0,1767.0,414.0,0.51969
KASUWE PRIMARY AND SECONDARY,2025-DUNDUMWEZI-APPROVED-AND-NOT-APPROVED-PROJECTS.pdf,4,495.0,386.0,994.0,424.0,0.95092
INSUFFICIENT FUNDS,2025-DUNDUMWEZI-APPROVED-AND-NOT-APPROVED-PROJECTS.pdf,4,2906.0,391.0,3219.0,430.0,0.52502
143,2025-DUNDUMWEZI-APPROVED-AND-NOT-APPROVED-PROJECTS.pdf,4,408.0,395.0,456.0,423.0,0.99979
NOT APPROVED,2025-DUNDUMWEZI-APPROVED-AND-NOT-APPROVED-PROJECTS.pdf,4,2627.0,397.0,2863.0,433.0,0.99838
CONSTRUCTIOL,2025-DUNDUMWEZI-APPROVED-AND-NOT-APPROVED-PROJECTS.pdf,4,2177.0,402.0,2398.0,441.0,0.3554
CHIKANTA,2025-DUNDUMWEZI-APPROVED-AND-NOT-APPROVED-PROJECTS.pdf,4,2461.0,403.0,2607.0,434.0,0.97702
HEALTH,2025-DUNDUMWEZI-APPROVED-AND-NOT-APPROVED-PROJECTS.pdf,4,1959.0,408.0,2076.0,440.0,0.85625
A MATERNITY ANNEX,2025-DUNDUMWEZI-APPROVED-AND-NOT-APPROVED-PROJECTS.pdf,4,1654.0,409.0,1951.0,446.0,0.99984
CONSTRUCTION OF,2025-DUNDUMWEZI-APPROVED-AND-NOT-APPROVED-PROJECTS.pdf,4,1391.0,412.0,1649.0,452.0,0.90981
RALEMU HEALTH POST,2025-DUNDUMWEZI-APPROVED-AND-NOT-APPROVED-PROJECTS.pdf,4,495.0,427.0,813.0,463.0,0.7934
INSUFFICIENT FUNDS,2025-DUNDUMWEZI-APPROVED-AND-NOT-APPROVED-PROJECTS.pdf,4,2906.0,432.0,3216.0,468.0,0.53446
144,2025-DUNDUMWEZI-APPROVED-AND-NOT-APPROVED-PROJECTS.pdf,4,408.0,433.0,456.0,462.0,0.61712
NOT APPROVED,2025-DUNDUMWEZI-APPROVED-AND-NOT-APPROVED-PROJECTS.pdf,4,2629.0,438.0,2863.0,474.0,0.99483
CHIKANTA,2025-DUNDUMWEZI-APPROVED-AND-NOT-APPROVED-PROJECTS.pdf,4,2461.0,441.0,2610.0,473.0,0.95741
CONSTRUCTION,2025-DUNDUMWEZI-APPROVED-AND-NOT-APPROVED-PROJECTS.pdf,4,2177.0,443.0,2397.0,479.0,0.90419
HEALTH,2025-DUNDUMWEZI-APPROVED-AND-NOT-APPROVED-PROJECTS.pdf,4,1959.0,450.0,2076.0,481.0,0.99996
CONSTRUCTION OF STAFF HOUSE,2025-DUNDUMWEZI-APPROVED-AND-NOT-APPROVED-PROJECTS.pdf,4,1391.0,451.0,1838.0,490.0,0.8936
KALEMU HEALTH POST,2025-DUNDUMWEZI-APPROVED-AND-NOT-APPROVED-PROJECTS.pdf,4,497.0,465.0,813.0,504.0,0.80094
NNSUFFICEENT FUNDS,2025-DUNDUMWEZI-APPROVED-AND-NOT-APPROVED-PROJECTS.pdf,4,2906.0,470.0,3216.0,509.0,0.48152
145,2025-DUNDUMWEZI-APPROVED-AND-NOT-APPROVED-PROJECTS.pdf,4,408.0,471.0,456.0,503.0,0.97947
NOT APPROVED,2025-DUNDUMWEZI-APPROVED-AND-NOT-APPROVED-PROJECTS.pdf,4,2629.0,476.0,2866.0,515.0,0.70322
CONSTRUCTIQA,2025-DUNDUMWEZI-APPROVED-AND-NOT-APPROVED-PROJECTS.pdf,4,2177.0,481.0,2398.0,521.0,0.58389
chikANTA,2025-DUNDUMWEZI-APPROVED-AND-NOT-APPROVED-PROJECTS.pdf,4,2458.0,482.0,2610.0,514.0,0.50768
[cONSTRUCTION OF A MATERNITY WING,2025-DUNDUMWEZI-APPROVED-AND-NOT-APPROVED-PROJECTS.pdf,4,1390.0,490.0,1929.0,532.0,0.61594
HEALTH,2025-DUNDUMWEZI-APPROVED-AND-NOT-APPROVED-PROJECTS.pdf,4,1962.0,491.0,2076.0,519.0,0.99816
KASUKWE COMMUNITY,2025-DUNDUMWEZI-APPROVED-AND-NOT-APPROVED-PROJECTS.pdf,4,498.0,506.0,822.0,542.0,0.89379
146,2025-DUNDUMWEZI-APPROVED-AND-NOT-APPROVED-PROJECTS.pdf,4,411.0,513.0,459.0,544.0,0.63823
APPROVED,2025-DUNDUMWEZI-APPROVED-AND-NOT-APPROVED-PROJECTS.pdf,4,2632.0,517.0,2775.0,553.0,0.99707
NA,2025-DUNDUMWEZI-APPROVED-AND-NOT-APPROVED-PROJECTS.pdf,4,2910.0,518.0,2952.0,547.0,0.99262
Chikanta,2025-DUNDUMWEZI-APPROVED-AND-NOT-APPROVED-PROJECTS.pdf,4,2462.0,520.0,2583.0,556.0,0.83057
(Classroom Block,2025-DUNDUMWEZI-APPROVED-AND-NOT-APPROVED-PROJECTS.pdf,4,2177.0,523.0,2405.0,561.0,0.71919
Education,2025-DUNDUMWEZI-APPROVED-AND-NOT-APPROVED-PROJECTS.pdf,4,1969.0,528.0,2109.0,564.0,0.99979
Construction Of A 1x2 CRB,2025-DUNDUMWEZI-APPROVED-AND-NOT-APPROVED-PROJECTS.pdf,4,1393.0,531.0,1756.0,574.0,0.77553
Chilala 1x2 CRB,2025-DUNDUMWEZI-APPROVED-AND-NOT-APPROVED-PROJECTS.pdf,4,498.0,547.0,718.0,583.0,0.99793
13,2025-DUNDUMWEZI-APPROVED-AND-NOT-APPROVED-PROJECTS.pdf,4,410.0,550.0,452.0,586.0,0.99999
NA,2025-DUNDUMWEZI-APPROVED-AND-NOT-APPROVED-PROJECTS.pdf,4,2913.0,556.0,2952.0,588.0,0.99999
APPROVED,2025-DUNDUMWEZI-APPROVED-AND-NOT-APPROVED-PROJECTS.pdf,4,2633.0,559.0,2774.0,591.0,0.99978
Chikanta,2025-DUNDUMWEZI-APPROVED-AND-NOT-APPROVED-PROJECTS.pdf,4,2462.0,561.0,2583.0,597.0,0.57926
Borehole,2025-DUNDUMWEZI-APPROVED-AND-NOT-APPROVED-PROJECTS.pdf,4,2191.0,564.0,2318.0,600.0,0.99992
Water,2025-DUNDUMWEZI-APPROVED-AND-NOT-APPROVED-PROJECTS.pdf,4,1972.0,566.0,2063.0,603.0,0.99993
Drilling Of A Borehole,2025-DUNDUMWEZI-APPROVED-AND-NOT-APPROVED-PROJECTS.pdf,4,1394.0,572.0,1688.0,616.0,0.74271
Drilling Qf 3 Borehole,2025-DUNDUMWEZI-APPROVED-AND-NOT-APPROVED-PROJECTS.pdf,4,501.0,586.0,794.0,630.0,0.63287
14,2025-DUNDUMWEZI-APPROVED-AND-NOT-APPROVED-PROJECTS.pdf,4,411.0,592.0,451.0,623.0,0.99996
NA,2025-DUNDUMWEZI-APPROVED-AND-NOT-APPROVED-PROJECTS.pdf,4,2913.0,598.0,2952.0,626.0,0.99997
Chikanta,2025-DUNDUMWEZI-APPROVED-AND-NOT-APPROVED-PROJECTS.pdf,4,2462.0,599.0,2583.0,635.0,1.0
APPROVED,2025-DUNDUMWEZI-APPROVED-AND-NOT-APPROVED-PROJECTS.pdf,4,2636.0,600.0,2774.0,632.0,0.99995
Classroom Block,2025-DUNDUMWEZI-APPROVED-AND-NOT-APPROVED-PROJECTS.pdf,4,2183.0,602.0,2405.0,641.0,0.90456
Education,2025-DUNDUMWEZI-APPROVED-AND-NOT-APPROVED-PROJECTS.pdf,4,1973.0,608.0,2108.0,640.0,0.95271
Completion Of A Classroom Block,2025-DUNDUMWEZI-APPROVED-AND-NOT-APPROVED-PROJECTS.pdf,4,1392.0,609.0,1845.0,658.0,0.8677
Completion Chikanta 1x2 CRB,2025-DUNDUMWEZI-APPROVED-AND-NOT-APPROVED-PROJECTS.pdf,4,499.0,623.0,905.0,671.0,0.99803
15,2025-DUNDUMWEZI-APPROVED-AND-NOT-APPROVED-PROJECTS.pdf,4,410.0,629.0,455.0,666.0,0.99996
Chikanta,2025-DUNDUMWEZI-APPROVED-AND-NOT-APPROVED-PROJECTS.pdf,4,2465.0,640.0,2586.0,677.0,0.99428
Dip Tank,2025-DUNDUMWEZI-APPROVED-AND-NOT-APPROVED-PROJECTS.pdf,4,2191.0,643.0,2318.0,682.0,0.9117
Livestock,2025-DUNDUMWEZI-APPROVED-AND-NOT-APPROVED-PROJECTS.pdf,4,1972.0,646.0,2104.0,682.0,0.94719
Procurement Of Chemicals For 5 Dip Tank,2025-DUNDUMWEZI-APPROVED-AND-NOT-APPROVED-PROJECTS.pdf,4,1394.0,649.0,1961.0,690.0,0.55805
Chemicals For 5 Dip Tanks,2025-DUNDUMWEZI-APPROVED-AND-NOT-APPROVED-PROJECTS.pdf,4,501.0,665.0,863.0,704.0,0.84112
16,2025-DUNDUMWEZI-APPROVED-AND-NOT-APPROVED-PROJECTS.pdf,4,413.0,671.0,457.0,709.0,1.0
APPROVED,2025-DUNDUMWEZI-APPROVED-AND-NOT-APPROVED-PROJECTS.pdf,4,2636.0,674.0,2777.0,706.0,0.99995
NA,2025-DUNDUMWEZI-APPROVED-AND-NOT-APPROVED-PROJECTS.pdf,4,2913.0,674.0,2955.0,703.0,0.99999
NNSUFFICEENT FUNDS,2025-DUNDUMWEZI-APPROVED-AND-NOT-APPROVED-PROJECTS.pdf,4,2912.0,706.0,3222.0,745.0,0.81672
NOT APPROVED,2025-DUNDUMWEZI-APPROVED-AND-NOT-APPROVED-PROJECTS.pdf,4,2635.0,709.0,2869.0,749.0,0.99519
FTNSTRASTUCTUICONSTRUCIION,2025-DUNDUMWEZI-APPROVED-AND-NOT-APPROVED-PROJECTS.pdf,4,1961.0,718.0,2403.0,756.0,0.38693
KASUKWE,2025-DUNDUMWEZI-APPROVED-AND-NOT-APPROVED-PROJECTS.pdf,4,2463.0,718.0,2607.0,749.0,0.96087
CONSTRUCTION OF FOOT BRIDGE,2025-DUNDUMWEZI-APPROVED-AND-NOT-APPROVED-PROJECTS.pdf,4,1393.0,728.0,1841.0,768.0,0.67989
MANDEMA COMMUNITY,2025-DUNDUMWEZI-APPROVED-AND-NOT-APPROVED-PROJECTS.pdf,4,498.0,744.0,827.0,781.0,0.72322
INSUFFICIENT FUNDS,2025-DUNDUMWEZI-APPROVED-AND-NOT-APPROVED-PROJECTS.pdf,4,2911.0,745.0,3222.0,786.0,0.75317
147,2025-DUNDUMWEZI-APPROVED-AND-NOT-APPROVED-PROJECTS.pdf,4,414.0,751.0,459.0,780.0,0.89982
NOT APPROVED,2025-DUNDUMWEZI-APPROVED-AND-NOT-APPROVED-PROJECTS.pdf,4,2635.0,753.0,2868.0,789.0,0.99313
KASUKWE,2025-DUNDUMWEZI-APPROVED-AND-NOT-APPROVED-PROJECTS.pdf,4,2466.0,759.0,2610.0,788.0,0.99981
CONSTRUCTION,2025-DUNDUMWEZI-APPROVED-AND-NOT-APPROVED-PROJECTS.pdf,4,2181.0,762.0,2402.0,793.0,0.98727
EDUCATION,2025-DUNDUMWEZI-APPROVED-AND-NOT-APPROVED-PROJECTS.pdf,4,1965.0,765.0,2130.0,796.0,0.97434
HOUSE,2025-DUNDUMWEZI-APPROVED-AND-NOT-APPROVED-PROJECTS.pdf,4,1743.0,767.0,1840.0,799.0,0.99922
CONSTRUCTION OF STAFF,2025-DUNDUMWEZI-APPROVED-AND-NOT-APPROVED-PROJECTS.pdf,4,1393.0,768.0,1742.0,808.0,0.88901
KASUKWE COMMUNITY,2025-DUNDUMWEZI-APPROVED-AND-NOT-APPROVED-PROJECTS.pdf,4,503.0,783.0,824.0,819.0,0.99683
INSUFFICIENT FUNDS,2025-DUNDUMWEZI-APPROVED-AND-NOT-APPROVED-PROJECTS.pdf,4,2914.0,785.0,3223.0,824.0,0.88314
148,2025-DUNDUMWEZI-APPROVED-AND-NOT-APPROVED-PROJECTS.pdf,4,414.0,789.0,462.0,818.0,0.50152
NOT APPROVED,2025-DUNDUMWEZI-APPROVED-AND-NOT-APPROVED-PROJECTS.pdf,4,2635.0,789.0,2872.0,830.0,0.79255
INSTRASTUCIUIcONSTRUCTION,2025-DUNDUMWEZI-APPROVED-AND-NOT-APPROVED-PROJECTS.pdf,4,1963.0,798.0,2403.0,838.0,0.48393
KASUKWE,2025-DUNDUMWEZI-APPROVED-AND-NOT-APPROVED-PROJECTS.pdf,4,2466.0,798.0,2610.0,829.0,0.9999
[CoNSTRUCLON OFA BRIDGE,2025-DUNDUMWEZI-APPROVED-AND-NOT-APPROVED-PROJECTS.pdf,4,1393.0,806.0,1792.0,847.0,0.56003
DUNKA ZONE,2025-DUNDUMWEZI-APPROVED-AND-NOT-APPROVED-PROJECTS.pdf,4,504.0,825.0,689.0,856.0,0.99898
INSUFFICIENT FUNDS,2025-DUNDUMWEZI-APPROVED-AND-NOT-APPROVED-PROJECTS.pdf,4,2914.0,827.0,3222.0,863.0,0.95456
149,2025-DUNDUMWEZI-APPROVED-AND-NOT-APPROVED-PROJECTS.pdf,4,414.0,828.0,462.0,859.0,1.0
NOT APPROVED,2025-DUNDUMWEZI-APPROVED-AND-NOT-APPROVED-PROJECTS.pdf,4,2635.0,832.0,2871.0,868.0,0.84072
KASUKWE,2025-DUNDUMWEZI-APPROVED-AND-NOT-APPROVED-PROJECTS.pdf,4,2466.0,836.0,2610.0,867.0,0.66132
FABRICATION,2025-DUNDUMWEZI-APPROVED-AND-NOT-APPROVED-PROJECTS.pdf,4,2182.0,837.0,2373.0,876.0,0.98836
FABRICATION OF 180 SINGLE SEATERDESHEDUCATION,2025-DUNDUMWEZI-APPROVED-AND-NOT-APPROVED-PROJECTS.pdf,4,1397.0,843.0,2131.0,882.0,0.83288
IJONATHAA SIMS SECONDARY SCHOOL,2025-DUNDUMWEZI-APPROVED-AND-NOT-APPROVED-PROJECTS.pdf,4,498.0,857.0,1019.0,898.0,0.47554
INSUFFICEENT FUNDS,2025-DUNDUMWEZI-APPROVED-AND-NOT-APPROVED-PROJECTS.pdf,4,2914.0,865.0,3225.0,901.0,0.8271
150,2025-DUNDUMWEZI-APPROVED-AND-NOT-APPROVED-PROJECTS.pdf,4,414.0,866.0,462.0,897.0,0.99991
NOT APPROVED,2025-DUNDUMWEZI-APPROVED-AND-NOT-APPROVED-PROJECTS.pdf,4,2635.0,871.0,2871.0,907.0,0.99906
KASUKWE,2025-DUNDUMWEZI-APPROVED-AND-NOT-APPROVED-PROJECTS.pdf,4,2466.0,877.0,2610.0,908.0,0.99995
CONSTRUCTION,2025-DUNDUMWEZI-APPROVED-AND-NOT-APPROVED-PROJECTS.pdf,4,2184.0,880.0,2402.0,911.0,0.99988
EDUCATION,2025-DUNDUMWEZI-APPROVED-AND-NOT-APPROVED-PROJECTS.pdf,4,1967.0,882.0,2133.0,914.0,0.91987
COXSTRUCTION OF GIRLS'S HOSTEL,2025-DUNDUMWEZI-APPROVED-AND-NOT-APPROVED-PROJECTS.pdf,4,1396.0,884.0,1874.0,926.0,0.63033
JONATHAN SIMS SECONDARY SCHOOL,2025-DUNDUMWEZI-APPROVED-AND-NOT-APPROVED-PROJECTS.pdf,4,501.0,897.0,1019.0,937.0,0.88989
INSUFFICINT FLNNDS,2025-DUNDUMWEZI-APPROVED-AND-NOT-APPROVED-PROJECTS.pdf,4,2917.0,903.0,3225.0,942.0,0.78439
151,2025-DUNDUMWEZI-APPROVED-AND-NOT-APPROVED-PROJECTS.pdf,4,414.0,907.0,462.0,936.0,0.99376
NOT APPROVFD,2025-DUNDUMWEZI-APPROVED-AND-NOT-APPROVED-PROJECTS.pdf,4,2638.0,909.0,2871.0,945.0,0.6325
KASUKWE,2025-DUNDUMWEZI-APPROVED-AND-NOT-APPROVED-PROJECTS.pdf,4,2469.0,915.0,2613.0,947.0,0.99958
IcONNECTION,2025-DUNDUMWEZI-APPROVED-AND-NOT-APPROVED-PROJECTS.pdf,4,2182.0,916.0,2373.0,954.0,0.60871
ENERGY,2025-DUNDUMWEZI-APPROVED-AND-NOT-APPROVED-PROJECTS.pdf,4,1967.0,921.0,2087.0,952.0,0.97195
ELECURIFICATIOA QF THE SCHOQL,2025-DUNDUMWEZI-APPROVED-AND-NOT-APPROVED-PROJECTS.pdf,4,1399.0,925.0,1860.0,965.0,0.35079
JONATHAN SIMS SECONDARY SCHOQL,2025-DUNDUMWEZI-APPROVED-AND-NOT-APPROVED-PROJECTS.pdf,4,503.0,936.0,1019.0,975.0,0.4571
INSUHICIENT FUNDS,2025-DUNDUMWEZI-APPROVED-AND-NOT-APPROVED-PROJECTS.pdf,4,2917.0,941.0,3225.0,983.0,0.48768
152,2025-DUNDUMWEZI-APPROVED-AND-NOT-APPROVED-PROJECTS.pdf,4,417.0,945.0,462.0,974.0,0.66217
NOT APPROVED,2025-DUNDUMWEZI-APPROVED-AND-NOT-APPROVED-PROJECTS.pdf,4,2638.0,946.0,2875.0,986.0,0.99536
[CONSTRUCTION,2025-DUNDUMWEZI-APPROVED-AND-NOT-APPROVED-PROJECTS.pdf,4,2183.0,954.0,2406.0,992.0,0.59
KASUKWE,2025-DUNDUMWEZI-APPROVED-AND-NOT-APPROVED-PROJECTS.pdf,4,2469.0,954.0,2613.0,985.0,0.99974
[covSTRUcTION O1 GIRLS'S ABLUTION BLcEDUCATION,2025-DUNDUMWEZI-APPROVED-AND-NOT-APPROVED-PROJECTS.pdf,4,1395.0,956.0,2136.0,1004.0,0.36771
HJONATHAA SIMS SECONDARY SCHOOL,2025-DUNDUMWEZI-APPROVED-AND-NOT-APPROVED-PROJECTS.pdf,4,501.0,975.0,1022.0,1014.0,0.45052
153,2025-DUNDUMWEZI-APPROVED-AND-NOT-APPROVED-PROJECTS.pdf,4,417.0,984.0,462.0,1015.0,0.31553
FUNDS,2025-DUNDUMWEZI-APPROVED-AND-NOT-APPROVED-PROJECTS.pdf,4,3121.0,984.0,3224.0,1015.0,0.99964
INSUFFICEENT,2025-DUNDUMWEZI-APPROVED-AND-NOT-APPROVED-PROJECTS.pdf,4,2918.0,987.0,3119.0,1018.0,0.44174
NNOT APPROVED,2025-DUNDUMWEZI-APPROVED-AND-NOT-APPROVED-PROJECTS.pdf,4,2638.0,988.0,2874.0,1024.0,0.84063
CONSTRUCTIOL,2025-DUNDUMWEZI-APPROVED-AND-NOT-APPROVED-PROJECTS.pdf,4,2185.0,993.0,2406.0,1033.0,0.44872
KASUKWE,2025-DUNDUMWEZI-APPROVED-AND-NOT-APPROVED-PROJECTS.pdf,4,2469.0,995.0,2613.0,1026.0,0.99958
LIVESTOCK,2025-DUNDUMWEZI-APPROVED-AND-NOT-APPROVED-PROJECTS.pdf,4,1967.0,1000.0,2125.0,1032.0,0.95892
CONSTRUCTION QF A DIP TANK,2025-DUNDUMWEZI-APPROVED-AND-NOT-APPROVED-PROJECTS.pdf,4,1399.0,1003.0,1816.0,1044.0,0.87247
TUSAVGANE COMMUNITY SOCIETY,2025-DUNDUMWEZI-APPROVED-AND-NOT-APPROVED-PROJECTS.pdf,4,506.0,1016.0,981.0,1056.0,0.5832
INSUFFICIENT FUNDS,2025-DUNDUMWEZI-APPROVED-AND-NOT-APPROVED-PROJECTS.pdf,4,2920.0,1021.0,3227.0,1060.0,0.74415
54,2025-DUNDUMWEZI-APPROVED-AND-NOT-APPROVED-PROJECTS.pdf,4,430.0,1025.0,465.0,1054.0,1.0
NOT APPROVED,2025-DUNDUMWEZI-APPROVED-AND-NOT-APPROVED-PROJECTS.pdf,4,2640.0,1029.0,2874.0,1066.0,0.94898
cONSTRUCTION,2025-DUNDUMWEZI-APPROVED-AND-NOT-APPROVED-PROJECTS.pdf,4,2185.0,1033.0,2406.0,1073.0,0.69449
KASUKWE,2025-DUNDUMWEZI-APPROVED-AND-NOT-APPROVED-PROJECTS.pdf,4,2469.0,1033.0,2613.0,1065.0,0.93104
EDUCATION,2025-DUNDUMWEZI-APPROVED-AND-NOT-APPROVED-PROJECTS.pdf,4,1970.0,1041.0,2133.0,1073.0,0.66935
CONSTRUCTION OF STAFF HQUSES_,2025-DUNDUMWEZI-APPROVED-AND-NOT-APPROVED-PROJECTS.pdf,4,1399.0,1043.0,1860.0,1083.0,0.38873
NAKATALA PRIMARY SCHOOL,2025-DUNDUMWEZI-APPROVED-AND-NOT-APPROVED-PROJECTS.pdf,4,506.0,1057.0,912.0,1093.0,0.50334
WNSUFFICIENT FUNDS,2025-DUNDUMWEZI-APPROVED-AND-NOT-APPROVED-PROJECTS.pdf,4,2917.0,1062.0,3230.0,1098.0,0.48726
155,2025-DUNDUMWEZI-APPROVED-AND-NOT-APPROVED-PROJECTS.pdf,4,417.0,1066.0,465.0,1095.0,0.99989
NOT APPROVED,2025-DUNDUMWEZI-APPROVED-AND-NOT-APPROVED-PROJECTS.pdf,4,2640.0,1068.0,2874.0,1107.0,0.78822
KASUK WE,2025-DUNDUMWEZI-APPROVED-AND-NOT-APPROVED-PROJECTS.pdf,4,2468.0,1073.0,2614.0,1109.0,0.55403
DRILLING,2025-DUNDUMWEZI-APPROVED-AND-NOT-APPROVED-PROJECTS.pdf,4,2189.0,1077.0,2322.0,1108.0,0.99749
WATER,2025-DUNDUMWEZI-APPROVED-AND-NOT-APPROVED-PROJECTS.pdf,4,1973.0,1082.0,2073.0,1111.0,0.99994
DRILLING OF A BOREHOLE,2025-DUNDUMWEZI-APPROVED-AND-NOT-APPROVED-PROJECTS.pdf,4,1402.0,1084.0,1756.0,1120.0,0.99073
NAKATALA PRIMARY SCHOOL,2025-DUNDUMWEZI-APPROVED-AND-NOT-APPROVED-PROJECTS.pdf,4,506.0,1097.0,915.0,1134.0,0.90456
INSUFFICIENT FUNDS,2025-DUNDUMWEZI-APPROVED-AND-NOT-APPROVED-PROJECTS.pdf,4,2917.0,1103.0,3227.0,1140.0,0.75952
156,2025-DUNDUMWEZI-APPROVED-AND-NOT-APPROVED-PROJECTS.pdf,4,417.0,1104.0,465.0,1136.0,0.99982
NOT APPROVED,2025-DUNDUMWEZI-APPROVED-AND-NOT-APPROVED-PROJECTS.pdf,4,2640.0,1109.0,2877.0,1145.0,0.71407
KASUKWE,2025-DUNDUMWEZI-APPROVED-AND-NOT-APPROVED-PROJECTS.pdf,4,2467.0,1110.0,2617.0,1150.0,0.96577
CONSTRUCTION,2025-DUNDUMWEZI-APPROVED-AND-NOT-APPROVED-PROJECTS.pdf,4,2189.0,1118.0,2407.0,1149.0,0.77286
EDUCATION,2025-DUNDUMWEZI-APPROVED-AND-NOT-APPROVED-PROJECTS.pdf,4,1970.0,1121.0,2136.0,1152.0,0.99343
CONSTRUCTION OF IXI CRB,2025-DUNDUMWEZI-APPROVED-AND-NOT-APPROVED-PROJECTS.pdf,4,1399.0,1125.0,1775.0,1164.0,0.86283
NAKATALA PRIMARY SCHOOL,2025-DUNDUMWEZI-APPROVED-AND-NOT-APPROVED-PROJECTS.pdf,4,506.0,1136.0,915.0,1175.0,0.98502
INSUFFICIENT FUNDS,2025-DUNDUMWEZI-APPROVED-AND-NOT-APPROVED-PROJECTS.pdf,4,2920.0,1142.0,3227.0,1181.0,0.73945
157,2025-DUNDUMWEZI-APPROVED-AND-NOT-APPROVED-PROJECTS.pdf,4,417.0,1145.0,465.0,1174.0,0.99999
APPROVED,2025-DUNDUMWEZI-APPROVED-AND-NOT-APPROVED-PROJECTS.pdf,4,2712.0,1147.0,2877.0,1183.0,0.99974
NOT,2025-DUNDUMWEZI-APPROVED-AND-NOT-APPROVED-PROJECTS.pdf,4,2640.0,1150.0,2709.0,1186.0,0.99991
KASUKUE,2025-DUNDUMWEZI-APPROVED-AND-NOT-APPROVED-PROJECTS.pdf,4,2468.0,1153.0,2616.0,1189.0,0.22446
CONSTRUCTION,2025-DUNDUMWEZI-APPROVED-AND-NOT-APPROVED-PROJECTS.pdf,4,2188.0,1155.0,2408.0,1192.0,0.56997
LIVESTOCK,2025-DUNDUMWEZI-APPROVED-AND-NOT-APPROVED-PROJECTS.pdf,4,1970.0,1162.0,2128.0,1193.0,0.74106
DIP TANK,2025-DUNDUMWEZI-APPROVED-AND-NOT-APPROVED-PROJECTS.pdf,4,1669.0,1165.0,1799.0,1196.0,0.86788
COxSTRUCHIOL QF,2025-DUNDUMWEZI-APPROVED-AND-NOT-APPROVED-PROJECTS.pdf,4,1399.0,1166.0,1660.0,1203.0,0.20347
INSUFFICIENT FUNDS,2025-DUNDUMWEZI-APPROVED-AND-NOT-APPROVED-PROJECTS.pdf,4,2919.0,1181.0,3230.0,1223.0,0.75511
158,2025-DUNDUMWEZI-APPROVED-AND-NOT-APPROVED-PROJECTS.pdf,4,419.0,1184.0,467.0,1215.0,0.99986
DUNKA,2025-DUNDUMWEZI-APPROVED-AND-NOT-APPROVED-PROJECTS.pdf,4,510.0,1184.0,612.0,1215.0,0.99997
NOT APPROVED,2025-DUNDUMWEZI-APPROVED-AND-NOT-APPROVED-PROJECTS.pdf,4,2640.0,1186.0,2877.0,1226.0,0.99117
[CoMMERCE AMcONSTRUCTION,2025-DUNDUMWEZI-APPROVED-AND-NOT-APPROVED-PROJECTS.pdf,4,1966.0,1194.0,2409.0,1233.0,0.37645
KASUKWE,2025-DUNDUMWEZI-APPROVED-AND-NOT-APPROVED-PROJECTS.pdf,4,2472.0,1195.0,2615.0,1226.0,0.99988
[CONSTRUCTION OF MARKET SHELTER,2025-DUNDUMWEZI-APPROVED-AND-NOT-APPROVED-PROJECTS.pdf,4,1399.0,1201.0,1913.0,1244.0,0.49572
KASUKWE COMMUNITY,2025-DUNDUMWEZI-APPROVED-AND-NOT-APPROVED-PROJECTS.pdf,4,506.0,1218.0,830.0,1255.0,0.99439
[NSUFFICIENT FUNDS,2025-DUNDUMWEZI-APPROVED-AND-NOT-APPROVED-PROJECTS.pdf,4,2923.0,1221.0,3230.0,1260.0,0.95314
159,2025-DUNDUMWEZI-APPROVED-AND-NOT-APPROVED-PROJECTS.pdf,4,419.0,1225.0,467.0,1256.0,0.99998
NOT APPROVED,2025-DUNDUMWEZI-APPROVED-AND-NOT-APPROVED-PROJECTS.pdf,4,2643.0,1229.0,2877.0,1266.0,0.85615
KASUKWE,2025-DUNDUMWEZI-APPROVED-AND-NOT-APPROVED-PROJECTS.pdf,4,2471.0,1232.0,2616.0,1268.0,0.83452
COMPLETION,2025-DUNDUMWEZI-APPROVED-AND-NOT-APPROVED-PROJECTS.pdf,4,2189.0,1239.0,2371.0,1270.0,0.99867
EDUCATION,2025-DUNDUMWEZI-APPROVED-AND-NOT-APPROVED-PROJECTS.pdf,4,1973.0,1241.0,2136.0,1273.0,0.91349
[COMPLETION QF A STAFF HQUSE,2025-DUNDUMWEZI-APPROVED-AND-NOT-APPROVED-PROJECTS.pdf,4,1399.0,1243.0,1838.0,1283.0,0.46805
KALEMU PRIMARY SCHOOL,2025-DUNDUMWEZI-APPROVED-AND-NOT-APPROVED-PROJECTS.pdf,4,509.0,1257.0,882.0,1296.0,0.98963
INSUFFICENT FUNDS,2025-DUNDUMWEZI-APPROVED-AND-NOT-APPROVED-PROJECTS.pdf,4,2923.0,1262.0,3231.0,1301.0,0.77952
NOT APPROVED,2025-DUNDUMWEZI-APPROVED-AND-NOT-APPROVED-PROJECTS.pdf,4,2643.0,1265.0,2877.0,1306.0,0.97405
160,2025-DUNDUMWEZI-APPROVED-AND-NOT-APPROVED-PROJECTS.pdf,4,419.0,1266.0,467.0,1295.0,0.98707
KASUKWE,2025-DUNDUMWEZI-APPROVED-AND-NOT-APPROVED-PROJECTS.pdf,4,2474.0,1274.0,2615.0,1306.0,0.99915
CONSTRUCTION,2025-DUNDUMWEZI-APPROVED-AND-NOT-APPROVED-PROJECTS.pdf,4,2188.0,1276.0,2408.0,1312.0,0.75691
EDUCATION,2025-DUNDUMWEZI-APPROVED-AND-NOT-APPROVED-PROJECTS.pdf,4,1971.0,1277.0,2137.0,1316.0,0.99992
[CoNSTRUCHIQN OF,2025-DUNDUMWEZI-APPROVED-AND-NOT-APPROVED-PROJECTS.pdf,4,1399.0,1284.0,1660.0,1323.0,0.16893
A IX3 CRB,2025-DUNDUMWEZI-APPROVED-AND-NOT-APPROVED-PROJECTS.pdf,4,1666.0,1285.0,1804.0,1317.0,0.79945
ISICHIBEYA PRIMARY SQUOQL,2025-DUNDUMWEZI-APPROVED-AND-NOT-APPROVED-PROJECTS.pdf,4,505.0,1298.0,909.0,1337.0,0.54829
161,2025-DUNDUMWEZI-APPROVED-AND-NOT-APPROVED-PROJECTS.pdf,4,419.0,1304.0,467.0,1333.0,0.99136
NA,2025-DUNDUMWEZI-APPROVED-AND-NOT-APPROVED-PROJECTS.pdf,4,2924.0,1310.0,2963.0,1339.0,0.9999
Kasukwe,2025-DUNDUMWEZI-APPROVED-AND-NOT-APPROVED-PROJECTS.pdf,4,2473.0,1312.0,2600.0,1348.0,0.99999
APPROVED,2025-DUNDUMWEZI-APPROVED-AND-NOT-APPROVED-PROJECTS.pdf,4,2647.0,1313.0,2785.0,1344.0,0.99995
Health Post,2025-DUNDUMWEZI-APPROVED-AND-NOT-APPROVED-PROJECTS.pdf,4,2192.0,1318.0,2352.0,1350.0,0.99956
Health,2025-DUNDUMWEZI-APPROVED-AND-NOT-APPROVED-PROJECTS.pdf,4,1983.0,1320.0,2077.0,1356.0,0.9244
Construction Of A Health Post,2025-DUNDUMWEZI-APPROVED-AND-NOT-APPROVED-PROJECTS.pdf,4,1405.0,1323.0,1805.0,1361.0,0.85276
L,2025-DUNDUMWEZI-APPROVED-AND-NOT-APPROVED-PROJECTS.pdf,4,78.0,1333.0,116.0,1556.0,0.28568
Construction Of Dunuka Health Post,2025-DUNDUMWEZI-APPROVED-AND-NOT-APPROVED-PROJECTS.pdf,4,509.0,1336.0,997.0,1375.0,0.81098
1,2025-DUNDUMWEZI-APPROVED-AND-NOT-APPROVED-PROJECTS.pdf,4,318.0,1337.0,347.0,1421.0,0.89703
47,2025-DUNDUMWEZI-APPROVED-AND-NOT-APPROVED-PROJECTS.pdf,4,418.0,1342.0,460.0,1378.0,0.4682
NA,2025-DUNDUMWEZI-APPROVED-AND-NOT-APPROVED-PROJECTS.pdf,4,2924.0,1348.0,2966.0,1377.0,1.0
APPROVED,2025-DUNDUMWEZI-APPROVED-AND-NOT-APPROVED-PROJECTS.pdf,4,2647.0,1351.0,2788.0,1382.0,0.99991
Kasukwe,2025-DUNDUMWEZI-APPROVED-AND-NOT-APPROVED-PROJECTS.pdf,4,2474.0,1354.0,2599.0,1385.0,0.99994
Boreholes,2025-DUNDUMWEZI-APPROVED-AND-NOT-APPROVED-PROJECTS.pdf,4,2191.0,1355.0,2331.0,1392.0,0.99996
Water,2025-DUNDUMWEZI-APPROVED-AND-NOT-APPROVED-PROJECTS.pdf,4,1983.0,1358.0,2071.0,1394.0,0.62448
Drilling Of Boreholes,2025-DUNDUMWEZI-APPROVED-AND-NOT-APPROVED-PROJECTS.pdf,4,1403.0,1360.0,1686.0,1410.0,0.53154
Drilling 12 Boreholes,2025-DUNDUMWEZI-APPROVED-AND-NOT-APPROVED-PROJECTS.pdf,4,510.0,1375.0,794.0,1420.0,0.79792
18,2025-DUNDUMWEZI-APPROVED-AND-NOT-APPROVED-PROJECTS.pdf,4,418.0,1380.0,463.0,1416.0,0.99989
Kasukwe,2025-DUNDUMWEZI-APPROVED-AND-NOT-APPROVED-PROJECTS.pdf,4,2473.0,1391.0,2600.0,1427.0,0.99999
Dip Tank,2025-DUNDUMWEZI-APPROVED-AND-NOT-APPROVED-PROJECTS.pdf,4,2194.0,1397.0,2320.0,1433.0,0.86698
Procurement Of Chemicals For Dip Tank,2025-DUNDUMWEZI-APPROVED-AND-NOT-APPROVED-PROJECTS.pdf,4,1405.0,1399.0,1945.0,1441.0,0.68111
Livestock,2025-DUNDUMWEZI-APPROVED-AND-NOT-APPROVED-PROJECTS.pdf,4,1984.0,1400.0,2114.0,1432.0,0.99999
VI,2025-DUNDUMWEZI-APPROVED-AND-NOT-APPROVED-PROJECTS.pdf,4,309.0,1401.0,390.0,1554.0,0.07255
I,2025-DUNDUMWEZI-APPROVED-AND-NOT-APPROVED-PROJECTS.pdf,4,99.0,1415.0,143.0,1647.0,0.14481
Chemicals For Dip Tanks,2025-DUNDUMWEZI-APPROVED-AND-NOT-APPROVED-PROJECTS.pdf,4,512.0,1416.0,846.0,1455.0,0.75886
19,2025-DUNDUMWEZI-APPROVED-AND-NOT-APPROVED-PROJECTS.pdf,4,422.0,1422.0,462.0,1454.0,0.96476
NA,2025-DUNDUMWEZI-APPROVED-AND-NOT-APPROVED-PROJECTS.pdf,4,2926.0,1422.0,2966.0,1454.0,0.99998
APPROVED,2025-DUNDUMWEZI-APPROVED-AND-NOT-APPROVED-PROJECTS.pdf,4,2647.0,1425.0,2788.0,1456.0,0.99991
3,2025-DUNDUMWEZI-APPROVED-AND-NOT-APPROVED-PROJECTS.pdf,4,174.0,1454.0,252.0,1556.0,0.37839
INSUFFICENT FUNDS,2025-DUNDUMWEZI-APPROVED-AND-NOT-APPROVED-PROJECTS.pdf,4,2925.0,1457.0,3236.0,1493.0,0.56227
NOT APPROVED,2025-DUNDUMWEZI-APPROVED-AND-NOT-APPROVED-PROJECTS.pdf,4,2649.0,1462.0,2882.0,1498.0,0.74258
KATANDA,2025-DUNDUMWEZI-APPROVED-AND-NOT-APPROVED-PROJECTS.pdf,4,2477.0,1469.0,2615.0,1497.0,0.99997
0,2025-DUNDUMWEZI-APPROVED-AND-NOT-APPROVED-PROJECTS.pdf,4,62.0,1470.0,80.0,1491.0,0.06884
DRILLING,2025-DUNDUMWEZI-APPROVED-AND-NOT-APPROVED-PROJECTS.pdf,4,2195.0,1472.0,2328.0,1503.0,0.99996
WATER,2025-DUNDUMWEZI-APPROVED-AND-NOT-APPROVED-PROJECTS.pdf,4,1976.0,1474.0,2078.0,1506.0,0.83475
DRILLING OF A BOREHOLE,2025-DUNDUMWEZI-APPROVED-AND-NOT-APPROVED-PROJECTS.pdf,4,1405.0,1479.0,1761.0,1515.0,0.97234
MICHEELO VILLAGE,2025-DUNDUMWEZI-APPROVED-AND-NOT-APPROVED-PROJECTS.pdf,4,511.0,1492.0,786.0,1530.0,0.7931
INSUFFICENT FUNDS,2025-DUNDUMWEZI-APPROVED-AND-NOT-APPROVED-PROJECTS.pdf,4,2925.0,1495.0,3236.0,1535.0,0.95752
NOT APPROVED,2025-DUNDUMWEZI-APPROVED-AND-NOT-APPROVED-PROJECTS.pdf,4,2646.0,1498.0,2883.0,1538.0,0.98432
162,2025-DUNDUMWEZI-APPROVED-AND-NOT-APPROVED-PROJECTS.pdf,4,422.0,1499.0,470.0,1528.0,0.66208
KATANDA,2025-DUNDUMWEZI-APPROVED-AND-NOT-APPROVED-PROJECTS.pdf,4,2477.0,1507.0,2615.0,1539.0,0.99999
DRILLING,2025-DUNDUMWEZI-APPROVED-AND-NOT-APPROVED-PROJECTS.pdf,4,2195.0,1510.0,2330.0,1541.0,0.99763
WATER,2025-DUNDUMWEZI-APPROVED-AND-NOT-APPROVED-PROJECTS.pdf,4,1976.0,1515.0,2078.0,1544.0,0.99993
DRILLING OF A BOREHOLE,2025-DUNDUMWEZI-APPROVED-AND-NOT-APPROVED-PROJECTS.pdf,4,1405.0,1517.0,1761.0,1553.0,0.96955
SIATONTOLA VILLAGE,2025-DUNDUMWEZI-APPROVED-AND-NOT-APPROVED-PROJECTS.pdf,4,512.0,1531.0,816.0,1567.0,0.87436
INSUFFICIENT FUNDS,2025-DUNDUMWEZI-APPROVED-AND-NOT-APPROVED-PROJECTS.pdf,4,2925.0,1536.0,3236.0,1572.0,0.52644
163,2025-DUNDUMWEZI-APPROVED-AND-NOT-APPROVED-PROJECTS.pdf,4,422.0,1537.0,470.0,1566.0,0.98516
NOT APPROVED,2025-DUNDUMWEZI-APPROVED-AND-NOT-APPROVED-PROJECTS.pdf,4,2647.0,1543.0,2884.0,1574.0,0.98451
1,2025-DUNDUMWEZI-APPROVED-AND-NOT-APPROVED-PROJECTS.pdf,4,339.0,1546.0,384.0,1673.0,0.77878
KATANDA,2025-DUNDUMWEZI-APPROVED-AND-NOT-APPROVED-PROJECTS.pdf,4,2477.0,1548.0,2618.0,1577.0,0.99996
DRILLING,2025-DUNDUMWEZI-APPROVED-AND-NOT-APPROVED-PROJECTS.pdf,4,2195.0,1551.0,2330.0,1582.0,0.79163
WATER,2025-DUNDUMWEZI-APPROVED-AND-NOT-APPROVED-PROJECTS.pdf,4,1978.0,1554.0,2078.0,1585.0,0.99989
4,2025-DUNDUMWEZI-APPROVED-AND-NOT-APPROVED-PROJECTS.pdf,4,82.0,1556.0,106.0,1602.0,0.9663
2,2025-DUNDUMWEZI-APPROVED-AND-NOT-APPROVED-PROJECTS.pdf,4,172.0,1558.0,247.0,1663.0,0.352
DRILLING OF A BOREHOLE,2025-DUNDUMWEZI-APPROVED-AND-NOT-APPROVED-PROJECTS.pdf,4,1405.0,1558.0,1761.0,1594.0,0.92495
TONKA FARMER'S GROUP,2025-DUNDUMWEZI-APPROVED-AND-NOT-APPROVED-PROJECTS.pdf,4,512.0,1569.0,857.0,1608.0,0.89583
INSUFFICIENT FUNDS,2025-DUNDUMWEZI-APPROVED-AND-NOT-APPROVED-PROJECTS.pdf,4,2925.0,1574.0,3236.0,1614.0,0.75079
164,2025-DUNDUMWEZI-APPROVED-AND-NOT-APPROVED-PROJECTS.pdf,4,422.0,1578.0,470.0,1607.0,0.99998
NOT APPROVED,2025-DUNDUMWEZI-APPROVED-AND-NOT-APPROVED-PROJECTS.pdf,4,2649.0,1580.0,2885.0,1616.0,0.88159
KATANDA,2025-DUNDUMWEZI-APPROVED-AND-NOT-APPROVED-PROJECTS.pdf,4,2477.0,1587.0,2618.0,1618.0,0.98929
DRILLING,2025-DUNDUMWEZI-APPROVED-AND-NOT-APPROVED-PROJECTS.pdf,4,2195.0,1589.0,2330.0,1621.0,0.6908
WATER,2025-DUNDUMWEZI-APPROVED-AND-NOT-APPROVED-PROJECTS.pdf,4,1978.0,1595.0,2078.0,1626.0,0.86773
DRILLING OF A BOREHOLE,2025-DUNDUMWEZI-APPROVED-AND-NOT-APPROVED-PROJECTS.pdf,4,1408.0,1597.0,1761.0,1633.0,0.60151
MATONGA VILLAGE,2025-DUNDUMWEZI-APPROVED-AND-NOT-APPROVED-PROJECTS.pdf,4,512.0,1610.0,786.0,1646.0,0.97956
INSUFFCIENL FUNDS,2025-DUNDUMWEZI-APPROVED-AND-NOT-APPROVED-PROJECTS.pdf,4,2928.0,1615.0,3236.0,1655.0,0.78178
165,2025-DUNDUMWEZI-APPROVED-AND-NOT-APPROVED-PROJECTS.pdf,4,425.0,1617.0,473.0,1648.0,0.99999
NOT APPROVED,2025-DUNDUMWEZI-APPROVED-AND-NOT-APPROVED-PROJECTS.pdf,4,2649.0,1621.0,2885.0,1657.0,0.83815
KATANDA,2025-DUNDUMWEZI-APPROVED-AND-NOT-APPROVED-PROJECTS.pdf,4,2480.0,1628.0,2618.0,1659.0,0.99661
DRILLING,2025-DUNDUMWEZI-APPROVED-AND-NOT-APPROVED-PROJECTS.pdf,4,2198.0,1630.0,2330.0,1662.0,0.99997
WATER,2025-DUNDUMWEZI-APPROVED-AND-NOT-APPROVED-PROJECTS.pdf,4,1978.0,1633.0,2078.0,1665.0,0.99997
A BOREHOLE,2025-DUNDUMWEZI-APPROVED-AND-NOT-APPROVED-PROJECTS.pdf,4,1589.0,1639.0,1763.0,1670.0,0.98636
DRILLING OF,2025-DUNDUMWEZI-APPROVED-AND-NOT-APPROVED-PROJECTS.pdf,4,1409.0,1641.0,1582.0,1673.0,0.82658
MAGANI COMMUNITY GROUP MATAKALA,2025-DUNDUMWEZI-APPROVED-AND-NOT-APPROVED-PROJECTS.pdf,4,512.0,1646.0,1074.0,1688.0,0.58397
INSUFFICENT FUNDS,2025-DUNDUMWEZI-APPROVED-AND-NOT-APPROVED-PROJECTS.pdf,4,2928.0,1654.0,3238.0,1693.0,0.66468
166,2025-DUNDUMWEZI-APPROVED-AND-NOT-APPROVED-PROJECTS.pdf,4,425.0,1658.0,473.0,1687.0,0.91342
NQL APPROVED,2025-DUNDUMWEZI-APPROVED-AND-NOT-APPROVED-PROJECTS.pdf,4,2649.0,1662.0,2885.0,1701.0,0.65498
F,2025-DUNDUMWEZI-APPROVED-AND-NOT-APPROVED-PROJECTS.pdf,4,169.0,1668.0,241.0,1748.0,0.72688
KATANDA,2025-DUNDUMWEZI-APPROVED-AND-NOT-APPROVED-PROJECTS.pdf,4,2480.0,1669.0,2618.0,1697.0,0.80386
DRILLING,2025-DUNDUMWEZI-APPROVED-AND-NOT-APPROVED-PROJECTS.pdf,4,2198.0,1672.0,2330.0,1703.0,0.99163
WATER,2025-DUNDUMWEZI-APPROVED-AND-NOT-APPROVED-PROJECTS.pdf,4,1978.0,1674.0,2081.0,1706.0,0.99946
A BOREHOLE,2025-DUNDUMWEZI-APPROVED-AND-NOT-APPROVED-PROJECTS.pdf,4,1589.0,1680.0,1763.0,1711.0,0.98209
DRILLING OF,2025-DUNDUMWEZI-APPROVED-AND-NOT-APPROVED-PROJECTS.pdf,4,1409.0,1683.0,1582.0,1714.0,0.93884
MMATAKALA HIINTI,2025-DUNDUMWEZI-APPROVED-AND-NOT-APPROVED-PROJECTS.pdf,4,509.0,1692.0,767.0,1729.0,0.69562
INSUFFICINT FUNDS,2025-DUNDUMWEZI-APPROVED-AND-NOT-APPROVED-PROJECTS.pdf,4,2928.0,1695.0,3238.0,1736.0,0.67786
167,2025-DUNDUMWEZI-APPROVED-AND-NOT-APPROVED-PROJECTS.pdf,4,425.0,1699.0,473.0,1728.0,0.99999
NOL APPROVED,2025-DUNDUMWEZI-APPROVED-AND-NOT-APPROVED-PROJECTS.pdf,4,2649.0,1703.0,2885.0,1740.0,0.80536
KATANDA,2025-DUNDUMWEZI-APPROVED-AND-NOT-APPROVED-PROJECTS.pdf,4,2480.0,1707.0,2621.0,1739.0,0.99984
DRILLING,2025-DUNDUMWEZI-APPROVED-AND-NOT-APPROVED-PROJECTS.pdf,4,2196.0,1709.0,2332.0,1745.0,0.99951
WATER,2025-DUNDUMWEZI-APPROVED-AND-NOT-APPROVED-PROJECTS.pdf,4,1978.0,1715.0,2081.0,1747.0,0.99995
DRILLING OF A BOREHOLE,2025-DUNDUMWEZI-APPROVED-AND-NOT-APPROVED-PROJECTS.pdf,4,1408.0,1717.0,1764.0,1753.0,0.93324
KATUNDUDU COMMUNITY,2025-DUNDUMWEZI-APPROVED-AND-NOT-APPROVED-PROJECTS.pdf,4,514.0,1731.0,877.0,1767.0,0.99911
168,2025-DUNDUMWEZI-APPROVED-AND-NOT-APPROVED-PROJECTS.pdf,4,425.0,1737.0,473.0,1766.0,0.83758
FUNDS,2025-DUNDUMWEZI-APPROVED-AND-NOT-APPROVED-PROJECTS.pdf,4,3135.0,1737.0,3237.0,1769.0,0.73002
INSUFFICIENT,2025-DUNDUMWEZI-APPROVED-AND-NOT-APPROVED-PROJECTS.pdf,4,2928.0,1739.0,3134.0,1775.0,0.50851
NOT APPROVED,2025-DUNDUMWEZI-APPROVED-AND-NOT-APPROVED-PROJECTS.pdf,4,2649.0,1742.0,2885.0,1778.0,0.98241
KATANDA,2025-DUNDUMWEZI-APPROVED-AND-NOT-APPROVED-PROJECTS.pdf,4,2480.0,1748.0,2621.0,1780.0,0.99999
DRILLING,2025-DUNDUMWEZI-APPROVED-AND-NOT-APPROVED-PROJECTS.pdf,4,2198.0,1751.0,2330.0,1782.0,0.93802
WATER,2025-DUNDUMWEZI-APPROVED-AND-NOT-APPROVED-PROJECTS.pdf,4,1978.0,1756.0,2081.0,1785.0,0.99978
DRILLING OF A BOREHOLE,2025-DUNDUMWEZI-APPROVED-AND-NOT-APPROVED-PROJECTS.pdf,4,1408.0,1758.0,1764.0,1794.0,0.93085
INSUFFICENT FUNDS,2025-DUNDUMWEZI-APPROVED-AND-NOT-APPROVED-PROJECTS.pdf,4,2930.0,1775.0,3238.0,1816.0,0.65851
KANEMUNEMU,2025-DUNDUMWEZI-APPROVED-AND-NOT-APPROVED-PROJECTS.pdf,4,515.0,1776.0,725.0,1807.0,0.99995
169,2025-DUNDUMWEZI-APPROVED-AND-NOT-APPROVED-PROJECTS.pdf,4,425.0,1778.0,475.0,1807.0,1.0
NOT APPROVED,2025-DUNDUMWEZI-APPROVED-AND-NOT-APPROVED-PROJECTS.pdf,4,2651.0,1783.0,2888.0,1819.0,0.99926
KATANDA,2025-DUNDUMWEZI-APPROVED-AND-NOT-APPROVED-PROJECTS.pdf,4,2480.0,1789.0,2621.0,1818.0,0.99998
DRILLING,2025-DUNDUMWEZI-APPROVED-AND-NOT-APPROVED-PROJECTS.pdf,4,2198.0,1792.0,2333.0,1823.0,0.98667
#ATER,2025-DUNDUMWEZI-APPROVED-AND-NOT-APPROVED-PROJECTS.pdf,4,1981.0,1795.0,2081.0,1826.0,0.96413
DRILLING OF A BOREHOLE,2025-DUNDUMWEZI-APPROVED-AND-NOT-APPROVED-PROJECTS.pdf,4,1407.0,1796.0,1767.0,1836.0,0.82543
NCHIMENYA ULANGILILA AGRICULTURE COOPERATIVE SOCIETY,2025-DUNDUMWEZI-APPROVED-AND-NOT-APPROVED-PROJECTS.pdf,4,514.0,1802.0,1383.0,1846.0,0.87357
INSUFFICIENT FUNDS,2025-DUNDUMWEZI-APPROVED-AND-NOT-APPROVED-PROJECTS.pdf,4,2930.0,1816.0,3241.0,1856.0,0.62206
170,2025-DUNDUMWEZI-APPROVED-AND-NOT-APPROVED-PROJECTS.pdf,4,428.0,1817.0,475.0,1845.0,0.99962
NOL APPROVED,2025-DUNDUMWEZI-APPROVED-AND-NOT-APPROVED-PROJECTS.pdf,4,2651.0,1821.0,2888.0,1860.0,0.91639
KATANDA,2025-DUNDUMWEZI-APPROVED-AND-NOT-APPROVED-PROJECTS.pdf,4,2483.0,1828.0,2621.0,1859.0,0.99998
DRILLING,2025-DUNDUMWEZI-APPROVED-AND-NOT-APPROVED-PROJECTS.pdf,4,2200.0,1830.0,2333.0,1862.0,0.98838
WATER,2025-DUNDUMWEZI-APPROVED-AND-NOT-APPROVED-PROJECTS.pdf,4,1981.0,1836.0,2081.0,1865.0,0.99995
DRILLING OF A BOREHOLE,2025-DUNDUMWEZI-APPROVED-AND-NOT-APPROVED-PROJECTS.pdf,4,1408.0,1838.0,1767.0,1874.0,0.67234
LWAMBI EAST,2025-DUNDUMWEZI-APPROVED-AND-NOT-APPROVED-PROJECTS.pdf,4,516.0,1851.0,712.0,1888.0,0.91652
INSUFFICENT FUNDS,2025-DUNDUMWEZI-APPROVED-AND-NOT-APPROVED-PROJECTS.pdf,4,2931.0,1856.0,3241.0,1897.0,0.73368
171,2025-DUNDUMWEZI-APPROVED-AND-NOT-APPROVED-PROJECTS.pdf,4,428.0,1858.0,473.0,1887.0,0.99971
NOT APPROVED,2025-DUNDUMWEZI-APPROVED-AND-NOT-APPROVED-PROJECTS.pdf,4,2654.0,1862.0,2888.0,1898.0,0.99913
KATANDA,2025-DUNDUMWEZI-APPROVED-AND-NOT-APPROVED-PROJECTS.pdf,4,2483.0,1869.0,2624.0,1897.0,0.99998
DRiLLING,2025-DUNDUMWEZI-APPROVED-AND-NOT-APPROVED-PROJECTS.pdf,4,2200.0,1872.0,2333.0,1903.0,0.74158
WATER,2025-DUNDUMWEZI-APPROVED-AND-NOT-APPROVED-PROJECTS.pdf,4,1984.0,1874.0,2084.0,1906.0,0.99993
DRILLING OF A BOREHOLE,2025-DUNDUMWEZI-APPROVED-AND-NOT-APPROVED-PROJECTS.pdf,4,1413.0,1879.0,1767.0,1915.0,0.95072
LWAMBI VILLAGE,2025-DUNDUMWEZI-APPROVED-AND-NOT-APPROVED-PROJECTS.pdf,4,518.0,1893.0,760.0,1925.0,0.93389
NNSUFFICEENT FUNDS,2025-DUNDUMWEZI-APPROVED-AND-NOT-APPROVED-PROJECTS.pdf,4,2933.0,1895.0,3241.0,1936.0,0.77686
172,2025-DUNDUMWEZI-APPROVED-AND-NOT-APPROVED-PROJECTS.pdf,4,428.0,1896.0,475.0,1928.0,0.99999
NOT APPROVED,2025-DUNDUMWEZI-APPROVED-AND-NOT-APPROVED-PROJECTS.pdf,4,2654.0,1898.0,2888.0,1939.0,0.99374
KATANDA,2025-DUNDUMWEZI-APPROVED-AND-NOT-APPROVED-PROJECTS.pdf,4,2483.0,1907.0,2624.0,1939.0,0.99999
DRILLING,2025-DUNDUMWEZI-APPROVED-AND-NOT-APPROVED-PROJECTS.pdf,4,2203.0,1910.0,2333.0,1941.0,0.99989
WATER,2025-DUNDUMWEZI-APPROVED-AND-NOT-APPROVED-PROJECTS.pdf,4,1984.0,1913.0,2084.0,1944.0,0.99997
DRILLING OF A BOREHOLE,2025-DUNDUMWEZI-APPROVED-AND-NOT-APPROVED-PROJECTS.pdf,4,1413.0,1917.0,1767.0,1953.0,0.99699
FSIABASIMBLLONZOLA MAZWANGA BBAMBUKQ VILLAGE,2025-DUNDUMWEZI-APPROVED-AND-NOT-APPROVED-PROJECTS.pdf,4,514.0,1923.0,1279.0,1967.0,0.48124
INSUFFICENT FUNDS,2025-DUNDUMWEZI-APPROVED-AND-NOT-APPROVED-PROJECTS.pdf,4,2934.0,1936.0,3241.0,1972.0,0.76955
173,2025-DUNDUMWEZI-APPROVED-AND-NOT-APPROVED-PROJECTS.pdf,4,428.0,1937.0,475.0,1966.0,0.86245
NOT APPROVED,2025-DUNDUMWEZI-APPROVED-AND-NOT-APPROVED-PROJECTS.pdf,4,2654.0,1942.0,2890.0,1978.0,0.99448
KATANDA,2025-DUNDUMWEZI-APPROVED-AND-NOT-APPROVED-PROJECTS.pdf,4,2481.0,1945.0,2625.0,1982.0,0.9999
DRILLING,2025-DUNDUMWEZI-APPROVED-AND-NOT-APPROVED-PROJECTS.pdf,4,2200.0,1951.0,2336.0,1982.0,0.9999
WATER,2025-DUNDUMWEZI-APPROVED-AND-NOT-APPROVED-PROJECTS.pdf,4,1984.0,1954.0,2084.0,1985.0,0.99981
DRILLING OF A BOREHOLE,2025-DUNDUMWEZI-APPROVED-AND-NOT-APPROVED-PROJECTS.pdf,4,1413.0,1958.0,1767.0,1994.0,0.83803
TWAPENGWA GROUP,2025-DUNDUMWEZI-APPROVED-AND-NOT-APPROVED-PROJECTS.pdf,4,521.0,1973.0,807.0,2004.0,0.95867
INSUFFICEENT FUNDS,2025-DUNDUMWEZI-APPROVED-AND-NOT-APPROVED-PROJECTS.pdf,4,2933.0,1975.0,3241.0,2016.0,0.6438
174,2025-DUNDUMWEZI-APPROVED-AND-NOT-APPROVED-PROJECTS.pdf,4,428.0,1976.0,478.0,2004.0,0.99991
NOT APPROVED,2025-DUNDUMWEZI-APPROVED-AND-NOT-APPROVED-PROJECTS.pdf,4,2654.0,1983.0,2890.0,2019.0,0.89086
KATANDA,2025-DUNDUMWEZI-APPROVED-AND-NOT-APPROVED-PROJECTS.pdf,4,2485.0,1987.0,2624.0,2018.0,0.99996
DRILLING,2025-DUNDUMWEZI-APPROVED-AND-NOT-APPROVED-PROJECTS.pdf,4,2201.0,1988.0,2337.0,2025.0,0.97319
DRILLING OF A BOREHOLE,2025-DUNDUMWEZI-APPROVED-AND-NOT-APPROVED-PROJECTS.pdf,4,1413.0,1995.0,1770.0,2033.0,0.76168
WATER,2025-DUNDUMWEZI-APPROVED-AND-NOT-APPROVED-PROJECTS.pdf,4,1984.0,1995.0,2084.0,2026.0,0.99981
NAMACHELE CENTRAL,2025-DUNDUMWEZI-APPROVED-AND-NOT-APPROVED-PROJECTS.pdf,4,520.0,2010.0,830.0,2046.0,0.81683
NNSUFFICINT FUNDS,2025-DUNDUMWEZI-APPROVED-AND-NOT-APPROVED-PROJECTS.pdf,4,2934.0,2016.0,3244.0,2055.0,0.6896
75,2025-DUNDUMWEZI-APPROVED-AND-NOT-APPROVED-PROJECTS.pdf,4,444.0,2017.0,478.0,2045.0,0.99992
NOT APPROVED,2025-DUNDUMWEZI-APPROVED-AND-NOT-APPROVED-PROJECTS.pdf,4,2657.0,2019.0,2891.0,2059.0,0.98914
KATANDA,2025-DUNDUMWEZI-APPROVED-AND-NOT-APPROVED-PROJECTS.pdf,4,2484.0,2024.0,2628.0,2061.0,0.99994
DRILLNNG,2025-DUNDUMWEZI-APPROVED-AND-NOT-APPROVED-PROJECTS.pdf,4,2203.0,2030.0,2339.0,2062.0,0.68821
MATER,2025-DUNDUMWEZI-APPROVED-AND-NOT-APPROVED-PROJECTS.pdf,4,1984.0,2033.0,2084.0,2065.0,0.89556
DRILLING OF A BOREHOLE,2025-DUNDUMWEZI-APPROVED-AND-NOT-APPROVED-PROJECTS.pdf,4,1413.0,2038.0,1770.0,2074.0,0.772
NANDWIZI GROUP,2025-DUNDUMWEZI-APPROVED-AND-NOT-APPROVED-PROJECTS.pdf,4,518.0,2052.0,766.0,2084.0,0.99631
176,2025-DUNDUMWEZI-APPROVED-AND-NOT-APPROVED-PROJECTS.pdf,4,430.0,2055.0,478.0,2087.0,0.99993
FUNDS,2025-DUNDUMWEZI-APPROVED-AND-NOT-APPROVED-PROJECTS.pdf,4,3137.0,2058.0,3243.0,2089.0,0.96493
NNSUFFICENT,2025-DUNDUMWEZI-APPROVED-AND-NOT-APPROVED-PROJECTS.pdf,4,2937.0,2061.0,3139.0,2092.0,0.6301
NOT APPROVED,2025-DUNDUMWEZI-APPROVED-AND-NOT-APPROVED-PROJECTS.pdf,4,2657.0,2062.0,2890.0,2098.0,0.90113
KATANDA,2025-DUNDUMWEZI-APPROVED-AND-NOT-APPROVED-PROJECTS.pdf,4,2485.0,2069.0,2626.0,2100.0,0.99986
DRILLING,2025-DUNDUMWEZI-APPROVED-AND-NOT-APPROVED-PROJECTS.pdf,4,2203.0,2072.0,2339.0,2103.0,0.97658
WATER,2025-DUNDUMWEZI-APPROVED-AND-NOT-APPROVED-PROJECTS.pdf,4,1984.0,2074.0,2087.0,2106.0,0.99993
(DRILLING OF A BOREHOLE,2025-DUNDUMWEZI-APPROVED-AND-NOT-APPROVED-PROJECTS.pdf,4,1410.0,2079.0,1770.0,2115.0,0.58608
INDIVIDUAL HUND PUMP,2025-DUNDUMWEZI-APPROVED-AND-NOT-APPROVED-PROJECTS.pdf,4,518.0,2093.0,856.0,2125.0,0.83386
177,2025-DUNDUMWEZI-APPROVED-AND-NOT-APPROVED-PROJECTS.pdf,4,433.0,2096.0,478.0,2128.0,0.97625
INSUFFICIENT FUNDS,2025-DUNDUMWEZI-APPROVED-AND-NOT-APPROVED-PROJECTS.pdf,4,2936.0,2098.0,3244.0,2137.0,0.40919
NOT APPROVED,2025-DUNDUMWEZI-APPROVED-AND-NOT-APPROVED-PROJECTS.pdf,4,2657.0,2103.0,2893.0,2140.0,0.75347
KATANDA,2025-DUNDUMWEZI-APPROVED-AND-NOT-APPROVED-PROJECTS.pdf,4,2488.0,2110.0,2626.0,2141.0,0.99998
DRILLING,2025-DUNDUMWEZI-APPROVED-AND-NOT-APPROVED-PROJECTS.pdf,4,2203.0,2113.0,2339.0,2144.0,0.99937
WATER,2025-DUNDUMWEZI-APPROVED-AND-NOT-APPROVED-PROJECTS.pdf,4,1984.0,2115.0,2087.0,2147.0,0.99995
DRILLING OF A BOREHOLE,2025-DUNDUMWEZI-APPROVED-AND-NOT-APPROVED-PROJECTS.pdf,4,1412.0,2118.0,1770.0,2157.0,0.89463
TWABANE GROUP,2025-DUNDUMWEZI-APPROVED-AND-NOT-APPROVED-PROJECTS.pdf,4,521.0,2135.0,766.0,2166.0,0.53511
178,2025-DUNDUMWEZI-APPROVED-AND-NOT-APPROVED-PROJECTS.pdf,4,430.0,2137.0,478.0,2166.0,0.99998
NNSUFFICIENT,2025-DUNDUMWEZI-APPROVED-AND-NOT-APPROVED-PROJECTS.pdf,4,2936.0,2137.0,3140.0,2177.0,0.52357
FUNDS,2025-DUNDUMWEZI-APPROVED-AND-NOT-APPROVED-PROJECTS.pdf,4,3140.0,2137.0,3245.0,2169.0,0.99994
NOT APPROVED,2025-DUNDUMWEZI-APPROVED-AND-NOT-APPROVED-PROJECTS.pdf,4,2657.0,2142.0,2893.0,2181.0,0.99717
KATANDA,2025-DUNDUMWEZI-APPROVED-AND-NOT-APPROVED-PROJECTS.pdf,4,2486.0,2145.0,2628.0,2183.0,0.99998
CONSTRUCTION,2025-DUNDUMWEZI-APPROVED-AND-NOT-APPROVED-PROJECTS.pdf,4,2202.0,2147.0,2425.0,2188.0,0.8635
WATER,2025-DUNDUMWEZI-APPROVED-AND-NOT-APPROVED-PROJECTS.pdf,4,1987.0,2156.0,2087.0,2185.0,0.99996
CONSTRUCTION OF A DAM,2025-DUNDUMWEZI-APPROVED-AND-NOT-APPROVED-PROJECTS.pdf,4,1413.0,2161.0,1770.0,2197.0,0.63928
LWAMBI COMMUNITY,2025-DUNDUMWEZI-APPROVED-AND-NOT-APPROVED-PROJECTS.pdf,4,520.0,2172.0,819.0,2208.0,0.99817
NNSUFFICENT FUNDS,2025-DUNDUMWEZI-APPROVED-AND-NOT-APPROVED-PROJECTS.pdf,4,2936.0,2177.0,3246.0,2216.0,0.69739
79,2025-DUNDUMWEZI-APPROVED-AND-NOT-APPROVED-PROJECTS.pdf,4,444.0,2178.0,481.0,2207.0,1.0
NOT APPROVED,2025-DUNDUMWEZI-APPROVED-AND-NOT-APPROVED-PROJECTS.pdf,4,2657.0,2183.0,2893.0,2219.0,0.9966
KATANDA,2025-DUNDUMWEZI-APPROVED-AND-NOT-APPROVED-PROJECTS.pdf,4,2488.0,2189.0,2626.0,2221.0,0.99327
DRILLING,2025-DUNDUMWEZI-APPROVED-AND-NOT-APPROVED-PROJECTS.pdf,4,2206.0,2192.0,2339.0,2224.0,0.9999
WATER,2025-DUNDUMWEZI-APPROVED-AND-NOT-APPROVED-PROJECTS.pdf,4,1987.0,2198.0,2087.0,2229.0,0.99997
DRILLING OF A BOREHOLE,2025-DUNDUMWEZI-APPROVED-AND-NOT-APPROVED-PROJECTS.pdf,4,1416.0,2199.0,1772.0,2235.0,0.69572
MASIKILI COMMUNITY,2025-DUNDUMWEZI-APPROVED-AND-NOT-APPROVED-PROJECTS.pdf,4,523.0,2211.0,828.0,2250.0,0.94922
NNSUFFICENT FUNDS,2025-DUNDUMWEZI-APPROVED-AND-NOT-APPROVED-PROJECTS.pdf,4,2936.0,2216.0,3246.0,2257.0,0.76859
SO,2025-DUNDUMWEZI-APPROVED-AND-NOT-APPROVED-PROJECTS.pdf,4,433.0,2220.0,481.0,2248.0,0.29054
NOT APPROVED,2025-DUNDUMWEZI-APPROVED-AND-NOT-APPROVED-PROJECTS.pdf,4,2660.0,2224.0,2893.0,2260.0,0.79463
KATANDA,2025-DUNDUMWEZI-APPROVED-AND-NOT-APPROVED-PROJECTS.pdf,4,2488.0,2230.0,2629.0,2259.0,0.98264
DRILLING,2025-DUNDUMWEZI-APPROVED-AND-NOT-APPROVED-PROJECTS.pdf,4,2206.0,2233.0,2339.0,2265.0,0.99992
WATER,2025-DUNDUMWEZI-APPROVED-AND-NOT-APPROVED-PROJECTS.pdf,4,1987.0,2236.0,2089.0,2267.0,0.99993
DRILLING OF A BOREHOLE,2025-DUNDUMWEZI-APPROVED-AND-NOT-APPROVED-PROJECTS.pdf,4,1416.0,2240.0,1772.0,2277.0,0.80751
CHIBOQL A COMMUNITY,2025-DUNDUMWEZI-APPROVED-AND-NOT-APPROVED-PROJECTS.pdf,4,519.0,2252.0,849.0,2291.0,0.65506
8I,2025-DUNDUMWEZI-APPROVED-AND-NOT-APPROVED-PROJECTS.pdf,4,433.0,2258.0,481.0,2289.0,0.29255
NNSUFFICENT FUNDS,2025-DUNDUMWEZI-APPROVED-AND-NOT-APPROVED-PROJECTS.pdf,5,2901.0,194.0,3211.0,230.0,0.56555
NOT APPROVED,2025-DUNDUMWEZI-APPROVED-AND-NOT-APPROVED-PROJECTS.pdf,5,2624.0,199.0,2857.0,235.0,0.9974
KATANDA,2025-DUNDUMWEZI-APPROVED-AND-NOT-APPROVED-PROJECTS.pdf,5,2452.0,206.0,2593.0,237.0,0.91842
DRILLING,2025-DUNDUMWEZI-APPROVED-AND-NOT-APPROVED-PROJECTS.pdf,5,2173.0,208.0,2308.0,240.0,0.99987
WATER,2025-DUNDUMWEZI-APPROVED-AND-NOT-APPROVED-PROJECTS.pdf,5,1951.0,214.0,2056.0,243.0,0.93587
DRILLING OF A BOREHOLE,2025-DUNDUMWEZI-APPROVED-AND-NOT-APPROVED-PROJECTS.pdf,5,1383.0,216.0,1742.0,252.0,0.9541
INSUFFICENT FUNDS,2025-DUNDUMWEZI-APPROVED-AND-NOT-APPROVED-PROJECTS.pdf,5,2901.0,231.0,3212.0,271.0,0.76754
MPANGO GROUP VILLAGE,2025-DUNDUMWEZI-APPROVED-AND-NOT-APPROVED-PROJECTS.pdf,5,492.0,232.0,844.0,268.0,0.60085
NOT APPROVED,2025-DUNDUMWEZI-APPROVED-AND-NOT-APPROVED-PROJECTS.pdf,5,2624.0,235.0,2858.0,276.0,0.99963
182,2025-DUNDUMWEZI-APPROVED-AND-NOT-APPROVED-PROJECTS.pdf,5,403.0,241.0,451.0,270.0,1.0
cONSTRUCTION,2025-DUNDUMWEZI-APPROVED-AND-NOT-APPROVED-PROJECTS.pdf,5,2171.0,243.0,2389.0,283.0,0.79308
KATANDA,2025-DUNDUMWEZI-APPROVED-AND-NOT-APPROVED-PROJECTS.pdf,5,2452.0,244.0,2593.0,275.0,0.72276
EDUCATION,2025-DUNDUMWEZI-APPROVED-AND-NOT-APPROVED-PROJECTS.pdf,5,1954.0,252.0,2119.0,284.0,0.99993
CONSTRUCTION QF,2025-DUNDUMWEZI-APPROVED-AND-NOT-APPROVED-PROJECTS.pdf,5,1382.0,256.0,1646.0,296.0,0.66443
XI CRB,2025-DUNDUMWEZI-APPROVED-AND-NOT-APPROVED-PROJECTS.pdf,5,1666.0,258.0,1774.0,289.0,0.85516
NNSUFFICEENT FUNDS,2025-DUNDUMWEZI-APPROVED-AND-NOT-APPROVED-PROJECTS.pdf,5,2901.0,273.0,3211.0,309.0,0.82412
BOONGO,2025-DUNDUMWEZI-APPROVED-AND-NOT-APPROVED-PROJECTS.pdf,5,491.0,277.0,615.0,308.0,0.76222
NOT APPROVED,2025-DUNDUMWEZI-APPROVED-AND-NOT-APPROVED-PROJECTS.pdf,5,2624.0,279.0,2857.0,315.0,0.87858
83,2025-DUNDUMWEZI-APPROVED-AND-NOT-APPROVED-PROJECTS.pdf,5,417.0,280.0,451.0,308.0,0.99988
CONSTRUCTIOA,2025-DUNDUMWEZI-APPROVED-AND-NOT-APPROVED-PROJECTS.pdf,5,2171.0,283.0,2392.0,323.0,0.37304
KATANDA,2025-DUNDUMWEZI-APPROVED-AND-NOT-APPROVED-PROJECTS.pdf,5,2455.0,285.0,2593.0,317.0,0.88535
EDUCATION,2025-DUNDUMWEZI-APPROVED-AND-NOT-APPROVED-PROJECTS.pdf,5,1954.0,291.0,2119.0,322.0,0.95317
cONSTRUCTION OF STAFF,2025-DUNDUMWEZI-APPROVED-AND-NOT-APPROVED-PROJECTS.pdf,5,1382.0,296.0,1734.0,335.0,0.91678
HOUSE,2025-DUNDUMWEZI-APPROVED-AND-NOT-APPROVED-PROJECTS.pdf,5,1732.0,296.0,1832.0,325.0,0.99986
NNSUFFICIFNT FUNDS,2025-DUNDUMWEZI-APPROVED-AND-NOT-APPROVED-PROJECTS.pdf,5,2903.0,312.0,3211.0,350.0,0.25654
BOONGO,2025-DUNDUMWEZI-APPROVED-AND-NOT-APPROVED-PROJECTS.pdf,5,493.0,315.0,615.0,347.0,0.99979
NOT APPROVED,2025-DUNDUMWEZI-APPROVED-AND-NOT-APPROVED-PROJECTS.pdf,5,2627.0,316.0,2858.0,356.0,0.88068
S4,2025-DUNDUMWEZI-APPROVED-AND-NOT-APPROVED-PROJECTS.pdf,5,403.0,318.0,451.0,349.0,0.13868
KATANDA,2025-DUNDUMWEZI-APPROVED-AND-NOT-APPROVED-PROJECTS.pdf,5,2455.0,324.0,2596.0,355.0,0.79696
DRILLING,2025-DUNDUMWEZI-APPROVED-AND-NOT-APPROVED-PROJECTS.pdf,5,2176.0,329.0,2308.0,358.0,0.99183
WATER,2025-DUNDUMWEZI-APPROVED-AND-NOT-APPROVED-PROJECTS.pdf,5,1954.0,332.0,2056.0,363.0,0.99987
DRILLING OF A BOREHOLE,2025-DUNDUMWEZI-APPROVED-AND-NOT-APPROVED-PROJECTS.pdf,5,1386.0,336.0,1742.0,372.0,0.8957
INSUFTICIENT FUNDS,2025-DUNDUMWEZI-APPROVED-AND-NOT-APPROVED-PROJECTS.pdf,5,2903.0,349.0,3215.0,393.0,0.49556
NAJINKA PRIMARY SCHOOL,2025-DUNDUMWEZI-APPROVED-AND-NOT-APPROVED-PROJECTS.pdf,5,492.0,350.0,866.0,389.0,0.9902
NOT APPROVED,2025-DUNDUMWEZI-APPROVED-AND-NOT-APPROVED-PROJECTS.pdf,5,2624.0,356.0,2861.0,395.0,0.95009
185,2025-DUNDUMWEZI-APPROVED-AND-NOT-APPROVED-PROJECTS.pdf,5,406.0,359.0,451.0,388.0,0.78092
DRILLING,2025-DUNDUMWEZI-APPROVED-AND-NOT-APPROVED-PROJECTS.pdf,5,2174.0,365.0,2313.0,404.0,0.60259
KATANDA,2025-DUNDUMWEZI-APPROVED-AND-NOT-APPROVED-PROJECTS.pdf,5,2455.0,365.0,2596.0,396.0,0.87069
WATER,2025-DUNDUMWEZI-APPROVED-AND-NOT-APPROVED-PROJECTS.pdf,5,1954.0,373.0,2059.0,404.0,0.99977
DRILLING OF A BOREHOLE,2025-DUNDUMWEZI-APPROVED-AND-NOT-APPROVED-PROJECTS.pdf,5,1386.0,377.0,1742.0,413.0,0.75661
TUMANGO COMMUNILY,2025-DUNDUMWEZI-APPROVED-AND-NOT-APPROVED-PROJECTS.pdf,5,492.0,390.0,820.0,430.0,0.51373
NNSUFFICIENT FUNDS,2025-DUNDUMWEZI-APPROVED-AND-NOT-APPROVED-PROJECTS.pdf,5,2903.0,391.0,3214.0,431.0,0.79823
NOT APPROVED,2025-DUNDUMWEZI-APPROVED-AND-NOT-APPROVED-PROJECTS.pdf,5,2627.0,399.0,2860.0,435.0,0.90963
186,2025-DUNDUMWEZI-APPROVED-AND-NOT-APPROVED-PROJECTS.pdf,5,406.0,400.0,454.0,429.0,0.9999
KATANDA,2025-DUNDUMWEZI-APPROVED-AND-NOT-APPROVED-PROJECTS.pdf,5,2455.0,406.0,2596.0,437.0,0.99995
DRILLING,2025-DUNDUMWEZI-APPROVED-AND-NOT-APPROVED-PROJECTS.pdf,5,2178.0,408.0,2308.0,440.0,0.99036
WATER,2025-DUNDUMWEZI-APPROVED-AND-NOT-APPROVED-PROJECTS.pdf,5,1954.0,414.0,2056.0,443.0,0.66061
DRILLING OF A BOREHOLE,2025-DUNDUMWEZI-APPROVED-AND-NOT-APPROVED-PROJECTS.pdf,5,1386.0,416.0,1745.0,452.0,0.96079
KAJIPI COMMUNITY GROUP,2025-DUNDUMWEZI-APPROVED-AND-NOT-APPROVED-PROJECTS.pdf,5,492.0,429.0,866.0,469.0,0.77883
INSUFFICEENT FUNDS,2025-DUNDUMWEZI-APPROVED-AND-NOT-APPROVED-PROJECTS.pdf,5,2903.0,432.0,3214.0,472.0,0.45638
NOT APPROVED,2025-DUNDUMWEZI-APPROVED-AND-NOT-APPROVED-PROJECTS.pdf,5,2627.0,438.0,2860.0,474.0,0.85198
187,2025-DUNDUMWEZI-APPROVED-AND-NOT-APPROVED-PROJECTS.pdf,5,406.0,439.0,451.0,467.0,1.0
KATANDA,2025-DUNDUMWEZI-APPROVED-AND-NOT-APPROVED-PROJECTS.pdf,5,2458.0,444.0,2596.0,475.0,0.81294
CONSTRUCTION,2025-DUNDUMWEZI-APPROVED-AND-NOT-APPROVED-PROJECTS.pdf,5,2174.0,445.0,2395.0,482.0,0.99968
IEDUCATIOX,2025-DUNDUMWEZI-APPROVED-AND-NOT-APPROVED-PROJECTS.pdf,5,1952.0,448.0,2124.0,487.0,0.44015
CONSTUCHION OF 10 VIP TOILETS,2025-DUNDUMWEZI-APPROVED-AND-NOT-APPROVED-PROJECTS.pdf,5,1385.0,454.0,1833.0,496.0,0.51405
CHPONDO COMMUNITY SCHOOL,2025-DUNDUMWEZI-APPROVED-AND-NOT-APPROVED-PROJECTS.pdf,5,492.0,470.0,940.0,507.0,0.56023
NNSUFFICIENT FUNDS,2025-DUNDUMWEZI-APPROVED-AND-NOT-APPROVED-PROJECTS.pdf,5,2903.0,470.0,3217.0,511.0,0.53319
188,2025-DUNDUMWEZI-APPROVED-AND-NOT-APPROVED-PROJECTS.pdf,5,406.0,477.0,454.0,508.0,0.99982
NOT APPROVED,2025-DUNDUMWEZI-APPROVED-AND-NOT-APPROVED-PROJECTS.pdf,5,2629.0,479.0,2860.0,515.0,0.86693
KATANDA,2025-DUNDUMWEZI-APPROVED-AND-NOT-APPROVED-PROJECTS.pdf,5,2458.0,485.0,2596.0,514.0,0.99997
DRILLING,2025-DUNDUMWEZI-APPROVED-AND-NOT-APPROVED-PROJECTS.pdf,5,2178.0,488.0,2311.0,519.0,0.99986
WATER,2025-DUNDUMWEZI-APPROVED-AND-NOT-APPROVED-PROJECTS.pdf,5,1959.0,491.0,2059.0,522.0,0.99995
DRILLING OF A BOREHOLE,2025-DUNDUMWEZI-APPROVED-AND-NOT-APPROVED-PROJECTS.pdf,5,1388.0,495.0,1745.0,531.0,0.85747
MUKUYU KAYUMBA WOMEN S CLUB,2025-DUNDUMWEZI-APPROVED-AND-NOT-APPROVED-PROJECTS.pdf,5,495.0,509.0,992.0,548.0,0.79093
INSUFFICEENT FUNDS,2025-DUNDUMWEZI-APPROVED-AND-NOT-APPROVED-PROJECTS.pdf,5,2906.0,512.0,3216.0,548.0,0.67723
NOT APPROVED,2025-DUNDUMWEZI-APPROVED-AND-NOT-APPROVED-PROJECTS.pdf,5,2629.0,517.0,2863.0,553.0,0.9739
189,2025-DUNDUMWEZI-APPROVED-AND-NOT-APPROVED-PROJECTS.pdf,5,406.0,518.0,456.0,547.0,0.99998
KATANDA,2025-DUNDUMWEZI-APPROVED-AND-NOT-APPROVED-PROJECTS.pdf,5,2458.0,524.0,2599.0,555.0,0.99763
DRILLING,2025-DUNDUMWEZI-APPROVED-AND-NOT-APPROVED-PROJECTS.pdf,5,2178.0,526.0,2311.0,558.0,0.99986
WATER,2025-DUNDUMWEZI-APPROVED-AND-NOT-APPROVED-PROJECTS.pdf,5,1959.0,532.0,2059.0,563.0,0.74538
DRILLING OF A BOREHOLE,2025-DUNDUMWEZI-APPROVED-AND-NOT-APPROVED-PROJECTS.pdf,5,1388.0,536.0,1745.0,572.0,0.99292
COOPERATIVE SOCITY,2025-DUNDUMWEZI-APPROVED-AND-NOT-APPROVED-PROJECTS.pdf,5,867.0,544.0,1170.0,581.0,0.99963
[NSUFFICIENT FUNDS,2025-DUNDUMWEZI-APPROVED-AND-NOT-APPROVED-PROJECTS.pdf,5,2906.0,549.0,3217.0,589.0,0.71438
MUBOMBO AGRICULTURAL,2025-DUNDUMWEZI-APPROVED-AND-NOT-APPROVED-PROJECTS.pdf,5,495.0,550.0,868.0,586.0,0.99419
190,2025-DUNDUMWEZI-APPROVED-AND-NOT-APPROVED-PROJECTS.pdf,5,406.0,556.0,456.0,585.0,0.95582
NOT APPROVED,2025-DUNDUMWEZI-APPROVED-AND-NOT-APPROVED-PROJECTS.pdf,5,2629.0,558.0,2863.0,594.0,0.84295
KATANDA,2025-DUNDUMWEZI-APPROVED-AND-NOT-APPROVED-PROJECTS.pdf,5,2461.0,562.0,2599.0,593.0,0.80397
DRIL LING,2025-DUNDUMWEZI-APPROVED-AND-NOT-APPROVED-PROJECTS.pdf,5,2178.0,567.0,2314.0,599.0,0.39949
WATER,2025-DUNDUMWEZI-APPROVED-AND-NOT-APPROVED-PROJECTS.pdf,5,1956.0,570.0,2059.0,602.0,0.99994
DRILLING OF A BOREHOLE,2025-DUNDUMWEZI-APPROVED-AND-NOT-APPROVED-PROJECTS.pdf,5,1388.0,575.0,1748.0,611.0,0.89577
SIBALWA VILLAGE,2025-DUNDUMWEZI-APPROVED-AND-NOT-APPROVED-PROJECTS.pdf,5,495.0,591.0,750.0,627.0,0.99194
INSUFFICIENT FUNDS,2025-DUNDUMWEZI-APPROVED-AND-NOT-APPROVED-PROJECTS.pdf,5,2906.0,591.0,3216.0,627.0,0.70295
NOT APPROVED,2025-DUNDUMWEZI-APPROVED-AND-NOT-APPROVED-PROJECTS.pdf,5,2629.0,594.0,2866.0,633.0,0.89705
191,2025-DUNDUMWEZI-APPROVED-AND-NOT-APPROVED-PROJECTS.pdf,5,408.0,595.0,454.0,626.0,0.66513
KATANDA,2025-DUNDUMWEZI-APPROVED-AND-NOT-APPROVED-PROJECTS.pdf,5,2461.0,603.0,2602.0,634.0,0.55542
DRILLING,2025-DUNDUMWEZI-APPROVED-AND-NOT-APPROVED-PROJECTS.pdf,5,2178.0,606.0,2314.0,637.0,0.99484
WATER,2025-DUNDUMWEZI-APPROVED-AND-NOT-APPROVED-PROJECTS.pdf,5,1959.0,611.0,2059.0,643.0,0.76612
DRILLING OF A BOREHOLE,2025-DUNDUMWEZI-APPROVED-AND-NOT-APPROVED-PROJECTS.pdf,5,1388.0,613.0,1748.0,653.0,0.83946
COMMUNITY,2025-DUNDUMWEZI-APPROVED-AND-NOT-APPROVED-PROJECTS.pdf,5,749.0,625.0,929.0,663.0,0.99814
NAMACHELEWEST,2025-DUNDUMWEZI-APPROVED-AND-NOT-APPROVED-PROJECTS.pdf,5,495.0,629.0,751.0,668.0,0.74609
INSUFFICIENT FUNDS,2025-DUNDUMWEZI-APPROVED-AND-NOT-APPROVED-PROJECTS.pdf,5,2909.0,629.0,3220.0,668.0,0.76204
NOL APPROVED,2025-DUNDUMWEZI-APPROVED-AND-NOT-APPROVED-PROJECTS.pdf,5,2629.0,635.0,2866.0,674.0,0.65275
92,2025-DUNDUMWEZI-APPROVED-AND-NOT-APPROVED-PROJECTS.pdf,5,419.0,636.0,456.0,667.0,1.0
KATANDA,2025-DUNDUMWEZI-APPROVED-AND-NOT-APPROVED-PROJECTS.pdf,5,2461.0,641.0,2602.0,673.0,0.6395
DRILLING,2025-DUNDUMWEZI-APPROVED-AND-NOT-APPROVED-PROJECTS.pdf,5,2181.0,647.0,2314.0,678.0,0.99992
WATER,2025-DUNDUMWEZI-APPROVED-AND-NOT-APPROVED-PROJECTS.pdf,5,1959.0,650.0,2062.0,681.0,0.98372
A BOREHOLE,2025-DUNDUMWEZI-APPROVED-AND-NOT-APPROVED-PROJECTS.pdf,5,1573.0,655.0,1747.0,686.0,0.97308
DRILLIAG OF,2025-DUNDUMWEZI-APPROVED-AND-NOT-APPROVED-PROJECTS.pdf,5,1389.0,658.0,1566.0,689.0,0.91083
INSUFFICIENT FUNDS,2025-DUNDUMWEZI-APPROVED-AND-NOT-APPROVED-PROJECTS.pdf,5,2909.0,668.0,3219.0,707.0,0.66684
[BBU YU LYAMPOKO,2025-DUNDUMWEZI-APPROVED-AND-NOT-APPROVED-PROJECTS.pdf,5,494.0,670.0,764.0,707.0,0.54794
NOT APPROVED,2025-DUNDUMWEZI-APPROVED-AND-NOT-APPROVED-PROJECTS.pdf,5,2632.0,674.0,2866.0,712.0,0.78543
193,2025-DUNDUMWEZI-APPROVED-AND-NOT-APPROVED-PROJECTS.pdf,5,408.0,677.0,456.0,706.0,0.84274
KATANDA,2025-DUNDUMWEZI-APPROVED-AND-NOT-APPROVED-PROJECTS.pdf,5,2461.0,682.0,2602.0,714.0,0.99999
DRILLING,2025-DUNDUMWEZI-APPROVED-AND-NOT-APPROVED-PROJECTS.pdf,5,2181.0,685.0,2314.0,717.0,0.99907
WATER,2025-DUNDUMWEZI-APPROVED-AND-NOT-APPROVED-PROJECTS.pdf,5,1959.0,691.0,2062.0,719.0,0.97552
DRILLING OF A BOREHOLE,2025-DUNDUMWEZI-APPROVED-AND-NOT-APPROVED-PROJECTS.pdf,5,1390.0,695.0,1748.0,732.0,0.966
HONDA COMMUNITY GROUP,2025-DUNDUMWEZI-APPROVED-AND-NOT-APPROVED-PROJECTS.pdf,5,495.0,707.0,885.0,746.0,0.85667
INSUFFICIENT FUNDS,2025-DUNDUMWEZI-APPROVED-AND-NOT-APPROVED-PROJECTS.pdf,5,2909.0,709.0,3219.0,748.0,0.70264
APPROVED,2025-DUNDUMWEZI-APPROVED-AND-NOT-APPROVED-PROJECTS.pdf,5,2703.0,714.0,2868.0,750.0,0.99054
194,2025-DUNDUMWEZI-APPROVED-AND-NOT-APPROVED-PROJECTS.pdf,5,408.0,715.0,456.0,744.0,0.96592
NOL,2025-DUNDUMWEZI-APPROVED-AND-NOT-APPROVED-PROJECTS.pdf,5,2632.0,717.0,2704.0,756.0,0.8811
DRILLING,2025-DUNDUMWEZI-APPROVED-AND-NOT-APPROVED-PROJECTS.pdf,5,2180.0,722.0,2316.0,760.0,0.99963
KATANDA,2025-DUNDUMWEZI-APPROVED-AND-NOT-APPROVED-PROJECTS.pdf,5,2463.0,724.0,2602.0,752.0,0.87784
WATER,2025-DUNDUMWEZI-APPROVED-AND-NOT-APPROVED-PROJECTS.pdf,5,1962.0,729.0,2062.0,760.0,0.99983
DRILLING OF A BOREHOLE,2025-DUNDUMWEZI-APPROVED-AND-NOT-APPROVED-PROJECTS.pdf,5,1391.0,734.0,1748.0,770.0,0.85051
INSUFFICIENT FUNDS,2025-DUNDUMWEZI-APPROVED-AND-NOT-APPROVED-PROJECTS.pdf,5,2909.0,747.0,3222.0,786.0,0.79237
CHILAMA COMMUNITY,2025-DUNDUMWEZI-APPROVED-AND-NOT-APPROVED-PROJECTS.pdf,5,498.0,750.0,811.0,786.0,0.69765
195,2025-DUNDUMWEZI-APPROVED-AND-NOT-APPROVED-PROJECTS.pdf,5,411.0,754.0,456.0,785.0,0.9998
NOT APPROVED,2025-DUNDUMWEZI-APPROVED-AND-NOT-APPROVED-PROJECTS.pdf,5,2632.0,755.0,2868.0,792.0,0.79402
KATANDA,2025-DUNDUMWEZI-APPROVED-AND-NOT-APPROVED-PROJECTS.pdf,5,2463.0,762.0,2602.0,793.0,0.93612
DRILLING,2025-DUNDUMWEZI-APPROVED-AND-NOT-APPROVED-PROJECTS.pdf,5,2184.0,765.0,2317.0,796.0,0.99993
WATER,2025-DUNDUMWEZI-APPROVED-AND-NOT-APPROVED-PROJECTS.pdf,5,1962.0,770.0,2062.0,799.0,0.99998
DRILLING OF A BOREHOLE,2025-DUNDUMWEZI-APPROVED-AND-NOT-APPROVED-PROJECTS.pdf,5,1391.0,771.0,1751.0,812.0,0.99161
KABANZE VILLAGE,2025-DUNDUMWEZI-APPROVED-AND-NOT-APPROVED-PROJECTS.pdf,5,498.0,788.0,761.0,824.0,0.75869
INSUFTICIENT FUNDS,2025-DUNDUMWEZI-APPROVED-AND-NOT-APPROVED-PROJECTS.pdf,5,2909.0,788.0,3222.0,827.0,0.54099
NOT APPROVED,2025-DUNDUMWEZI-APPROVED-AND-NOT-APPROVED-PROJECTS.pdf,5,2632.0,794.0,2868.0,833.0,0.70919
96,2025-DUNDUMWEZI-APPROVED-AND-NOT-APPROVED-PROJECTS.pdf,5,422.0,795.0,459.0,826.0,0.99995
KATANDA,2025-DUNDUMWEZI-APPROVED-AND-NOT-APPROVED-PROJECTS.pdf,5,2463.0,800.0,2604.0,832.0,0.77303
DRILLING,2025-DUNDUMWEZI-APPROVED-AND-NOT-APPROVED-PROJECTS.pdf,5,2184.0,806.0,2317.0,837.0,0.99952
WATER,2025-DUNDUMWEZI-APPROVED-AND-NOT-APPROVED-PROJECTS.pdf,5,1962.0,808.0,2065.0,840.0,0.99985
DRILLING OF A BOREHOLE,2025-DUNDUMWEZI-APPROVED-AND-NOT-APPROVED-PROJECTS.pdf,5,1391.0,813.0,1751.0,849.0,0.85773
WATAPENGA TOCHIBONI GROUP,2025-DUNDUMWEZI-APPROVED-AND-NOT-APPROVED-PROJECTS.pdf,5,500.0,827.0,940.0,866.0,0.70958
INSUFFICIENT FUNDS,2025-DUNDUMWEZI-APPROVED-AND-NOT-APPROVED-PROJECTS.pdf,5,2912.0,827.0,3225.0,866.0,0.94415
NOT APPROVED,2025-DUNDUMWEZI-APPROVED-AND-NOT-APPROVED-PROJECTS.pdf,5,2632.0,835.0,2868.0,871.0,0.94087
197,2025-DUNDUMWEZI-APPROVED-AND-NOT-APPROVED-PROJECTS.pdf,5,411.0,836.0,456.0,865.0,0.99303
KATANDA,2025-DUNDUMWEZI-APPROVED-AND-NOT-APPROVED-PROJECTS.pdf,5,2463.0,841.0,2604.0,873.0,0.99485
DRILLING,2025-DUNDUMWEZI-APPROVED-AND-NOT-APPROVED-PROJECTS.pdf,5,2184.0,844.0,2317.0,876.0,0.99986
WATER,2025-DUNDUMWEZI-APPROVED-AND-NOT-APPROVED-PROJECTS.pdf,5,1960.0,845.0,2066.0,883.0,0.99997
DRILLING OF A BOREHOLE,2025-DUNDUMWEZI-APPROVED-AND-NOT-APPROVED-PROJECTS.pdf,5,1394.0,850.0,1751.0,890.0,0.66655
CHIPONDO COMMUNITY SCHOQL,2025-DUNDUMWEZI-APPROVED-AND-NOT-APPROVED-PROJECTS.pdf,5,497.0,865.0,945.0,907.0,0.69376
INSUFFICIENT FUNDS,2025-DUNDUMWEZI-APPROVED-AND-NOT-APPROVED-PROJECTS.pdf,5,2912.0,868.0,3227.0,907.0,0.92164
NOT APPROVED,2025-DUNDUMWEZI-APPROVED-AND-NOT-APPROVED-PROJECTS.pdf,5,2635.0,873.0,2868.0,912.0,0.92413
198,2025-DUNDUMWEZI-APPROVED-AND-NOT-APPROVED-PROJECTS.pdf,5,411.0,874.0,459.0,906.0,0.99993
KATANDA,2025-DUNDUMWEZI-APPROVED-AND-NOT-APPROVED-PROJECTS.pdf,5,2463.0,880.0,2604.0,911.0,0.9999
DRILLING,2025-DUNDUMWEZI-APPROVED-AND-NOT-APPROVED-PROJECTS.pdf,5,2184.0,885.0,2317.0,917.0,0.99994
WATER,2025-DUNDUMWEZI-APPROVED-AND-NOT-APPROVED-PROJECTS.pdf,5,1962.0,888.0,2065.0,919.0,0.99996
[DRILLING OF A BOREHOLE,2025-DUNDUMWEZI-APPROVED-AND-NOT-APPROVED-PROJECTS.pdf,5,1390.0,892.0,1751.0,932.0,0.66348
MUYALA VILLAGE,2025-DUNDUMWEZI-APPROVED-AND-NOT-APPROVED-PROJECTS.pdf,5,498.0,909.0,753.0,945.0,0.99864
INSUFFICINT FUNDS,2025-DUNDUMWEZI-APPROVED-AND-NOT-APPROVED-PROJECTS.pdf,5,2914.0,909.0,3225.0,948.0,0.76115
NOT APPROVED,2025-DUNDUMWEZI-APPROVED-AND-NOT-APPROVED-PROJECTS.pdf,5,2635.0,914.0,2868.0,950.0,0.75222
199,2025-DUNDUMWEZI-APPROVED-AND-NOT-APPROVED-PROJECTS.pdf,5,411.0,915.0,459.0,944.0,0.96737
KATANDA,2025-DUNDUMWEZI-APPROVED-AND-NOT-APPROVED-PROJECTS.pdf,5,2462.0,917.0,2606.0,955.0,0.99995
CONSTRUCTION,2025-DUNDUMWEZI-APPROVED-AND-NOT-APPROVED-PROJECTS.pdf,5,2182.0,921.0,2403.0,959.0,0.99382
EDUCATION,2025-DUNDUMWEZI-APPROVED-AND-NOT-APPROVED-PROJECTS.pdf,5,1962.0,929.0,2128.0,960.0,0.98667
CONSTRUTION QF,2025-DUNDUMWEZI-APPROVED-AND-NOT-APPROVED-PROJECTS.pdf,5,1391.0,934.0,1638.0,970.0,0.65205
X3 CRB,2025-DUNDUMWEZI-APPROVED-AND-NOT-APPROVED-PROJECTS.pdf,5,1658.0,935.0,1766.0,966.0,0.52518
BOONGO COMMUNTY SCHOOL,2025-DUNDUMWEZI-APPROVED-AND-NOT-APPROVED-PROJECTS.pdf,5,501.0,942.0,919.0,984.0,0.66821
INSUFFICIENT FUNDS,2025-DUNDUMWEZI-APPROVED-AND-NOT-APPROVED-PROJECTS.pdf,5,2914.0,947.0,3225.0,989.0,0.89702
200,2025-DUNDUMWEZI-APPROVED-AND-NOT-APPROVED-PROJECTS.pdf,5,411.0,954.0,459.0,985.0,0.99958
NOT APPROVED,2025-DUNDUMWEZI-APPROVED-AND-NOT-APPROVED-PROJECTS.pdf,5,2638.0,955.0,2868.0,992.0,0.99984
KATANDA,2025-DUNDUMWEZI-APPROVED-AND-NOT-APPROVED-PROJECTS.pdf,5,2466.0,962.0,2607.0,993.0,0.74662
CONSTRUCTION,2025-DUNDUMWEZI-APPROVED-AND-NOT-APPROVED-PROJECTS.pdf,5,2184.0,965.0,2402.0,996.0,0.75169
EDUCATION,2025-DUNDUMWEZI-APPROVED-AND-NOT-APPROVED-PROJECTS.pdf,5,1965.0,967.0,2130.0,999.0,0.99998
STAFF HOUSES CONSTRUCTION,2025-DUNDUMWEZI-APPROVED-AND-NOT-APPROVED-PROJECTS.pdf,5,1413.0,972.0,1835.0,1008.0,0.8339
MAMACHELL COMMUNITY SCHOQL,2025-DUNDUMWEZI-APPROVED-AND-NOT-APPROVED-PROJECTS.pdf,5,497.0,986.0,978.0,1025.0,0.618
[NSUFHICIENTFUNDS,2025-DUNDUMWEZI-APPROVED-AND-NOT-APPROVED-PROJECTS.pdf,5,2914.0,986.0,3227.0,1029.0,0.27972
NOT APPROVED,2025-DUNDUMWEZI-APPROVED-AND-NOT-APPROVED-PROJECTS.pdf,5,2638.0,991.0,2872.0,1032.0,0.93695
201,2025-DUNDUMWEZI-APPROVED-AND-NOT-APPROVED-PROJECTS.pdf,5,411.0,995.0,459.0,1023.0,0.58514
KATANDA,2025-DUNDUMWEZI-APPROVED-AND-NOT-APPROVED-PROJECTS.pdf,5,2464.0,997.0,2609.0,1034.0,0.9956
CONSTRUCTION,2025-DUNDUMWEZI-APPROVED-AND-NOT-APPROVED-PROJECTS.pdf,5,2183.0,1001.0,2403.0,1038.0,0.99751
HEALTH,2025-DUNDUMWEZI-APPROVED-AND-NOT-APPROVED-PROJECTS.pdf,5,1965.0,1009.0,2078.0,1037.0,0.99979
COxSTRLCTIOX QF CLINIC,2025-DUNDUMWEZI-APPROVED-AND-NOT-APPROVED-PROJECTS.pdf,5,1393.0,1012.0,1753.0,1050.0,0.46361
CHIPONDO COMMUNITY SCHOOL,2025-DUNDUMWEZI-APPROVED-AND-NOT-APPROVED-PROJECTS.pdf,5,501.0,1024.0,948.0,1063.0,0.58811
INSUFFICIENT FUNDS,2025-DUNDUMWEZI-APPROVED-AND-NOT-APPROVED-PROJECTS.pdf,5,2914.0,1025.0,3228.0,1066.0,0.61354
NOT APPROVED,2025-DUNDUMWEZI-APPROVED-AND-NOT-APPROVED-PROJECTS.pdf,5,2638.0,1030.0,2872.0,1071.0,0.85961
202,2025-DUNDUMWEZI-APPROVED-AND-NOT-APPROVED-PROJECTS.pdf,5,411.0,1033.0,462.0,1065.0,1.0
ICONSTRUCTION,2025-DUNDUMWEZI-APPROVED-AND-NOT-APPROVED-PROJECTS.pdf,5,2182.0,1040.0,2406.0,1078.0,0.39067
KATANDA,2025-DUNDUMWEZI-APPROVED-AND-NOT-APPROVED-PROJECTS.pdf,5,2466.0,1041.0,2607.0,1070.0,0.60356
EDUCATION,2025-DUNDUMWEZI-APPROVED-AND-NOT-APPROVED-PROJECTS.pdf,5,1965.0,1047.0,2130.0,1078.0,0.82415
[CoXTRUCIIQL QF,2025-DUNDUMWEZI-APPROVED-AND-NOT-APPROVED-PROJECTS.pdf,5,1391.0,1050.0,1657.0,1091.0,0.18555
X3 CRB,2025-DUNDUMWEZI-APPROVED-AND-NOT-APPROVED-PROJECTS.pdf,5,1677.0,1052.0,1785.0,1084.0,0.64469
MAMACIIELE COMMUNITY,2025-DUNDUMWEZI-APPROVED-AND-NOT-APPROVED-PROJECTS.pdf,5,498.0,1063.0,861.0,1102.0,0.43271
SCHOOL,2025-DUNDUMWEZI-APPROVED-AND-NOT-APPROVED-PROJECTS.pdf,5,861.0,1063.0,977.0,1095.0,0.99948
INSUFFICIENT FUNDS,2025-DUNDUMWEZI-APPROVED-AND-NOT-APPROVED-PROJECTS.pdf,5,2916.0,1065.0,3227.0,1108.0,0.62336
203,2025-DUNDUMWEZI-APPROVED-AND-NOT-APPROVED-PROJECTS.pdf,5,414.0,1072.0,462.0,1103.0,0.95119
NOT APPROVED,2025-DUNDUMWEZI-APPROVED-AND-NOT-APPROVED-PROJECTS.pdf,5,2638.0,1073.0,2874.0,1109.0,0.84722
CONSTRUCTIQN,2025-DUNDUMWEZI-APPROVED-AND-NOT-APPROVED-PROJECTS.pdf,5,2185.0,1078.0,2406.0,1118.0,0.33411
KATANDA,2025-DUNDUMWEZI-APPROVED-AND-NOT-APPROVED-PROJECTS.pdf,5,2466.0,1080.0,2607.0,1111.0,0.99997
EDUCATION,2025-DUNDUMWEZI-APPROVED-AND-NOT-APPROVED-PROJECTS.pdf,5,1963.0,1082.0,2132.0,1121.0,0.71454
CONSTRUCTION OF 1 X2 CRB,2025-DUNDUMWEZI-APPROVED-AND-NOT-APPROVED-PROJECTS.pdf,5,1393.0,1090.0,1789.0,1129.0,0.85363
SCHOOL,2025-DUNDUMWEZI-APPROVED-AND-NOT-APPROVED-PROJECTS.pdf,5,833.0,1104.0,949.0,1136.0,0.99952
CHIZUNDA COMMUNITY,2025-DUNDUMWEZI-APPROVED-AND-NOT-APPROVED-PROJECTS.pdf,5,501.0,1106.0,833.0,1142.0,0.83645
INSUFFICIENT FUNDS,2025-DUNDUMWEZI-APPROVED-AND-NOT-APPROVED-PROJECTS.pdf,5,2914.0,1106.0,3230.0,1145.0,0.54112
NOT APPROVED,2025-DUNDUMWEZI-APPROVED-AND-NOT-APPROVED-PROJECTS.pdf,5,2638.0,1110.0,2875.0,1150.0,0.86043
204,2025-DUNDUMWEZI-APPROVED-AND-NOT-APPROVED-PROJECTS.pdf,5,414.0,1113.0,462.0,1144.0,1.0
[CQNSTRUCTION,2025-DUNDUMWEZI-APPROVED-AND-NOT-APPROVED-PROJECTS.pdf,5,2182.0,1118.0,2406.0,1158.0,0.41148
KATANDA,2025-DUNDUMWEZI-APPROVED-AND-NOT-APPROVED-PROJECTS.pdf,5,2469.0,1118.0,2607.0,1149.0,0.63618
EDUCATION,2025-DUNDUMWEZI-APPROVED-AND-NOT-APPROVED-PROJECTS.pdf,5,1965.0,1126.0,2130.0,1158.0,0.91827
CONSTRUCTION OF,2025-DUNDUMWEZI-APPROVED-AND-NOT-APPROVED-PROJECTS.pdf,5,1394.0,1131.0,1657.0,1169.0,0.91458
X3 CRB,2025-DUNDUMWEZI-APPROVED-AND-NOT-APPROVED-PROJECTS.pdf,5,1680.0,1132.0,1788.0,1163.0,0.9299
NAMACHELE COMMUNITY SCHOQL,2025-DUNDUMWEZI-APPROVED-AND-NOT-APPROVED-PROJECTS.pdf,5,503.0,1142.0,981.0,1181.0,0.72303
TNSUFFICEENT FUNDS,2025-DUNDUMWEZI-APPROVED-AND-NOT-APPROVED-PROJECTS.pdf,5,2917.0,1144.0,3230.0,1183.0,0.76025
205,2025-DUNDUMWEZI-APPROVED-AND-NOT-APPROVED-PROJECTS.pdf,5,414.0,1151.0,462.0,1182.0,0.99208
NOT APPROVED,2025-DUNDUMWEZI-APPROVED-AND-NOT-APPROVED-PROJECTS.pdf,5,2640.0,1153.0,2874.0,1189.0,0.93784
CONSTRUCTION,2025-DUNDUMWEZI-APPROVED-AND-NOT-APPROVED-PROJECTS.pdf,5,2185.0,1158.0,2406.0,1198.0,0.88032
KATANDA,2025-DUNDUMWEZI-APPROVED-AND-NOT-APPROVED-PROJECTS.pdf,5,2469.0,1159.0,2610.0,1191.0,0.99998
CONSTRUCTIOX 1 X3 CRB 2 STAFF HOUSEEDUCATION,2025-DUNDUMWEZI-APPROVED-AND-NOT-APPROVED-PROJECTS.pdf,5,1395.0,1161.0,2135.0,1210.0,0.3293
MPANGO COMMUNITY SCHOOL,2025-DUNDUMWEZI-APPROVED-AND-NOT-APPROVED-PROJECTS.pdf,5,503.0,1183.0,929.0,1222.0,0.88737
INSUFFICIENTFUNDS,2025-DUNDUMWEZI-APPROVED-AND-NOT-APPROVED-PROJECTS.pdf,5,2919.0,1184.0,3231.0,1226.0,0.70205
206,2025-DUNDUMWEZI-APPROVED-AND-NOT-APPROVED-PROJECTS.pdf,5,413.0,1188.0,466.0,1224.0,0.40949
NQT APPROVED,2025-DUNDUMWEZI-APPROVED-AND-NOT-APPROVED-PROJECTS.pdf,5,2640.0,1191.0,2874.0,1233.0,0.54973
CONSTRUCTION,2025-DUNDUMWEZI-APPROVED-AND-NOT-APPROVED-PROJECTS.pdf,5,2188.0,1199.0,2405.0,1235.0,0.99932
KATANDA,2025-DUNDUMWEZI-APPROVED-AND-NOT-APPROVED-PROJECTS.pdf,5,2469.0,1200.0,2610.0,1229.0,0.99999
HOUSES TOILETEDUCATION,2025-DUNDUMWEZI-APPROVED-AND-NOT-APPROVED-PROJECTS.pdf,5,1745.0,1205.0,2134.0,1241.0,0.69933
ICONSTRUCHIQL OF STAFF,2025-DUNDUMWEZI-APPROVED-AND-NOT-APPROVED-PROJECTS.pdf,5,1396.0,1210.0,1748.0,1249.0,0.16095
MUKANDA PRIMARY SCHOOL,2025-DUNDUMWEZI-APPROVED-AND-NOT-APPROVED-PROJECTS.pdf,5,503.0,1224.0,904.0,1260.0,0.99151
INSUFFICIENT FUNDS,2025-DUNDUMWEZI-APPROVED-AND-NOT-APPROVED-PROJECTS.pdf,5,2917.0,1227.0,3230.0,1263.0,0.93648
207,2025-DUNDUMWEZI-APPROVED-AND-NOT-APPROVED-PROJECTS.pdf,5,414.0,1230.0,462.0,1262.0,0.78905
NOT APPROVED,2025-DUNDUMWEZI-APPROVED-AND-NOT-APPROVED-PROJECTS.pdf,5,2640.0,1232.0,2877.0,1268.0,0.96246
KATANDA,2025-DUNDUMWEZI-APPROVED-AND-NOT-APPROVED-PROJECTS.pdf,5,2469.0,1239.0,2610.0,1270.0,0.99164
DRILLING,2025-DUNDUMWEZI-APPROVED-AND-NOT-APPROVED-PROJECTS.pdf,5,2189.0,1241.0,2325.0,1273.0,0.98498
WATER,2025-DUNDUMWEZI-APPROVED-AND-NOT-APPROVED-PROJECTS.pdf,5,1967.0,1247.0,2070.0,1276.0,0.99274
DRILLING OF A BOREHOLE,2025-DUNDUMWEZI-APPROVED-AND-NOT-APPROVED-PROJECTS.pdf,5,1397.0,1248.0,1759.0,1287.0,0.87494
MUVJEKULA GROUP OF SIABASIMBI VILLAGE,2025-DUNDUMWEZI-APPROVED-AND-NOT-APPROVED-PROJECTS.pdf,5,503.0,1260.0,1112.0,1301.0,0.69695
INSUFFICIENT FUNDS,2025-DUNDUMWEZI-APPROVED-AND-NOT-APPROVED-PROJECTS.pdf,5,2919.0,1264.0,3233.0,1305.0,0.80175
208,2025-DUNDUMWEZI-APPROVED-AND-NOT-APPROVED-PROJECTS.pdf,5,414.0,1272.0,465.0,1303.0,0.55182
NOL APPROVED,2025-DUNDUMWEZI-APPROVED-AND-NOT-APPROVED-PROJECTS.pdf,5,2640.0,1273.0,2874.0,1312.0,0.9528
KATANDA,2025-DUNDUMWEZI-APPROVED-AND-NOT-APPROVED-PROJECTS.pdf,5,2468.0,1276.0,2614.0,1312.0,0.99358
CONSTRUCTION,2025-DUNDUMWEZI-APPROVED-AND-NOT-APPROVED-PROJECTS.pdf,5,2188.0,1278.0,2408.0,1316.0,0.99904
EDUCATION,2025-DUNDUMWEZI-APPROVED-AND-NOT-APPROVED-PROJECTS.pdf,5,1967.0,1285.0,2133.0,1317.0,0.99997
[COVSTRUCIION OF 6 VIP TOILETS_,2025-DUNDUMWEZI-APPROVED-AND-NOT-APPROVED-PROJECTS.pdf,5,1396.0,1286.0,1850.0,1329.0,0.3258
NANDWIZI PRIMARY SCHOOL,2025-DUNDUMWEZI-APPROVED-AND-NOT-APPROVED-PROJECTS.pdf,5,503.0,1303.0,901.0,1342.0,0.97864
INSUFFICIENT FUNDS,2025-DUNDUMWEZI-APPROVED-AND-NOT-APPROVED-PROJECTS.pdf,5,2920.0,1303.0,3233.0,1342.0,0.73879
NOT APPROVED,2025-DUNDUMWEZI-APPROVED-AND-NOT-APPROVED-PROJECTS.pdf,5,2643.0,1309.0,2877.0,1349.0,0.92627
209,2025-DUNDUMWEZI-APPROVED-AND-NOT-APPROVED-PROJECTS.pdf,5,414.0,1310.0,465.0,1341.0,0.54831
KATANDA,2025-DUNDUMWEZI-APPROVED-AND-NOT-APPROVED-PROJECTS.pdf,5,2472.0,1318.0,2613.0,1350.0,0.99999
CONSTRUCTION,2025-DUNDUMWEZI-APPROVED-AND-NOT-APPROVED-PROJECTS.pdf,5,2188.0,1320.0,2408.0,1356.0,0.91488
EDUCATION,2025-DUNDUMWEZI-APPROVED-AND-NOT-APPROVED-PROJECTS.pdf,5,1969.0,1323.0,2134.0,1359.0,0.95513
CONSTRUCTION OF 2 STAFF HQUSES,2025-DUNDUMWEZI-APPROVED-AND-NOT-APPROVED-PROJECTS.pdf,5,1399.0,1328.0,1882.0,1368.0,0.4881
NaNDWIZI PRIMARY SCHOOL,2025-DUNDUMWEZI-APPROVED-AND-NOT-APPROVED-PROJECTS.pdf,5,506.0,1345.0,901.0,1381.0,0.80881
INSUFFICIENT FUNDS,2025-DUNDUMWEZI-APPROVED-AND-NOT-APPROVED-PROJECTS.pdf,5,2920.0,1345.0,3233.0,1383.0,0.98155
NOT APPROVED,2025-DUNDUMWEZI-APPROVED-AND-NOT-APPROVED-PROJECTS.pdf,5,2643.0,1353.0,2879.0,1389.0,0.99383
210,2025-DUNDUMWEZI-APPROVED-AND-NOT-APPROVED-PROJECTS.pdf,5,419.0,1354.0,465.0,1380.0,0.7187
KATANDA,2025-DUNDUMWEZI-APPROVED-AND-NOT-APPROVED-PROJECTS.pdf,5,2472.0,1359.0,2613.0,1391.0,0.71283
WATER,2025-DUNDUMWEZI-APPROVED-AND-NOT-APPROVED-PROJECTS.pdf,5,1968.0,1362.0,2074.0,1401.0,0.93762
DRILLING,2025-DUNDUMWEZI-APPROVED-AND-NOT-APPROVED-PROJECTS.pdf,5,2192.0,1362.0,2325.0,1393.0,0.9998
CONSTRUCTION OF DIP TANK,2025-DUNDUMWEZI-APPROVED-AND-NOT-APPROVED-PROJECTS.pdf,5,1399.0,1369.0,1794.0,1410.0,0.92584
MALALA COMMUNITY GROUP,2025-DUNDUMWEZI-APPROVED-AND-NOT-APPROVED-PROJECTS.pdf,5,506.0,1383.0,909.0,1422.0,0.8774
[NSUFFICIENT FUNDS,2025-DUNDUMWEZI-APPROVED-AND-NOT-APPROVED-PROJECTS.pdf,5,2920.0,1386.0,3236.0,1424.0,0.77288
1,2025-DUNDUMWEZI-APPROVED-AND-NOT-APPROVED-PROJECTS.pdf,5,112.0,1388.0,149.0,1611.0,0.16037
NOL APPROVED,2025-DUNDUMWEZI-APPROVED-AND-NOT-APPROVED-PROJECTS.pdf,5,2643.0,1389.0,2880.0,1430.0,0.65781
CONSTRUCTION,2025-DUNDUMWEZI-APPROVED-AND-NOT-APPROVED-PROJECTS.pdf,5,2191.0,1399.0,2408.0,1435.0,0.82073
KATANDA,2025-DUNDUMWEZI-APPROVED-AND-NOT-APPROVED-PROJECTS.pdf,5,2474.0,1400.0,2613.0,1432.0,0.99476
0,2025-DUNDUMWEZI-APPROVED-AND-NOT-APPROVED-PROJECTS.pdf,5,355.0,1404.0,379.0,1422.0,0.24878
EDUCATION,2025-DUNDUMWEZI-APPROVED-AND-NOT-APPROVED-PROJECTS.pdf,5,1970.0,1406.0,2136.0,1437.0,0.99765
CONSTRUCTION OF STAFF HQUSE,2025-DUNDUMWEZI-APPROVED-AND-NOT-APPROVED-PROJECTS.pdf,5,1399.0,1408.0,1849.0,1446.0,0.84743
NABULANGU BASIC SCHOQL,2025-DUNDUMWEZI-APPROVED-AND-NOT-APPROVED-PROJECTS.pdf,5,506.0,1424.0,893.0,1460.0,0.79614
INSUFFICEENT FUNDS,2025-DUNDUMWEZI-APPROVED-AND-NOT-APPROVED-PROJECTS.pdf,5,2923.0,1424.0,3233.0,1463.0,0.4942
NNOT APPROVED,2025-DUNDUMWEZI-APPROVED-AND-NOT-APPROVED-PROJECTS.pdf,5,2643.0,1432.0,2879.0,1468.0,0.76751
2,2025-DUNDUMWEZI-APPROVED-AND-NOT-APPROVED-PROJECTS.pdf,5,448.0,1437.0,466.0,1458.0,1.0
CONSTRUCTION,2025-DUNDUMWEZI-APPROVED-AND-NOT-APPROVED-PROJECTS.pdf,5,2191.0,1437.0,2411.0,1476.0,0.9997
KATANDA,2025-DUNDUMWEZI-APPROVED-AND-NOT-APPROVED-PROJECTS.pdf,5,2474.0,1439.0,2615.0,1470.0,0.99999
EDUCATION,2025-DUNDUMWEZI-APPROVED-AND-NOT-APPROVED-PROJECTS.pdf,5,1970.0,1444.0,2136.0,1476.0,0.66775
CONSTRUCTION QF STAFF HQUSE,2025-DUNDUMWEZI-APPROVED-AND-NOT-APPROVED-PROJECTS.pdf,5,1399.0,1449.0,1849.0,1488.0,0.81668
CHIPONDO COMMUNITY SCHOQL,2025-DUNDUMWEZI-APPROVED-AND-NOT-APPROVED-PROJECTS.pdf,5,509.0,1462.0,953.0,1501.0,0.76576
INSUFFICEENT FUNDS,2025-DUNDUMWEZI-APPROVED-AND-NOT-APPROVED-PROJECTS.pdf,5,2923.0,1465.0,3233.0,1504.0,0.53789
NOT APPROVED,2025-DUNDUMWEZI-APPROVED-AND-NOT-APPROVED-PROJECTS.pdf,5,2646.0,1471.0,2879.0,1507.0,0.96588
45,2025-DUNDUMWEZI-APPROVED-AND-NOT-APPROVED-PROJECTS.pdf,5,433.0,1472.0,467.0,1500.0,0.37313
L,2025-DUNDUMWEZI-APPROVED-AND-NOT-APPROVED-PROJECTS.pdf,5,136.0,1473.0,175.0,1841.0,0.17141
KKATANDA,2025-DUNDUMWEZI-APPROVED-AND-NOT-APPROVED-PROJECTS.pdf,5,2470.0,1473.0,2619.0,1551.0,0.97262
1,2025-DUNDUMWEZI-APPROVED-AND-NOT-APPROVED-PROJECTS.pdf,5,383.0,1479.0,419.0,1597.0,0.63516
DRILLING,2025-DUNDUMWEZI-APPROVED-AND-NOT-APPROVED-PROJECTS.pdf,5,2192.0,1482.0,2328.0,1511.0,0.99985
WATER,2025-DUNDUMWEZI-APPROVED-AND-NOT-APPROVED-PROJECTS.pdf,5,1973.0,1485.0,2073.0,1517.0,0.99995
DRILLAAG OF A BOREHOLE,2025-DUNDUMWEZI-APPROVED-AND-NOT-APPROVED-PROJECTS.pdf,5,1402.0,1490.0,1761.0,1526.0,0.70236
CHIBINGA LWAMBL CHIBOOLA,2025-DUNDUMWEZI-APPROVED-AND-NOT-APPROVED-PROJECTS.pdf,5,506.0,1501.0,931.0,1542.0,0.5885
[NSUFFICIENT FUNDS,2025-DUNDUMWEZI-APPROVED-AND-NOT-APPROVED-PROJECTS.pdf,5,2922.0,1503.0,3236.0,1544.0,0.59642
8,2025-DUNDUMWEZI-APPROVED-AND-NOT-APPROVED-PROJECTS.pdf,5,210.0,1506.0,282.0,1611.0,0.47407
14,2025-DUNDUMWEZI-APPROVED-AND-NOT-APPROVED-PROJECTS.pdf,5,430.0,1510.0,467.0,1539.0,0.99809
NOT APPROVED,2025-DUNDUMWEZI-APPROVED-AND-NOT-APPROVED-PROJECTS.pdf,5,2646.0,1512.0,2879.0,1548.0,0.99666
CONSTRUCTION,2025-DUNDUMWEZI-APPROVED-AND-NOT-APPROVED-PROJECTS.pdf,5,2191.0,1516.0,2412.0,1555.0,0.95467
WATER,2025-DUNDUMWEZI-APPROVED-AND-NOT-APPROVED-PROJECTS.pdf,5,1973.0,1524.0,2076.0,1555.0,0.99994
[COVSTRUCTION OFA DAM,2025-DUNDUMWEZI-APPROVED-AND-NOT-APPROVED-PROJECTS.pdf,5,1399.0,1525.0,1761.0,1567.0,0.32918
IKABILA NYATI COMMUNITY,2025-DUNDUMWEZI-APPROVED-AND-NOT-APPROVED-PROJECTS.pdf,5,506.0,1542.0,890.0,1578.0,0.63746
NNSUFFICEENT FUNDS,2025-DUNDUMWEZI-APPROVED-AND-NOT-APPROVED-PROJECTS.pdf,5,2923.0,1545.0,3236.0,1581.0,0.66111
5,2025-DUNDUMWEZI-APPROVED-AND-NOT-APPROVED-PROJECTS.pdf,5,433.0,1548.0,467.0,1580.0,0.99972
NOT APPROVED,2025-DUNDUMWEZI-APPROVED-AND-NOT-APPROVED-PROJECTS.pdf,5,2646.0,1550.0,2882.0,1586.0,0.70385
KATANDA,2025-DUNDUMWEZI-APPROVED-AND-NOT-APPROVED-PROJECTS.pdf,5,2477.0,1556.0,2615.0,1588.0,0.99996
CONSTRUCTION,2025-DUNDUMWEZI-APPROVED-AND-NOT-APPROVED-PROJECTS.pdf,5,2191.0,1558.0,2414.0,1594.0,0.98494
SANITATION,2025-DUNDUMWEZI-APPROVED-AND-NOT-APPROVED-PROJECTS.pdf,5,1969.0,1560.0,2143.0,1597.0,0.67553
ICoNSTRLCTION OF ABLUTION BLOCK,2025-DUNDUMWEZI-APPROVED-AND-NOT-APPROVED-PROJECTS.pdf,5,1399.0,1566.0,1909.0,1606.0,0.57627
NUINK ! PRIMARY SCHOOL,2025-DUNDUMWEZI-APPROVED-AND-NOT-APPROVED-PROJECTS.pdf,5,506.0,1580.0,885.0,1619.0,0.26519
NNSUFFICIENT FUNDS,2025-DUNDUMWEZI-APPROVED-AND-NOT-APPROVED-PROJECTS.pdf,5,2925.0,1582.0,3236.0,1623.0,0.86685
1,2025-DUNDUMWEZI-APPROVED-AND-NOT-APPROVED-PROJECTS.pdf,5,373.0,1588.0,423.0,1728.0,0.68457
NOT APPROVED,2025-DUNDUMWEZI-APPROVED-AND-NOT-APPROVED-PROJECTS.pdf,5,2649.0,1588.0,2882.0,1624.0,0.94134
216,2025-DUNDUMWEZI-APPROVED-AND-NOT-APPROVED-PROJECTS.pdf,5,425.0,1589.0,470.0,1618.0,0.99651
CONSTRUCTION,2025-DUNDUMWEZI-APPROVED-AND-NOT-APPROVED-PROJECTS.pdf,5,2193.0,1594.0,2412.0,1636.0,0.99984
KATANDA,2025-DUNDUMWEZI-APPROVED-AND-NOT-APPROVED-PROJECTS.pdf,5,2477.0,1595.0,2615.0,1626.0,0.99998
EDUCATION,2025-DUNDUMWEZI-APPROVED-AND-NOT-APPROVED-PROJECTS.pdf,5,1973.0,1603.0,2139.0,1634.0,0.99991
CONSTRUCTION OF 1X3 CRB,2025-DUNDUMWEZI-APPROVED-AND-NOT-APPROVED-PROJECTS.pdf,5,1402.0,1607.0,1783.0,1646.0,0.63734
1,2025-DUNDUMWEZI-APPROVED-AND-NOT-APPROVED-PROJECTS.pdf,5,113.0,1609.0,141.0,1714.0,0.29132
2,2025-DUNDUMWEZI-APPROVED-AND-NOT-APPROVED-PROJECTS.pdf,5,207.0,1613.0,282.0,1715.0,0.32137
MMACIELE COMMUNITY SCHOOL,2025-DUNDUMWEZI-APPROVED-AND-NOT-APPROVED-PROJECTS.pdf,5,509.0,1618.0,986.0,1657.0,0.70248
INSUFFICENT FUNDS,2025-DUNDUMWEZI-APPROVED-AND-NOT-APPROVED-PROJECTS.pdf,5,2925.0,1621.0,3236.0,1664.0,0.82137
217,2025-DUNDUMWEZI-APPROVED-AND-NOT-APPROVED-PROJECTS.pdf,5,419.0,1628.0,467.0,1659.0,0.95678
NOT APPROVED,2025-DUNDUMWEZI-APPROVED-AND-NOT-APPROVED-PROJECTS.pdf,5,2649.0,1629.0,2882.0,1666.0,0.68204
priLa mon,2025-DUNDUMWEZI-APPROVED-AND-NOT-APPROVED-PROJECTS.pdf,5,2189.0,1631.0,2418.0,1717.0,0.04435
KATANDA,2025-DUNDUMWEZI-APPROVED-AND-NOT-APPROVED-PROJECTS.pdf,5,2473.0,1632.0,2622.0,1710.0,0.6133
0,2025-DUNDUMWEZI-APPROVED-AND-NOT-APPROVED-PROJECTS.pdf,5,92.0,1634.0,113.0,1658.0,0.83749
[AESROCK,2025-DUNDUMWEZI-APPROVED-AND-NOT-APPROVED-PROJECTS.pdf,5,1967.0,1635.0,2136.0,1719.0,0.24884
A SPRAY RACE AT KATANDA,2025-DUNDUMWEZI-APPROVED-AND-NOT-APPROVED-PROJECTS.pdf,5,1408.0,1646.0,1792.0,1685.0,0.78959
1,2025-DUNDUMWEZI-APPROVED-AND-NOT-APPROVED-PROJECTS.pdf,5,86.0,1657.0,114.0,1816.0,0.15747
1,2025-DUNDUMWEZI-APPROVED-AND-NOT-APPROVED-PROJECTS.pdf,5,337.0,1658.0,375.0,1741.0,0.22394
NNSUFFICENT FUNDS,2025-DUNDUMWEZI-APPROVED-AND-NOT-APPROVED-PROJECTS.pdf,5,2925.0,1662.0,3239.0,1703.0,0.85442
2I8,2025-DUNDUMWEZI-APPROVED-AND-NOT-APPROVED-PROJECTS.pdf,5,418.0,1665.0,474.0,1701.0,0.06911
KATANDA,2025-DUNDUMWEZI-APPROVED-AND-NOT-APPROVED-PROJECTS.pdf,5,510.0,1666.0,651.0,1697.0,0.99996
NOT APPRQVED,2025-DUNDUMWEZI-APPROVED-AND-NOT-APPROVED-PROJECTS.pdf,5,2649.0,1671.0,2885.0,1707.0,0.72342
CONSTRUCTION OF A DAM,2025-DUNDUMWEZI-APPROVED-AND-NOT-APPROVED-PROJECTS.pdf,5,1402.0,1686.0,1764.0,1726.0,0.83479
MUCHENJEJE COMMUNITY,2025-DUNDUMWEZI-APPROVED-AND-NOT-APPROVED-PROJECTS.pdf,5,512.0,1701.0,874.0,1737.0,0.96568
[NSUFFICINT FUNDS,2025-DUNDUMWEZI-APPROVED-AND-NOT-APPROVED-PROJECTS.pdf,5,2928.0,1703.0,3238.0,1742.0,0.74387
219,2025-DUNDUMWEZI-APPROVED-AND-NOT-APPROVED-PROJECTS.pdf,5,421.0,1706.0,471.0,1742.0,0.98808
NOL APPROVED,2025-DUNDUMWEZI-APPROVED-AND-NOT-APPROVED-PROJECTS.pdf,5,2649.0,1709.0,2885.0,1748.0,0.78917
1,2025-DUNDUMWEZI-APPROVED-AND-NOT-APPROVED-PROJECTS.pdf,5,110.0,1710.0,138.0,1917.0,0.39674
[cONSTRUCTIOA,2025-DUNDUMWEZI-APPROVED-AND-NOT-APPROVED-PROJECTS.pdf,5,2193.0,1715.0,2417.0,1755.0,0.47506
KATANDA,2025-DUNDUMWEZI-APPROVED-AND-NOT-APPROVED-PROJECTS.pdf,5,2477.0,1715.0,2618.0,1747.0,0.99639
EDUCATION,2025-DUNDUMWEZI-APPROVED-AND-NOT-APPROVED-PROJECTS.pdf,5,1975.0,1720.0,2142.0,1756.0,0.92258
H,2025-DUNDUMWEZI-APPROVED-AND-NOT-APPROVED-PROJECTS.pdf,5,329.0,1721.0,420.0,1933.0,0.52483
CONSTRUCTOX 14 STAFF HQUSES,2025-DUNDUMWEZI-APPROVED-AND-NOT-APPROVED-PROJECTS.pdf,5,1404.0,1725.0,1863.0,1767.0,0.28868
NAJINKA PRIMARY SCHOQL,2025-DUNDUMWEZI-APPROVED-AND-NOT-APPROVED-PROJECTS.pdf,5,511.0,1741.0,887.0,1779.0,0.84702
NNSUFFICIENT FUNDS,2025-DUNDUMWEZI-APPROVED-AND-NOT-APPROVED-PROJECTS.pdf,5,2928.0,1742.0,3238.0,1783.0,0.86491
220,2025-DUNDUMWEZI-APPROVED-AND-NOT-APPROVED-PROJECTS.pdf,5,421.0,1747.0,474.0,1783.0,0.34622
NOT APPROVED,2025-DUNDUMWEZI-APPROVED-AND-NOT-APPROVED-PROJECTS.pdf,5,2651.0,1750.0,2885.0,1786.0,0.93067
C,2025-DUNDUMWEZI-APPROVED-AND-NOT-APPROVED-PROJECTS.pdf,5,213.0,1755.0,271.0,1797.0,0.20981
KATANDA,2025-DUNDUMWEZI-APPROVED-AND-NOT-APPROVED-PROJECTS.pdf,5,2480.0,1756.0,2618.0,1788.0,0.94548
cONSTRUCTION,2025-DUNDUMWEZI-APPROVED-AND-NOT-APPROVED-PROJECTS.pdf,5,2193.0,1757.0,2416.0,1795.0,0.70633
[ONSTRucTONOF WEACTH O9 SSATIE,2025-DUNDUMWEZI-APPROVED-AND-NOT-APPROVED-PROJECTS.pdf,5,1400.0,1762.0,1963.0,1851.0,0.05023
HIEALTH,2025-DUNDUMWEZI-APPROVED-AND-NOT-APPROVED-PROJECTS.pdf,5,1976.0,1762.0,2092.0,1793.0,0.70299
HEALTH POST,2025-DUNDUMWEZI-APPROVED-AND-NOT-APPROVED-PROJECTS.pdf,5,1669.0,1767.0,1856.0,1799.0,0.89987
BOONGQ HEALTH POST,2025-DUNDUMWEZI-APPROVED-AND-NOT-APPROVED-PROJECTS.pdf,5,511.0,1782.0,830.0,1821.0,0.6227
INSUFFICEENT FUNDS,2025-DUNDUMWEZI-APPROVED-AND-NOT-APPROVED-PROJECTS.pdf,5,2928.0,1782.0,3239.0,1822.0,0.92113
621,2025-DUNDUMWEZI-APPROVED-AND-NOT-APPROVED-PROJECTS.pdf,5,421.0,1786.0,471.0,1822.0,0.66618
NOT APPROVED,2025-DUNDUMWEZI-APPROVED-AND-NOT-APPROVED-PROJECTS.pdf,5,2649.0,1787.0,2885.0,1830.0,0.95611
CONSTRUCTION,2025-DUNDUMWEZI-APPROVED-AND-NOT-APPROVED-PROJECTS.pdf,5,2196.0,1795.0,2417.0,1836.0,0.99843
KATANDA,2025-DUNDUMWEZI-APPROVED-AND-NOT-APPROVED-PROJECTS.pdf,5,2480.0,1798.0,2621.0,1826.0,0.99998
EDUC 'TION,2025-DUNDUMWEZI-APPROVED-AND-NOT-APPROVED-PROJECTS.pdf,5,1976.0,1803.0,2144.0,1834.0,0.24143
BOONGO COMMUNITY SCHOOL,2025-DUNDUMWEZI-APPROVED-AND-NOT-APPROVED-PROJECTS.pdf,5,512.0,1821.0,934.0,1859.0,0.80781
INSUFFICENT FUNDS,2025-DUNDUMWEZI-APPROVED-AND-NOT-APPROVED-PROJECTS.pdf,5,2927.0,1823.0,3241.0,1865.0,0.64727
622,2025-DUNDUMWEZI-APPROVED-AND-NOT-APPROVED-PROJECTS.pdf,5,421.0,1827.0,474.0,1863.0,0.13322
NOT APPROVED,2025-DUNDUMWEZI-APPROVED-AND-NOT-APPROVED-PROJECTS.pdf,5,2651.0,1828.0,2888.0,1868.0,0.98637
KATANDA,2025-DUNDUMWEZI-APPROVED-AND-NOT-APPROVED-PROJECTS.pdf,5,2478.0,1833.0,2622.0,1872.0,0.99999
CONSTRUCTION,2025-DUNDUMWEZI-APPROVED-AND-NOT-APPROVED-PROJECTS.pdf,5,2197.0,1838.0,2416.0,1874.0,0.77982
EDUCATION,2025-DUNDUMWEZI-APPROVED-AND-NOT-APPROVED-PROJECTS.pdf,5,1977.0,1840.0,2145.0,1877.0,0.76594
[CONSTRUCTON OF IX3 CRB,2025-DUNDUMWEZI-APPROVED-AND-NOT-APPROVED-PROJECTS.pdf,5,1404.0,1848.0,1786.0,1888.0,0.51143
NAINKA PRIMARY SCHOOL,2025-DUNDUMWEZI-APPROVED-AND-NOT-APPROVED-PROJECTS.pdf,5,512.0,1862.0,887.0,1898.0,0.6636
INSUFFICEENT FUNDS,2025-DUNDUMWEZI-APPROVED-AND-NOT-APPROVED-PROJECTS.pdf,5,2930.0,1865.0,3241.0,1905.0,0.72693
NOT APPROVED,2025-DUNDUMWEZI-APPROVED-AND-NOT-APPROVED-PROJECTS.pdf,5,2651.0,1868.0,2888.0,1909.0,0.99872
22;,2025-DUNDUMWEZI-APPROVED-AND-NOT-APPROVED-PROJECTS.pdf,5,422.0,1869.0,473.0,1900.0,0.10335
[CONSTRUCTION,2025-DUNDUMWEZI-APPROVED-AND-NOT-APPROVED-PROJECTS.pdf,5,2196.0,1876.0,2417.0,1915.0,0.44314
KATANDA,2025-DUNDUMWEZI-APPROVED-AND-NOT-APPROVED-PROJECTS.pdf,5,2480.0,1877.0,2621.0,1908.0,0.99999
EDUCATION,2025-DUNDUMWEZI-APPROVED-AND-NOT-APPROVED-PROJECTS.pdf,5,1977.0,1880.0,2143.0,1918.0,0.99965
IcoxSTRUCTOL OF 1X3 CRB,2025-DUNDUMWEZI-APPROVED-AND-NOT-APPROVED-PROJECTS.pdf,5,1404.0,1888.0,1786.0,1927.0,0.22599
LUYANDO COMMUNITY SCHOOL,2025-DUNDUMWEZI-APPROVED-AND-NOT-APPROVED-PROJECTS.pdf,5,514.0,1901.0,956.0,1940.0,0.7954
[NSUFFICENT FUNDS,2025-DUNDUMWEZI-APPROVED-AND-NOT-APPROVED-PROJECTS.pdf,5,2930.0,1903.0,3242.0,1945.0,0.60641
22i,2025-DUNDUMWEZI-APPROVED-AND-NOT-APPROVED-PROJECTS.pdf,5,421.0,1906.0,474.0,1945.0,0.23198
NOT APPROVED,2025-DUNDUMWEZI-APPROVED-AND-NOT-APPROVED-PROJECTS.pdf,5,2651.0,1912.0,2888.0,1948.0,0.66455
CONSTRUCTION,2025-DUNDUMWEZI-APPROVED-AND-NOT-APPROVED-PROJECTS.pdf,5,2196.0,1916.0,2420.0,1956.0,0.99705
KATANDA,2025-DUNDUMWEZI-APPROVED-AND-NOT-APPROVED-PROJECTS.pdf,5,2483.0,1918.0,2621.0,1950.0,0.99977
EDUCATION,2025-DUNDUMWEZI-APPROVED-AND-NOT-APPROVED-PROJECTS.pdf,5,1978.0,1924.0,2144.0,1955.0,0.99693
CONSTRUCTION OF IX3 CRB,2025-DUNDUMWEZI-APPROVED-AND-NOT-APPROVED-PROJECTS.pdf,5,1408.0,1928.0,1786.0,1967.0,0.77939
NADWIZI PRIMARY SCHOOL,2025-DUNDUMWEZI-APPROVED-AND-NOT-APPROVED-PROJECTS.pdf,5,511.0,1942.0,890.0,1982.0,0.77954
NNSUFFICEENT FUNDS,2025-DUNDUMWEZI-APPROVED-AND-NOT-APPROVED-PROJECTS.pdf,5,2933.0,1945.0,3241.0,1984.0,0.74453
225,2025-DUNDUMWEZI-APPROVED-AND-NOT-APPROVED-PROJECTS.pdf,5,424.0,1947.0,474.0,1983.0,1.0
KATANDA,2025-DUNDUMWEZI-APPROVED-AND-NOT-APPROVED-PROJECTS.pdf,5,2481.0,1953.0,2625.0,1992.0,0.99994
NOT,2025-DUNDUMWEZI-APPROVED-AND-NOT-APPROVED-PROJECTS.pdf,5,2651.0,1953.0,2723.0,1989.0,0.99987
APPROVED,2025-DUNDUMWEZI-APPROVED-AND-NOT-APPROVED-PROJECTS.pdf,5,2726.0,1954.0,2887.0,1985.0,0.9998
CONSTRUCTION OF A FEEDER ROAD NABUAINSTRASTUCTUICONSTRUCTION,2025-DUNDUMWEZI-APPROVED-AND-NOT-APPROVED-PROJECTS.pdf,5,1406.0,1957.0,2420.0,2008.0,0.33645
NABULANGU BASIC SCHOOL,2025-DUNDUMWEZI-APPROVED-AND-NOT-APPROVED-PROJECTS.pdf,5,514.0,1981.0,901.0,2019.0,0.79315
NNSUFFICIENT FUNDS,2025-DUNDUMWEZI-APPROVED-AND-NOT-APPROVED-PROJECTS.pdf,5,2931.0,1983.0,3244.0,2022.0,0.59197
226,2025-DUNDUMWEZI-APPROVED-AND-NOT-APPROVED-PROJECTS.pdf,5,425.0,1989.0,475.0,2021.0,0.99999
NOT APPROVED,2025-DUNDUMWEZI-APPROVED-AND-NOT-APPROVED-PROJECTS.pdf,5,2654.0,1991.0,2888.0,2027.0,0.9946
KATANDA,2025-DUNDUMWEZI-APPROVED-AND-NOT-APPROVED-PROJECTS.pdf,5,2483.0,1998.0,2624.0,2026.0,0.99998
CONSTRUCTION,2025-DUNDUMWEZI-APPROVED-AND-NOT-APPROVED-PROJECTS.pdf,5,2200.0,2000.0,2418.0,2032.0,0.97166
EDUCATION,2025-DUNDUMWEZI-APPROVED-AND-NOT-APPROVED-PROJECTS.pdf,5,1981.0,2003.0,2144.0,2034.0,0.63359
CONSTRUCTION OF 1X3 CRB,2025-DUNDUMWEZI-APPROVED-AND-NOT-APPROVED-PROJECTS.pdf,5,1407.0,2007.0,1789.0,2047.0,0.64669
NACHONCHO COMMUNITY,2025-DUNDUMWEZI-APPROVED-AND-NOT-APPROVED-PROJECTS.pdf,5,517.0,2021.0,877.0,2057.0,0.87847
227,2025-DUNDUMWEZI-APPROVED-AND-NOT-APPROVED-PROJECTS.pdf,5,427.0,2027.0,474.0,2063.0,0.81869
APPROVED,2025-DUNDUMWEZI-APPROVED-AND-NOT-APPROVED-PROJECTS.pdf,5,2656.0,2030.0,2798.0,2069.0,0.93043
NA,2025-DUNDUMWEZI-APPROVED-AND-NOT-APPROVED-PROJECTS.pdf,5,2935.0,2030.0,2974.0,2059.0,0.99999
Katanda,2025-DUNDUMWEZI-APPROVED-AND-NOT-APPROVED-PROJECTS.pdf,5,2484.0,2035.0,2600.0,2071.0,1.0
Classroom Block,2025-DUNDUMWEZI-APPROVED-AND-NOT-APPROVED-PROJECTS.pdf,5,2202.0,2038.0,2427.0,2074.0,0.95783
Education,2025-DUNDUMWEZI-APPROVED-AND-NOT-APPROVED-PROJECTS.pdf,5,1988.0,2040.0,2129.0,2079.0,0.99964
Construction Of A 1x2 CRB,2025-DUNDUMWEZI-APPROVED-AND-NOT-APPROVED-PROJECTS.pdf,5,1410.0,2046.0,1775.0,2088.0,0.84855
1x2 CRB Mpango Primary,2025-DUNDUMWEZI-APPROVED-AND-NOT-APPROVED-PROJECTS.pdf,5,519.0,2056.0,865.0,2109.0,0.55894
20,2025-DUNDUMWEZI-APPROVED-AND-NOT-APPROVED-PROJECTS.pdf,5,429.0,2065.0,471.0,2107.0,1.0
Katanda,2025-DUNDUMWEZI-APPROVED-AND-NOT-APPROVED-PROJECTS.pdf,5,2484.0,2072.0,2601.0,2113.0,1.0
NA,2025-DUNDUMWEZI-APPROVED-AND-NOT-APPROVED-PROJECTS.pdf,5,2935.0,2072.0,2977.0,2100.0,0.99999
APPROVED,2025-DUNDUMWEZI-APPROVED-AND-NOT-APPROVED-PROJECTS.pdf,5,2658.0,2074.0,2796.0,2106.0,0.99992
Staff House,2025-DUNDUMWEZI-APPROVED-AND-NOT-APPROVED-PROJECTS.pdf,5,2199.0,2079.0,2364.0,2115.0,0.85487
Health,2025-DUNDUMWEZI-APPROVED-AND-NOT-APPROVED-PROJECTS.pdf,5,1988.0,2082.0,2085.0,2118.0,0.99253
Constuction Of A Staff House,2025-DUNDUMWEZI-APPROVED-AND-NOT-APPROVED-PROJECTS.pdf,5,1410.0,2087.0,1816.0,2126.0,0.72341
Staff House At Nabulangu RHC,2025-DUNDUMWEZI-APPROVED-AND-NOT-APPROVED-PROJECTS.pdf,5,525.0,2098.0,942.0,2140.0,0.95475
21,2025-DUNDUMWEZI-APPROVED-AND-NOT-APPROVED-PROJECTS.pdf,5,429.0,2106.0,468.0,2142.0,1.0
APPROVED,2025-DUNDUMWEZI-APPROVED-AND-NOT-APPROVED-PROJECTS.pdf,5,2656.0,2110.0,2800.0,2148.0,0.9999
NA,2025-DUNDUMWEZI-APPROVED-AND-NOT-APPROVED-PROJECTS.pdf,5,2937.0,2110.0,2977.0,2139.0,0.99999
Katanda,2025-DUNDUMWEZI-APPROVED-AND-NOT-APPROVED-PROJECTS.pdf,5,2484.0,2114.0,2600.0,2151.0,1.0
Staff House,2025-DUNDUMWEZI-APPROVED-AND-NOT-APPROVED-PROJECTS.pdf,5,2201.0,2116.0,2364.0,2157.0,0.99965
Agriculture,2025-DUNDUMWEZI-APPROVED-AND-NOT-APPROVED-PROJECTS.pdf,5,1991.0,2123.0,2145.0,2161.0,0.96981
[Completion Of A Staff House,2025-DUNDUMWEZI-APPROVED-AND-NOT-APPROVED-PROJECTS.pdf,5,1409.0,2124.0,1801.0,2173.0,0.45297
Staff House At Katanda Agric Camp Office_,2025-DUNDUMWEZI-APPROVED-AND-NOT-APPROVED-PROJECTS.pdf,5,524.0,2135.0,1094.0,2184.0,0.64412
22,2025-DUNDUMWEZI-APPROVED-AND-NOT-APPROVED-PROJECTS.pdf,5,429.0,2145.0,471.0,2186.0,1.0
NA,2025-DUNDUMWEZI-APPROVED-AND-NOT-APPROVED-PROJECTS.pdf,5,2937.0,2151.0,2977.0,2180.0,0.99995
APPROVED,2025-DUNDUMWEZI-APPROVED-AND-NOT-APPROVED-PROJECTS.pdf,5,2661.0,2154.0,2799.0,2185.0,0.99992
Mikata,2025-DUNDUMWEZI-APPROVED-AND-NOT-APPROVED-PROJECTS.pdf,5,2487.0,2155.0,2581.0,2192.0,0.99362
Health Post,2025-DUNDUMWEZI-APPROVED-AND-NOT-APPROVED-PROJECTS.pdf,5,2202.0,2158.0,2364.0,2194.0,0.99992
Health,2025-DUNDUMWEZI-APPROVED-AND-NOT-APPROVED-PROJECTS.pdf,5,1991.0,2161.0,2085.0,2197.0,0.99999
Completion Qf,2025-DUNDUMWEZI-APPROVED-AND-NOT-APPROVED-PROJECTS.pdf,5,1410.0,2166.0,1614.0,2211.0,0.80865
A Health Post,2025-DUNDUMWEZI-APPROVED-AND-NOT-APPROVED-PROJECTS.pdf,5,1624.0,2166.0,1811.0,2203.0,0.99312
Health Post At Bungashiya,2025-DUNDUMWEZI-APPROVED-AND-NOT-APPROVED-PROJECTS.pdf,5,527.0,2179.0,886.0,2224.0,0.96041
23,2025-DUNDUMWEZI-APPROVED-AND-NOT-APPROVED-PROJECTS.pdf,5,429.0,2186.0,474.0,2225.0,0.47645
NA,2025-DUNDUMWEZI-APPROVED-AND-NOT-APPROVED-PROJECTS.pdf,5,2937.0,2189.0,2980.0,2221.0,0.99999
APPROVED,2025-DUNDUMWEZI-APPROVED-AND-NOT-APPROVED-PROJECTS.pdf,5,2659.0,2190.0,2800.0,2228.0,0.99993
Mikata,2025-DUNDUMWEZI-APPROVED-AND-NOT-APPROVED-PROJECTS.pdf,5,2487.0,2194.0,2581.0,2230.0,1.0
Boreholes,2025-DUNDUMWEZI-APPROVED-AND-NOT-APPROVED-PROJECTS.pdf,5,2213.0,2197.0,2353.0,2233.0,0.99999
Water,2025-DUNDUMWEZI-APPROVED-AND-NOT-APPROVED-PROJECTS.pdf,5,1991.0,2202.0,2079.0,2238.0,0.99998
Drilling Of Boreholes,2025-DUNDUMWEZI-APPROVED-AND-NOT-APPROVED-PROJECTS.pdf,5,1410.0,2205.0,1699.0,2254.0,0.79518
Drilling 12_Boreholes,2025-DUNDUMWEZI-APPROVED-AND-NOT-APPROVED-PROJECTS.pdf,5,518.0,2220.0,814.0,2270.0,0.59501
24,2025-DUNDUMWEZI-APPROVED-AND-NOT-APPROVED-PROJECTS.pdf,5,429.0,2224.0,474.0,2266.0,1.0
Mikata,2025-DUNDUMWEZI-APPROVED-AND-NOT-APPROVED-PROJECTS.pdf,6,2466.0,211.0,2558.0,243.0,0.99999
Dip tanks,2025-DUNDUMWEZI-APPROVED-AND-NOT-APPROVED-PROJECTS.pdf,6,2194.0,213.0,2326.0,249.0,0.99938
Procurement Of Chemicals For Dip tanks,2025-DUNDUMWEZI-APPROVED-AND-NOT-APPROVED-PROJECTS.pdf,6,1397.0,214.0,1944.0,257.0,0.93379
Livestock,2025-DUNDUMWEZI-APPROVED-AND-NOT-APPROVED-PROJECTS.pdf,6,1973.0,217.0,2106.0,248.0,0.75527
Chemicals For Dip Tanks,2025-DUNDUMWEZI-APPROVED-AND-NOT-APPROVED-PROJECTS.pdf,6,503.0,228.0,838.0,270.0,0.65152
25,2025-DUNDUMWEZI-APPROVED-AND-NOT-APPROVED-PROJECTS.pdf,6,413.0,232.0,457.0,268.0,1.0
NA,2025-DUNDUMWEZI-APPROVED-AND-NOT-APPROVED-PROJECTS.pdf,6,2915.0,241.0,2955.0,273.0,0.99998
APPROVED,2025-DUNDUMWEZI-APPROVED-AND-NOT-APPROVED-PROJECTS.pdf,6,2639.0,244.0,2777.0,275.0,0.99437
NNSUFFICENT FUNDS,2025-DUNDUMWEZI-APPROVED-AND-NOT-APPROVED-PROJECTS.pdf,6,2911.0,276.0,3222.0,314.0,0.79209
NOT APPROVED,2025-DUNDUMWEZI-APPROVED-AND-NOT-APPROVED-PROJECTS.pdf,6,2639.0,282.0,2867.0,314.0,0.99292
DRLLLING,2025-DUNDUMWEZI-APPROVED-AND-NOT-APPROVED-PROJECTS.pdf,6,2185.0,284.0,2329.0,321.0,0.87946
MIKATA,2025-DUNDUMWEZI-APPROVED-AND-NOT-APPROVED-PROJECTS.pdf,6,2466.0,285.0,2577.0,314.0,0.99997
WATER,2025-DUNDUMWEZI-APPROVED-AND-NOT-APPROVED-PROJECTS.pdf,6,1970.0,291.0,2076.0,322.0,0.99988
DRLLLING OF A BOREHOLE,2025-DUNDUMWEZI-APPROVED-AND-NOT-APPROVED-PROJECTS.pdf,6,1397.0,292.0,1778.0,329.0,0.70069
MAYABA VLLLAGE,2025-DUNDUMWEZI-APPROVED-AND-NOT-APPROVED-PROJECTS.pdf,6,503.0,302.0,776.0,342.0,0.77298
1252,2025-DUNDUMWEZI-APPROVED-AND-NOT-APPROVED-PROJECTS.pdf,6,411.0,310.0,465.0,341.0,0.44442
INSUFFICIENT FUNDS,2025-DUNDUMWEZI-APPROVED-AND-NOT-APPROVED-PROJECTS.pdf,6,2914.0,314.0,3225.0,353.0,0.92087
NOT APPROVED,2025-DUNDUMWEZI-APPROVED-AND-NOT-APPROVED-PROJECTS.pdf,6,2638.0,320.0,2871.0,356.0,0.99504
DRILLING,2025-DUNDUMWEZI-APPROVED-AND-NOT-APPROVED-PROJECTS.pdf,6,2185.0,324.0,2329.0,362.0,0.91934
MIMATA,2025-DUNDUMWEZI-APPROVED-AND-NOT-APPROVED-PROJECTS.pdf,6,2466.0,326.0,2580.0,355.0,0.32764
WATER,2025-DUNDUMWEZI-APPROVED-AND-NOT-APPROVED-PROJECTS.pdf,6,1970.0,329.0,2078.0,360.0,0.99989
DRILLING OF A BOREHOLE,2025-DUNDUMWEZI-APPROVED-AND-NOT-APPROVED-PROJECTS.pdf,6,1397.0,331.0,1781.0,370.0,0.87941
CHINTEMA COMMUNITY,2025-DUNDUMWEZI-APPROVED-AND-NOT-APPROVED-PROJECTS.pdf,6,506.0,341.0,861.0,381.0,0.92228
6s3,2025-DUNDUMWEZI-APPROVED-AND-NOT-APPROVED-PROJECTS.pdf,6,413.0,347.0,466.0,383.0,0.22233
IINSUFFICIENT FUNDS,2025-DUNDUMWEZI-APPROVED-AND-NOT-APPROVED-PROJECTS.pdf,6,2914.0,355.0,3225.0,392.0,0.45982
NOT APPROVED,2025-DUNDUMWEZI-APPROVED-AND-NOT-APPROVED-PROJECTS.pdf,6,2639.0,362.0,2870.0,393.0,0.7173
CONSTRUCHION,2025-DUNDUMWEZI-APPROVED-AND-NOT-APPROVED-PROJECTS.pdf,6,2185.0,363.0,2425.0,402.0,0.72604
MIkATA,2025-DUNDUMWEZI-APPROVED-AND-NOT-APPROVED-PROJECTS.pdf,6,2466.0,365.0,2582.0,396.0,0.36268
[CONSTRUCTION OF A MATERNITY WINIHEALTH,2025-DUNDUMWEZI-APPROVED-AND-NOT-APPROVED-PROJECTS.pdf,6,1396.0,368.0,2090.0,411.0,0.45135
MIKATA,2025-DUNDUMWEZI-APPROVED-AND-NOT-APPROVED-PROJECTS.pdf,6,504.0,387.0,629.0,418.0,0.99816
254,2025-DUNDUMWEZI-APPROVED-AND-NOT-APPROVED-PROJECTS.pdf,6,413.0,388.0,466.0,424.0,0.42436
INSUFFICIENT FUNDS,2025-DUNDUMWEZI-APPROVED-AND-NOT-APPROVED-PROJECTS.pdf,6,2914.0,394.0,3225.0,433.0,0.83053
NOT APPROVED,2025-DUNDUMWEZI-APPROVED-AND-NOT-APPROVED-PROJECTS.pdf,6,2638.0,399.0,2871.0,435.0,0.99956
DRILLNNG,2025-DUNDUMWEZI-APPROVED-AND-NOT-APPROVED-PROJECTS.pdf,6,2185.0,404.0,2332.0,442.0,0.83485
MMIKATA,2025-DUNDUMWEZI-APPROVED-AND-NOT-APPROVED-PROJECTS.pdf,6,2466.0,406.0,2580.0,434.0,0.81269
DRILLING OF A BOREHOLE,2025-DUNDUMWEZI-APPROVED-AND-NOT-APPROVED-PROJECTS.pdf,6,1399.0,410.0,1781.0,449.0,0.80377
WATER,2025-DUNDUMWEZI-APPROVED-AND-NOT-APPROVED-PROJECTS.pdf,6,1970.0,411.0,2078.0,443.0,0.99958
NABWELENGE VILLAGE,2025-DUNDUMWEZI-APPROVED-AND-NOT-APPROVED-PROJECTS.pdf,6,503.0,423.0,849.0,462.0,0.74239
255,2025-DUNDUMWEZI-APPROVED-AND-NOT-APPROVED-PROJECTS.pdf,6,416.0,429.0,466.0,466.0,0.99321
INSUFFICIENT FUNDS,2025-DUNDUMWEZI-APPROVED-AND-NOT-APPROVED-PROJECTS.pdf,6,2914.0,435.0,3225.0,471.0,0.89801
NOT APPROVED,2025-DUNDUMWEZI-APPROVED-AND-NOT-APPROVED-PROJECTS.pdf,6,2638.0,440.0,2874.0,476.0,0.97995
DRILLING,2025-DUNDUMWEZI-APPROVED-AND-NOT-APPROVED-PROJECTS.pdf,6,2188.0,443.0,2332.0,483.0,0.95395
MIKATA,2025-DUNDUMWEZI-APPROVED-AND-NOT-APPROVED-PROJECTS.pdf,6,2469.0,444.0,2580.0,475.0,0.99498
BOREHOLE,2025-DUNDUMWEZI-APPROVED-AND-NOT-APPROVED-PROJECTS.pdf,6,1615.0,449.0,1781.0,488.0,0.9403
WATER,2025-DUNDUMWEZI-APPROVED-AND-NOT-APPROVED-PROJECTS.pdf,6,1970.0,450.0,2078.0,481.0,0.99995
DRILLING OF A,2025-DUNDUMWEZI-APPROVED-AND-NOT-APPROVED-PROJECTS.pdf,6,1399.0,454.0,1616.0,490.0,0.83437
HACHOMBA WOMENS CLUB,2025-DUNDUMWEZI-APPROVED-AND-NOT-APPROVED-PROJECTS.pdf,6,506.0,461.0,915.0,501.0,0.99912
256,2025-DUNDUMWEZI-APPROVED-AND-NOT-APPROVED-PROJECTS.pdf,6,417.0,469.0,465.0,500.0,1.0
FUNDS,2025-DUNDUMWEZI-APPROVED-AND-NOT-APPROVED-PROJECTS.pdf,6,3120.0,473.0,3225.0,509.0,0.99921
NOT APPROVED,2025-DUNDUMWEZI-APPROVED-AND-NOT-APPROVED-PROJECTS.pdf,6,2640.0,476.0,2875.0,517.0,0.90832
INSUFFICEENT,2025-DUNDUMWEZI-APPROVED-AND-NOT-APPROVED-PROJECTS.pdf,6,2914.0,476.0,3120.0,512.0,0.54051
DRILLING,2025-DUNDUMWEZI-APPROVED-AND-NOT-APPROVED-PROJECTS.pdf,6,2188.0,484.0,2331.0,520.0,0.99991
MIKATA,2025-DUNDUMWEZI-APPROVED-AND-NOT-APPROVED-PROJECTS.pdf,6,2469.0,485.0,2580.0,514.0,0.99993
WATER,2025-DUNDUMWEZI-APPROVED-AND-NOT-APPROVED-PROJECTS.pdf,6,1973.0,491.0,2081.0,522.0,0.99429
DRILLING OF A BOREHOLE,2025-DUNDUMWEZI-APPROVED-AND-NOT-APPROVED-PROJECTS.pdf,6,1399.0,492.0,1781.0,529.0,0.89517
HACHOBE VILLAGE,2025-DUNDUMWEZI-APPROVED-AND-NOT-APPROVED-PROJECTS.pdf,6,506.0,502.0,790.0,542.0,0.54855
257,2025-DUNDUMWEZI-APPROVED-AND-NOT-APPROVED-PROJECTS.pdf,6,416.0,509.0,466.0,545.0,1.0
NNSUFFICENT FUNDS,2025-DUNDUMWEZI-APPROVED-AND-NOT-APPROVED-PROJECTS.pdf,6,2917.0,514.0,3225.0,553.0,0.81521
NOT APPROVED,2025-DUNDUMWEZI-APPROVED-AND-NOT-APPROVED-PROJECTS.pdf,6,2640.0,520.0,2874.0,556.0,0.99168
DRILLING,2025-DUNDUMWEZI-APPROVED-AND-NOT-APPROVED-PROJECTS.pdf,6,2189.0,526.0,2330.0,558.0,0.99982
MIKATA,2025-DUNDUMWEZI-APPROVED-AND-NOT-APPROVED-PROJECTS.pdf,6,2469.0,526.0,2582.0,555.0,0.99881
WATER,2025-DUNDUMWEZI-APPROVED-AND-NOT-APPROVED-PROJECTS.pdf,6,1973.0,529.0,2078.0,560.0,0.75341
DRLLLING OF A BOREHOLE,2025-DUNDUMWEZI-APPROVED-AND-NOT-APPROVED-PROJECTS.pdf,6,1399.0,531.0,1781.0,570.0,0.61215
KABOMBO WOMENS CLUB,2025-DUNDUMWEZI-APPROVED-AND-NOT-APPROVED-PROJECTS.pdf,6,506.0,541.0,893.0,584.0,0.93266
258,2025-DUNDUMWEZI-APPROVED-AND-NOT-APPROVED-PROJECTS.pdf,6,417.0,551.0,467.0,580.0,0.99999
NNSUFFICEENT,2025-DUNDUMWEZI-APPROVED-AND-NOT-APPROVED-PROJECTS.pdf,6,2916.0,553.0,3121.0,594.0,0.53355
FUNDS,2025-DUNDUMWEZI-APPROVED-AND-NOT-APPROVED-PROJECTS.pdf,6,3120.0,553.0,3227.0,589.0,0.72949
NOT APPROVED,2025-DUNDUMWEZI-APPROVED-AND-NOT-APPROVED-PROJECTS.pdf,6,2640.0,558.0,2874.0,594.0,0.84404
DRILLING,2025-DUNDUMWEZI-APPROVED-AND-NOT-APPROVED-PROJECTS.pdf,6,2188.0,564.0,2331.0,600.0,0.9906
MIKATA,2025-DUNDUMWEZI-APPROVED-AND-NOT-APPROVED-PROJECTS.pdf,6,2469.0,565.0,2582.0,596.0,0.99935
WATER,2025-DUNDUMWEZI-APPROVED-AND-NOT-APPROVED-PROJECTS.pdf,6,1973.0,570.0,2078.0,602.0,0.81771
DRILNNG OF A BOREHOLE,2025-DUNDUMWEZI-APPROVED-AND-NOT-APPROVED-PROJECTS.pdf,6,1402.0,572.0,1783.0,608.0,0.55199
HACHOMBA YOUTH CLUB,2025-DUNDUMWEZI-APPROVED-AND-NOT-APPROVED-PROJECTS.pdf,6,506.0,583.0,882.0,622.0,0.80237
250,2025-DUNDUMWEZI-APPROVED-AND-NOT-APPROVED-PROJECTS.pdf,6,417.0,589.0,467.0,618.0,0.86066
INSUFFICIENT FUNDS,2025-DUNDUMWEZI-APPROVED-AND-NOT-APPROVED-PROJECTS.pdf,6,2917.0,594.0,3227.0,630.0,0.844
NOT APPROVED,2025-DUNDUMWEZI-APPROVED-AND-NOT-APPROVED-PROJECTS.pdf,6,2640.0,599.0,2874.0,635.0,0.99494
MIKATA,2025-DUNDUMWEZI-APPROVED-AND-NOT-APPROVED-PROJECTS.pdf,6,2469.0,603.0,2582.0,634.0,0.65993
DRILLING,2025-DUNDUMWEZI-APPROVED-AND-NOT-APPROVED-PROJECTS.pdf,6,2189.0,606.0,2330.0,637.0,0.99929
WATER,2025-DUNDUMWEZI-APPROVED-AND-NOT-APPROVED-PROJECTS.pdf,6,1973.0,608.0,2078.0,640.0,0.99179
DRILLING OF A BOREHOLE,2025-DUNDUMWEZI-APPROVED-AND-NOT-APPROVED-PROJECTS.pdf,6,1401.0,609.0,1781.0,650.0,0.77538
KASANSA HAZCHOME WOMENS CLUB,2025-DUNDUMWEZI-APPROVED-AND-NOT-APPROVED-PROJECTS.pdf,6,506.0,618.0,1057.0,660.0,0.63859
260,2025-DUNDUMWEZI-APPROVED-AND-NOT-APPROVED-PROJECTS.pdf,6,417.0,630.0,467.0,659.0,0.99994
INSUFFICIENT FUNDS,2025-DUNDUMWEZI-APPROVED-AND-NOT-APPROVED-PROJECTS.pdf,6,2917.0,632.0,3228.0,671.0,0.57032
NOT APPROVED,2025-DUNDUMWEZI-APPROVED-AND-NOT-APPROVED-PROJECTS.pdf,6,2640.0,636.0,2874.0,674.0,0.98795
DRILLING,2025-DUNDUMWEZI-APPROVED-AND-NOT-APPROVED-PROJECTS.pdf,6,2188.0,643.0,2332.0,680.0,0.67933
MIKATA,2025-DUNDUMWEZI-APPROVED-AND-NOT-APPROVED-PROJECTS.pdf,6,2472.0,644.0,2582.0,676.0,0.99511
WATER,2025-DUNDUMWEZI-APPROVED-AND-NOT-APPROVED-PROJECTS.pdf,6,1973.0,650.0,2081.0,681.0,0.99993
DRILLING OF A BOREHOLE,2025-DUNDUMWEZI-APPROVED-AND-NOT-APPROVED-PROJECTS.pdf,6,1399.0,651.0,1783.0,687.0,0.81161
MUKAMAKWATI VILLAGE,2025-DUNDUMWEZI-APPROVED-AND-NOT-APPROVED-PROJECTS.pdf,6,508.0,661.0,885.0,700.0,0.839
261,2025-DUNDUMWEZI-APPROVED-AND-NOT-APPROVED-PROJECTS.pdf,6,419.0,669.0,465.0,700.0,0.97206
INSUFFICIENT FUNDS,2025-DUNDUMWEZI-APPROVED-AND-NOT-APPROVED-PROJECTS.pdf,6,2920.0,673.0,3230.0,709.0,0.61534
NOT APPROVED,2025-DUNDUMWEZI-APPROVED-AND-NOT-APPROVED-PROJECTS.pdf,6,2641.0,680.0,2873.0,711.0,0.99826
MIKATA,2025-DUNDUMWEZI-APPROVED-AND-NOT-APPROVED-PROJECTS.pdf,6,2472.0,682.0,2582.0,714.0,0.99963
DRILLING,2025-DUNDUMWEZI-APPROVED-AND-NOT-APPROVED-PROJECTS.pdf,6,2192.0,685.0,2330.0,717.0,0.67471
DRILLING OF A BOREHOLE,2025-DUNDUMWEZI-APPROVED-AND-NOT-APPROVED-PROJECTS.pdf,6,1402.0,687.0,1784.0,727.0,0.99669
WATER,2025-DUNDUMWEZI-APPROVED-AND-NOT-APPROVED-PROJECTS.pdf,6,1973.0,688.0,2081.0,719.0,0.96125
KABOMBO VLLLAGE,2025-DUNDUMWEZI-APPROVED-AND-NOT-APPROVED-PROJECTS.pdf,6,506.0,700.0,800.0,740.0,0.73912
262,2025-DUNDUMWEZI-APPROVED-AND-NOT-APPROVED-PROJECTS.pdf,6,419.0,707.0,467.0,739.0,0.99772
INSUFFICIENL FUNDS,2025-DUNDUMWEZI-APPROVED-AND-NOT-APPROVED-PROJECTS.pdf,6,2920.0,712.0,3230.0,750.0,0.50376
NOT APPROVED,2025-DUNDUMWEZI-APPROVED-AND-NOT-APPROVED-PROJECTS.pdf,6,2643.0,717.0,2874.0,753.0,0.98289
DRLLLINNG,2025-DUNDUMWEZI-APPROVED-AND-NOT-APPROVED-PROJECTS.pdf,6,2190.0,721.0,2335.0,760.0,0.3021
MIKATA,2025-DUNDUMWEZI-APPROVED-AND-NOT-APPROVED-PROJECTS.pdf,6,2472.0,724.0,2585.0,752.0,0.67709
WATER,2025-DUNDUMWEZI-APPROVED-AND-NOT-APPROVED-PROJECTS.pdf,6,1972.0,725.0,2082.0,761.0,0.99991
DRILLING OF A BOREHOLE,2025-DUNDUMWEZI-APPROVED-AND-NOT-APPROVED-PROJECTS.pdf,6,1402.0,728.0,1783.0,767.0,0.84157
MWIILI PRIMARY SCHOQL,2025-DUNDUMWEZI-APPROVED-AND-NOT-APPROVED-PROJECTS.pdf,6,509.0,742.0,882.0,778.0,0.40031
263,2025-DUNDUMWEZI-APPROVED-AND-NOT-APPROVED-PROJECTS.pdf,6,419.0,748.0,467.0,780.0,0.99781
NNSUFFICEENT FUNDS,2025-DUNDUMWEZI-APPROVED-AND-NOT-APPROVED-PROJECTS.pdf,6,2920.0,753.0,3230.0,789.0,0.6151
NOT APPROVED,2025-DUNDUMWEZI-APPROVED-AND-NOT-APPROVED-PROJECTS.pdf,6,2643.0,758.0,2877.0,794.0,0.99647
MIKATA,2025-DUNDUMWEZI-APPROVED-AND-NOT-APPROVED-PROJECTS.pdf,6,2474.0,762.0,2585.0,793.0,0.99996
DRLLLING,2025-DUNDUMWEZI-APPROVED-AND-NOT-APPROVED-PROJECTS.pdf,6,2192.0,765.0,2333.0,796.0,0.61976
DRILLING OF A BOREHOLE,2025-DUNDUMWEZI-APPROVED-AND-NOT-APPROVED-PROJECTS.pdf,6,1402.0,767.0,1784.0,808.0,0.97848
WATER,2025-DUNDUMWEZI-APPROVED-AND-NOT-APPROVED-PROJECTS.pdf,6,1973.0,767.0,2081.0,799.0,0.80193
NAMAKUMBA VILLAGE,2025-DUNDUMWEZI-APPROVED-AND-NOT-APPROVED-PROJECTS.pdf,6,509.0,780.0,849.0,819.0,0.89372
264,2025-DUNDUMWEZI-APPROVED-AND-NOT-APPROVED-PROJECTS.pdf,6,419.0,787.0,467.0,818.0,1.0
NNSUFFICEENT FUNDS,2025-DUNDUMWEZI-APPROVED-AND-NOT-APPROVED-PROJECTS.pdf,6,2920.0,791.0,3230.0,830.0,0.9174
NOT APPROVED,2025-DUNDUMWEZI-APPROVED-AND-NOT-APPROVED-PROJECTS.pdf,6,2643.0,797.0,2877.0,833.0,0.99391
CONSTRUCTION,2025-DUNDUMWEZI-APPROVED-AND-NOT-APPROVED-PROJECTS.pdf,6,2191.0,802.0,2430.0,838.0,0.75385
MIKATA,2025-DUNDUMWEZI-APPROVED-AND-NOT-APPROVED-PROJECTS.pdf,6,2474.0,803.0,2585.0,832.0,0.68345
LIVESTOCK,2025-DUNDUMWEZI-APPROVED-AND-NOT-APPROVED-PROJECTS.pdf,6,1972.0,805.0,2142.0,841.0,0.99986
CONSTRUCTION F SPRAY RACE,2025-DUNDUMWEZI-APPROVED-AND-NOT-APPROVED-PROJECTS.pdf,6,1402.0,807.0,1852.0,849.0,0.6723
MIKATA COMMUNITY,2025-DUNDUMWEZI-APPROVED-AND-NOT-APPROVED-PROJECTS.pdf,6,512.0,821.0,827.0,857.0,0.96558
265,2025-DUNDUMWEZI-APPROVED-AND-NOT-APPROVED-PROJECTS.pdf,6,419.0,828.0,467.0,859.0,1.0
NNSUFFICEENT FUNDS,2025-DUNDUMWEZI-APPROVED-AND-NOT-APPROVED-PROJECTS.pdf,6,2923.0,832.0,3230.0,868.0,0.68986
NOT APPROVED,2025-DUNDUMWEZI-APPROVED-AND-NOT-APPROVED-PROJECTS.pdf,6,2643.0,838.0,2877.0,874.0,0.99548
CONSTRUCTION,2025-DUNDUMWEZI-APPROVED-AND-NOT-APPROVED-PROJECTS.pdf,6,2191.0,843.0,2430.0,879.0,0.99993
MIKATA,2025-DUNDUMWEZI-APPROVED-AND-NOT-APPROVED-PROJECTS.pdf,6,2474.0,844.0,2585.0,873.0,0.99948
EDUCATION,2025-DUNDUMWEZI-APPROVED-AND-NOT-APPROVED-PROJECTS.pdf,6,1973.0,847.0,2152.0,878.0,0.99993
CONSTRUCTION OF A 1X3 CRB,2025-DUNDUMWEZI-APPROVED-AND-NOT-APPROVED-PROJECTS.pdf,6,1402.0,849.0,1838.0,887.0,0.76846
MABETACOMMUNTY SCHOOL,2025-DUNDUMWEZI-APPROVED-AND-NOT-APPROVED-PROJECTS.pdf,6,508.0,859.0,953.0,900.0,0.85268
266,2025-DUNDUMWEZI-APPROVED-AND-NOT-APPROVED-PROJECTS.pdf,6,419.0,869.0,470.0,897.0,1.0
INSUFFICENT FUNDS,2025-DUNDUMWEZI-APPROVED-AND-NOT-APPROVED-PROJECTS.pdf,6,2922.0,871.0,3230.0,910.0,0.71755
NOT APPROVED,2025-DUNDUMWEZI-APPROVED-AND-NOT-APPROVED-PROJECTS.pdf,6,2643.0,876.0,2877.0,912.0,0.99989
CONSTRUCTION,2025-DUNDUMWEZI-APPROVED-AND-NOT-APPROVED-PROJECTS.pdf,6,2194.0,881.0,2430.0,918.0,0.99993
MIKATA,2025-DUNDUMWEZI-APPROVED-AND-NOT-APPROVED-PROJECTS.pdf,6,2474.0,882.0,2588.0,914.0,0.99866
NNSTRASTUCT,2025-DUNDUMWEZI-APPROVED-AND-NOT-APPROVED-PROJECTS.pdf,6,1972.0,884.0,2183.0,920.0,0.96772
CONSTRICHON OF A CHURCH,2025-DUNDUMWEZI-APPROVED-AND-NOT-APPROVED-PROJECTS.pdf,6,1402.0,889.0,1833.0,929.0,0.70311
MWILI BICK,2025-DUNDUMWEZI-APPROVED-AND-NOT-APPROVED-PROJECTS.pdf,6,513.0,904.0,695.0,936.0,0.69875
267,2025-DUNDUMWEZI-APPROVED-AND-NOT-APPROVED-PROJECTS.pdf,6,419.0,907.0,467.0,939.0,0.99999
NNSUFFICIENT FUNDS,2025-DUNDUMWEZI-APPROVED-AND-NOT-APPROVED-PROJECTS.pdf,6,2923.0,912.0,3230.0,948.0,0.6617
NOT APPROVED,2025-DUNDUMWEZI-APPROVED-AND-NOT-APPROVED-PROJECTS.pdf,6,2646.0,917.0,2879.0,953.0,0.85429
DRILLING,2025-DUNDUMWEZI-APPROVED-AND-NOT-APPROVED-PROJECTS.pdf,6,2192.0,924.0,2325.0,955.0,0.99997
NALUJA,2025-DUNDUMWEZI-APPROVED-AND-NOT-APPROVED-PROJECTS.pdf,6,2474.0,924.0,2585.0,952.0,0.99999
WATER,2025-DUNDUMWEZI-APPROVED-AND-NOT-APPROVED-PROJECTS.pdf,6,1976.0,929.0,2076.0,960.0,0.99993
DRILLING OF A BOREHOLE,2025-DUNDUMWEZI-APPROVED-AND-NOT-APPROVED-PROJECTS.pdf,6,1405.0,931.0,1761.0,967.0,0.80993
MUB ANGA PRIMARY SCHOOL,2025-DUNDUMWEZI-APPROVED-AND-NOT-APPROVED-PROJECTS.pdf,6,509.0,942.0,904.0,978.0,0.49378
228,2025-DUNDUMWEZI-APPROVED-AND-NOT-APPROVED-PROJECTS.pdf,6,419.0,948.0,470.0,977.0,1.0
[NSUFFICIENT FUNDS,2025-DUNDUMWEZI-APPROVED-AND-NOT-APPROVED-PROJECTS.pdf,6,2923.0,950.0,3233.0,986.0,0.50503
NOT APPROVED,2025-DUNDUMWEZI-APPROVED-AND-NOT-APPROVED-PROJECTS.pdf,6,2643.0,955.0,2879.0,994.0,0.79026
NALUJA,2025-DUNDUMWEZI-APPROVED-AND-NOT-APPROVED-PROJECTS.pdf,6,2477.0,962.0,2585.0,993.0,1.0
DRILLING,2025-DUNDUMWEZI-APPROVED-AND-NOT-APPROVED-PROJECTS.pdf,6,2192.0,965.0,2325.0,996.0,0.99998
WATER,2025-DUNDUMWEZI-APPROVED-AND-NOT-APPROVED-PROJECTS.pdf,6,1976.0,967.0,2076.0,999.0,0.99993
DRILLING OF A BOREHOLE,2025-DUNDUMWEZI-APPROVED-AND-NOT-APPROVED-PROJECTS.pdf,6,1405.0,968.0,1762.0,1006.0,0.90782
SIAMANKULI COMMUNITY,2025-DUNDUMWEZI-APPROVED-AND-NOT-APPROVED-PROJECTS.pdf,6,508.0,982.0,866.0,1020.0,0.79041
229,2025-DUNDUMWEZI-APPROVED-AND-NOT-APPROVED-PROJECTS.pdf,6,418.0,986.0,471.0,1022.0,0.99999
INSUFFICIENT FUNDS,2025-DUNDUMWEZI-APPROVED-AND-NOT-APPROVED-PROJECTS.pdf,6,2925.0,991.0,3233.0,1027.0,0.86446
INOT APPROVED,2025-DUNDUMWEZI-APPROVED-AND-NOT-APPROVED-PROJECTS.pdf,6,2643.0,997.0,2879.0,1033.0,0.70386
NALUJA,2025-DUNDUMWEZI-APPROVED-AND-NOT-APPROVED-PROJECTS.pdf,6,2474.0,1003.0,2585.0,1032.0,0.99999
DRILLING,2025-DUNDUMWEZI-APPROVED-AND-NOT-APPROVED-PROJECTS.pdf,6,2195.0,1006.0,2328.0,1037.0,0.99984
WATER,2025-DUNDUMWEZI-APPROVED-AND-NOT-APPROVED-PROJECTS.pdf,6,1976.0,1009.0,2076.0,1037.0,0.99967
DRILLING OF A BOREHOLE,2025-DUNDUMWEZI-APPROVED-AND-NOT-APPROVED-PROJECTS.pdf,6,1405.0,1010.0,1761.0,1046.0,0.76596
KALAMA COMMUNITY CLUB,2025-DUNDUMWEZI-APPROVED-AND-NOT-APPROVED-PROJECTS.pdf,6,512.0,1019.0,926.0,1058.0,0.7564
230,2025-DUNDUMWEZI-APPROVED-AND-NOT-APPROVED-PROJECTS.pdf,6,422.0,1028.0,470.0,1056.0,0.99988
INSUFFICIENT FUNDS,2025-DUNDUMWEZI-APPROVED-AND-NOT-APPROVED-PROJECTS.pdf,6,2923.0,1029.0,3236.0,1068.0,0.70126
NOL APPROVED,2025-DUNDUMWEZI-APPROVED-AND-NOT-APPROVED-PROJECTS.pdf,6,2646.0,1035.0,2882.0,1074.0,0.86861
MILUja,2025-DUNDUMWEZI-APPROVED-AND-NOT-APPROVED-PROJECTS.pdf,6,2477.0,1041.0,2588.0,1073.0,0.11417
DRILLANG,2025-DUNDUMWEZI-APPROVED-AND-NOT-APPROVED-PROJECTS.pdf,6,2192.0,1044.0,2328.0,1076.0,0.80594
WATER,2025-DUNDUMWEZI-APPROVED-AND-NOT-APPROVED-PROJECTS.pdf,6,1976.0,1047.0,2078.0,1078.0,0.70157
DRILLING OF A BOREHOLE,2025-DUNDUMWEZI-APPROVED-AND-NOT-APPROVED-PROJECTS.pdf,6,1405.0,1049.0,1761.0,1085.0,0.85558
GREEN VALLEY ZNFU CLUB,2025-DUNDUMWEZI-APPROVED-AND-NOT-APPROVED-PROJECTS.pdf,6,512.0,1060.0,909.0,1096.0,0.99946
23 1,2025-DUNDUMWEZI-APPROVED-AND-NOT-APPROVED-PROJECTS.pdf,6,422.0,1066.0,467.0,1097.0,0.43081
FUNDS,2025-DUNDUMWEZI-APPROVED-AND-NOT-APPROVED-PROJECTS.pdf,6,3129.0,1072.0,3232.0,1103.0,0.99993
NSUFFICEENT,2025-DUNDUMWEZI-APPROVED-AND-NOT-APPROVED-PROJECTS.pdf,6,2924.0,1074.0,3128.0,1106.0,0.69643
NOT APPROVED,2025-DUNDUMWEZI-APPROVED-AND-NOT-APPROVED-PROJECTS.pdf,6,2649.0,1076.0,2879.0,1112.0,0.73779
CONSTRUCTION,2025-DUNDUMWEZI-APPROVED-AND-NOT-APPROVED-PROJECTS.pdf,6,2193.0,1081.0,2414.0,1118.0,0.9291
NALUJA,2025-DUNDUMWEZI-APPROVED-AND-NOT-APPROVED-PROJECTS.pdf,6,2477.0,1082.0,2588.0,1114.0,0.99998
WATER,2025-DUNDUMWEZI-APPROVED-AND-NOT-APPROVED-PROJECTS.pdf,6,1978.0,1088.0,2078.0,1117.0,0.99978
DRILLING OF A BOREHOLE,2025-DUNDUMWEZI-APPROVED-AND-NOT-APPROVED-PROJECTS.pdf,6,1405.0,1090.0,1761.0,1126.0,0.94628
NALUJA COMMUNITY,2025-DUNDUMWEZI-APPROVED-AND-NOT-APPROVED-PROJECTS.pdf,6,512.0,1101.0,827.0,1137.0,0.72678
232,2025-DUNDUMWEZI-APPROVED-AND-NOT-APPROVED-PROJECTS.pdf,6,421.0,1103.0,471.0,1140.0,0.9979
INSUFFICENT FUNDS,2025-DUNDUMWEZI-APPROVED-AND-NOT-APPROVED-PROJECTS.pdf,6,2925.0,1109.0,3233.0,1149.0,0.82411
NOT APPROVED,2025-DUNDUMWEZI-APPROVED-AND-NOT-APPROVED-PROJECTS.pdf,6,2650.0,1118.0,2881.0,1149.0,0.99981
NALUJA,2025-DUNDUMWEZI-APPROVED-AND-NOT-APPROVED-PROJECTS.pdf,6,2477.0,1121.0,2588.0,1152.0,0.99995
DRILLING,2025-DUNDUMWEZI-APPROVED-AND-NOT-APPROVED-PROJECTS.pdf,6,2195.0,1124.0,2328.0,1155.0,0.74595
WATER,2025-DUNDUMWEZI-APPROVED-AND-NOT-APPROVED-PROJECTS.pdf,6,1978.0,1126.0,2078.0,1158.0,0.99877
A DAM,2025-DUNDUMWEZI-APPROVED-AND-NOT-APPROVED-PROJECTS.pdf,6,1672.0,1129.0,1760.0,1160.0,0.87855
CONSTRUCTION OF,2025-DUNDUMWEZI-APPROVED-AND-NOT-APPROVED-PROJECTS.pdf,6,1406.0,1132.0,1665.0,1163.0,0.62118
NALUJA COMMUNITY,2025-DUNDUMWEZI-APPROVED-AND-NOT-APPROVED-PROJECTS.pdf,6,512.0,1139.0,827.0,1175.0,0.9737
233,2025-DUNDUMWEZI-APPROVED-AND-NOT-APPROVED-PROJECTS.pdf,6,422.0,1145.0,470.0,1177.0,0.98982
INSUFFICIENT FUNDS,2025-DUNDUMWEZI-APPROVED-AND-NOT-APPROVED-PROJECTS.pdf,6,2925.0,1150.0,3236.0,1186.0,0.7575
NOT APPROVED,2025-DUNDUMWEZI-APPROVED-AND-NOT-APPROVED-PROJECTS.pdf,6,2649.0,1155.0,2882.0,1192.0,0.99964
CONSTRUCTION,2025-DUNDUMWEZI-APPROVED-AND-NOT-APPROVED-PROJECTS.pdf,6,2195.0,1162.0,2413.0,1193.0,0.99462
NALUJA,2025-DUNDUMWEZI-APPROVED-AND-NOT-APPROVED-PROJECTS.pdf,6,2477.0,1162.0,2588.0,1191.0,0.99786
WATER,2025-DUNDUMWEZI-APPROVED-AND-NOT-APPROVED-PROJECTS.pdf,6,1978.0,1165.0,2078.0,1196.0,0.99976
WATER RETICULATION SYSTEM,2025-DUNDUMWEZI-APPROVED-AND-NOT-APPROVED-PROJECTS.pdf,6,1405.0,1166.0,1830.0,1205.0,0.90529
MUBANGA SECONDARY BOARDNNG,2025-DUNDUMWEZI-APPROVED-AND-NOT-APPROVED-PROJECTS.pdf,6,512.0,1174.0,1025.0,1216.0,0.78023
234,2025-DUNDUMWEZI-APPROVED-AND-NOT-APPROVED-PROJECTS.pdf,6,422.0,1184.0,470.0,1215.0,0.92239
NNSUFFICEENT FUNDS,2025-DUNDUMWEZI-APPROVED-AND-NOT-APPROVED-PROJECTS.pdf,6,2928.0,1188.0,3236.0,1228.0,0.41261
NOT APPROVED,2025-DUNDUMWEZI-APPROVED-AND-NOT-APPROVED-PROJECTS.pdf,6,2649.0,1194.0,2882.0,1230.0,0.85192
CONSTRUCTION,2025-DUNDUMWEZI-APPROVED-AND-NOT-APPROVED-PROJECTS.pdf,6,2194.0,1199.0,2414.0,1237.0,0.99629
NALUJA,2025-DUNDUMWEZI-APPROVED-AND-NOT-APPROVED-PROJECTS.pdf,6,2477.0,1200.0,2588.0,1229.0,0.99177
WATER,2025-DUNDUMWEZI-APPROVED-AND-NOT-APPROVED-PROJECTS.pdf,6,1978.0,1206.0,2078.0,1237.0,0.98168
CONSTRUCTION OF A DAM,2025-DUNDUMWEZI-APPROVED-AND-NOT-APPROVED-PROJECTS.pdf,6,1405.0,1208.0,1764.0,1244.0,0.79703
SIMWAANDA COMMUNITY,2025-DUNDUMWEZI-APPROVED-AND-NOT-APPROVED-PROJECTS.pdf,6,511.0,1215.0,899.0,1255.0,0.99066
235,2025-DUNDUMWEZI-APPROVED-AND-NOT-APPROVED-PROJECTS.pdf,6,422.0,1222.0,473.0,1254.0,0.76251
[NSUFFICIENT FUNDS,2025-DUNDUMWEZI-APPROVED-AND-NOT-APPROVED-PROJECTS.pdf,6,2928.0,1229.0,3236.0,1266.0,0.61562
NOT APPROVED,2025-DUNDUMWEZI-APPROVED-AND-NOT-APPROVED-PROJECTS.pdf,6,2650.0,1236.0,2881.0,1267.0,0.55842
COMPLETION,2025-DUNDUMWEZI-APPROVED-AND-NOT-APPROVED-PROJECTS.pdf,6,2193.0,1239.0,2381.0,1277.0,0.99471
NALUJA,2025-DUNDUMWEZI-APPROVED-AND-NOT-APPROVED-PROJECTS.pdf,6,2480.0,1239.0,2591.0,1270.0,0.80685
EDUCATION,2025-DUNDUMWEZI-APPROVED-AND-NOT-APPROVED-PROJECTS.pdf,6,1976.0,1244.0,2141.0,1276.0,0.99996
[COMPLETON OF A STAFF HOLUSE,2025-DUNDUMWEZI-APPROVED-AND-NOT-APPROVED-PROJECTS.pdf,6,1404.0,1245.0,1846.0,1285.0,0.35061
SIAMUSUNSE PRIMARY SCHOOL,2025-DUNDUMWEZI-APPROVED-AND-NOT-APPROVED-PROJECTS.pdf,6,512.0,1257.0,978.0,1293.0,0.67727
236,2025-DUNDUMWEZI-APPROVED-AND-NOT-APPROVED-PROJECTS.pdf,6,425.0,1263.0,473.0,1295.0,1.0
NNSUFFICINT FUNDS,2025-DUNDUMWEZI-APPROVED-AND-NOT-APPROVED-PROJECTS.pdf,6,2928.0,1267.0,3236.0,1305.0,0.73966
NOT APPROVED,2025-DUNDUMWEZI-APPROVED-AND-NOT-APPROVED-PROJECTS.pdf,6,2649.0,1273.0,2882.0,1309.0,0.92115
CONSTRUCTION,2025-DUNDUMWEZI-APPROVED-AND-NOT-APPROVED-PROJECTS.pdf,6,2196.0,1277.0,2417.0,1316.0,0.99934
NALUJA,2025-DUNDUMWEZI-APPROVED-AND-NOT-APPROVED-PROJECTS.pdf,6,2480.0,1280.0,2591.0,1308.0,0.99997
EDUCATION,2025-DUNDUMWEZI-APPROVED-AND-NOT-APPROVED-PROJECTS.pdf,6,1977.0,1281.0,2145.0,1318.0,0.9946
[CoNSTRUCTION OF A STAFF HQUSE,2025-DUNDUMWEZI-APPROVED-AND-NOT-APPROVED-PROJECTS.pdf,6,1404.0,1284.0,1882.0,1325.0,0.43442
MUBANGA PRIMARY SCHOQL,2025-DUNDUMWEZI-APPROVED-AND-NOT-APPROVED-PROJECTS.pdf,6,512.0,1295.0,942.0,1334.0,0.64298
237,2025-DUNDUMWEZI-APPROVED-AND-NOT-APPROVED-PROJECTS.pdf,6,425.0,1304.0,473.0,1333.0,0.9008
INSUFFICIENT FUNDS,2025-DUNDUMWEZI-APPROVED-AND-NOT-APPROVED-PROJECTS.pdf,6,2928.0,1309.0,3236.0,1345.0,0.75997
NOT APPROVED,2025-DUNDUMWEZI-APPROVED-AND-NOT-APPROVED-PROJECTS.pdf,6,2651.0,1314.0,2885.0,1351.0,0.89642
NALUJA,2025-DUNDUMWEZI-APPROVED-AND-NOT-APPROVED-PROJECTS.pdf,6,2480.0,1318.0,2591.0,1350.0,0.99999
FABRICATION,2025-DUNDUMWEZI-APPROVED-AND-NOT-APPROVED-PROJECTS.pdf,6,2198.0,1321.0,2385.0,1352.0,0.99998
EDUCATION,2025-DUNDUMWEZI-APPROVED-AND-NOT-APPROVED-PROJECTS.pdf,6,1978.0,1324.0,2144.0,1355.0,0.98583
FABRICATION OF DESKS,2025-DUNDUMWEZI-APPROVED-AND-NOT-APPROVED-PROJECTS.pdf,6,1406.0,1329.0,1733.0,1360.0,0.95388
SIAMUSUNSE PRIMARY SCHOQL,2025-DUNDUMWEZI-APPROVED-AND-NOT-APPROVED-PROJECTS.pdf,6,512.0,1335.0,981.0,1375.0,0.89124
238,2025-DUNDUMWEZI-APPROVED-AND-NOT-APPROVED-PROJECTS.pdf,6,425.0,1343.0,473.0,1374.0,0.50724
INSUFFICINT FUNDS,2025-DUNDUMWEZI-APPROVED-AND-NOT-APPROVED-PROJECTS.pdf,6,2928.0,1347.0,3238.0,1386.0,0.96094
NOT APPROVED,2025-DUNDUMWEZI-APPROVED-AND-NOT-APPROVED-PROJECTS.pdf,6,2651.0,1353.0,2885.0,1389.0,0.69644
NALUJA,2025-DUNDUMWEZI-APPROVED-AND-NOT-APPROVED-PROJECTS.pdf,6,2480.0,1359.0,2591.0,1391.0,0.99989
CONSTRUCTION,2025-DUNDUMWEZI-APPROVED-AND-NOT-APPROVED-PROJECTS.pdf,6,2197.0,1361.0,2416.0,1397.0,0.99876
EDUCATION,2025-DUNDUMWEZI-APPROVED-AND-NOT-APPROVED-PROJECTS.pdf,6,1978.0,1365.0,2144.0,1396.0,0.99998
CONSTRUCTION OF IX3 CRB,2025-DUNDUMWEZI-APPROVED-AND-NOT-APPROVED-PROJECTS.pdf,6,1407.0,1366.0,1786.0,1406.0,0.70118
SIAMUSUNSE PRIMARY SCHOQL,2025-DUNDUMWEZI-APPROVED-AND-NOT-APPROVED-PROJECTS.pdf,6,514.0,1375.0,981.0,1416.0,0.89189
239,2025-DUNDUMWEZI-APPROVED-AND-NOT-APPROVED-PROJECTS.pdf,6,425.0,1384.0,473.0,1415.0,0.97777
INSUFFICIENT FUNDS,2025-DUNDUMWEZI-APPROVED-AND-NOT-APPROVED-PROJECTS.pdf,6,2928.0,1388.0,3238.0,1424.0,0.88549
NOT APPROVED,2025-DUNDUMWEZI-APPROVED-AND-NOT-APPROVED-PROJECTS.pdf,6,2651.0,1394.0,2885.0,1430.0,0.72395
NALUJA,2025-DUNDUMWEZI-APPROVED-AND-NOT-APPROVED-PROJECTS.pdf,6,2480.0,1400.0,2591.0,1432.0,0.99251
EDUCATION,2025-DUNDUMWEZI-APPROVED-AND-NOT-APPROVED-PROJECTS.pdf,6,1977.0,1401.0,2145.0,1438.0,0.99996
COMPLETION,2025-DUNDUMWEZI-APPROVED-AND-NOT-APPROVED-PROJECTS.pdf,6,2200.0,1403.0,2380.0,1434.0,0.74756
COMPLETION OF A STAFF HQUSE,2025-DUNDUMWEZI-APPROVED-AND-NOT-APPROVED-PROJECTS.pdf,6,1408.0,1408.0,1846.0,1444.0,0.71588
SIAMUSUNSE PRIMARY SCHOQL,2025-DUNDUMWEZI-APPROVED-AND-NOT-APPROVED-PROJECTS.pdf,6,514.0,1416.0,981.0,1455.0,0.72979
240,2025-DUNDUMWEZI-APPROVED-AND-NOT-APPROVED-PROJECTS.pdf,6,425.0,1425.0,475.0,1454.0,1.0
INSUFFICIENT FUNDS,2025-DUNDUMWEZI-APPROVED-AND-NOT-APPROVED-PROJECTS.pdf,6,2928.0,1429.0,3238.0,1466.0,0.92112
0,2025-DUNDUMWEZI-APPROVED-AND-NOT-APPROVED-PROJECTS.pdf,6,185.0,1435.0,260.0,1543.0,0.44295
NOT APPROVED,2025-DUNDUMWEZI-APPROVED-AND-NOT-APPROVED-PROJECTS.pdf,6,2651.0,1435.0,2885.0,1471.0,0.99954
NALUJA,2025-DUNDUMWEZI-APPROVED-AND-NOT-APPROVED-PROJECTS.pdf,6,2480.0,1439.0,2591.0,1470.0,0.62997
DRILLING,2025-DUNDUMWEZI-APPROVED-AND-NOT-APPROVED-PROJECTS.pdf,6,2200.0,1441.0,2333.0,1473.0,0.99875
WATER,2025-DUNDUMWEZI-APPROVED-AND-NOT-APPROVED-PROJECTS.pdf,6,1981.0,1444.0,2081.0,1476.0,0.99994
DRILLING OF A BOREHOLE,2025-DUNDUMWEZI-APPROVED-AND-NOT-APPROVED-PROJECTS.pdf,6,1410.0,1445.0,1767.0,1482.0,0.99198
MUBANGA COMMUNTY,2025-DUNDUMWEZI-APPROVED-AND-NOT-APPROVED-PROJECTS.pdf,6,514.0,1457.0,868.0,1496.0,0.86505
24],2025-DUNDUMWEZI-APPROVED-AND-NOT-APPROVED-PROJECTS.pdf,6,425.0,1463.0,470.0,1495.0,0.76666
NNSUFFICINT FUNDS,2025-DUNDUMWEZI-APPROVED-AND-NOT-APPROVED-PROJECTS.pdf,6,2930.0,1468.0,3238.0,1508.0,0.93648
NOT APPROVED,2025-DUNDUMWEZI-APPROVED-AND-NOT-APPROVED-PROJECTS.pdf,6,2651.0,1473.0,2885.0,1509.0,0.80846
REHABILITATION,2025-DUNDUMWEZI-APPROVED-AND-NOT-APPROVED-PROJECTS.pdf,6,2199.0,1478.0,2433.0,1515.0,0.98534
NALUJA,2025-DUNDUMWEZI-APPROVED-AND-NOT-APPROVED-PROJECTS.pdf,6,2480.0,1480.0,2593.0,1511.0,1.0
EDUCATION,2025-DUNDUMWEZI-APPROVED-AND-NOT-APPROVED-PROJECTS.pdf,6,1980.0,1481.0,2161.0,1518.0,0.9968
REHABILITATION OF 1X3 CRB,2025-DUNDUMWEZI-APPROVED-AND-NOT-APPROVED-PROJECTS.pdf,6,1410.0,1487.0,1833.0,1523.0,0.84005
SCHOOL,2025-DUNDUMWEZI-APPROVED-AND-NOT-APPROVED-PROJECTS.pdf,6,810.0,1495.0,937.0,1531.0,0.99927
CHITUMBI PRIMARY,2025-DUNDUMWEZI-APPROVED-AND-NOT-APPROVED-PROJECTS.pdf,6,517.0,1496.0,811.0,1534.0,0.88334
242,2025-DUNDUMWEZI-APPROVED-AND-NOT-APPROVED-PROJECTS.pdf,6,425.0,1504.0,473.0,1533.0,1.0
INSUFFICENT FUNDS,2025-DUNDUMWEZI-APPROVED-AND-NOT-APPROVED-PROJECTS.pdf,6,2934.0,1509.0,3241.0,1545.0,0.64715
NOT APPROVED,2025-DUNDUMWEZI-APPROVED-AND-NOT-APPROVED-PROJECTS.pdf,6,2654.0,1514.0,2888.0,1551.0,0.85886
CONSTRUCTION,2025-DUNDUMWEZI-APPROVED-AND-NOT-APPROVED-PROJECTS.pdf,6,2198.0,1517.0,2438.0,1557.0,0.84483
NALUJA,2025-DUNDUMWEZI-APPROVED-AND-NOT-APPROVED-PROJECTS.pdf,6,2483.0,1521.0,2593.0,1550.0,0.95345
EDUCATION,2025-DUNDUMWEZI-APPROVED-AND-NOT-APPROVED-PROJECTS.pdf,6,1981.0,1524.0,2160.0,1555.0,0.99987
OF 1X3 CRB,2025-DUNDUMWEZI-APPROVED-AND-NOT-APPROVED-PROJECTS.pdf,6,1646.0,1525.0,1819.0,1561.0,0.74536
CONSTRUCHON,2025-DUNDUMWEZI-APPROVED-AND-NOT-APPROVED-PROJECTS.pdf,6,1410.0,1528.0,1649.0,1564.0,0.59321
MUBANGA PRIMARY SCHOQL,2025-DUNDUMWEZI-APPROVED-AND-NOT-APPROVED-PROJECTS.pdf,6,517.0,1534.0,942.0,1575.0,0.42321
2,2025-DUNDUMWEZI-APPROVED-AND-NOT-APPROVED-PROJECTS.pdf,6,183.0,1539.0,260.0,1644.0,0.31585
243,2025-DUNDUMWEZI-APPROVED-AND-NOT-APPROVED-PROJECTS.pdf,6,425.0,1543.0,475.0,1574.0,0.85225
NNSUFFICIENT FUNDS,2025-DUNDUMWEZI-APPROVED-AND-NOT-APPROVED-PROJECTS.pdf,6,2934.0,1547.0,3242.0,1586.0,0.91388
NOT APPROVED,2025-DUNDUMWEZI-APPROVED-AND-NOT-APPROVED-PROJECTS.pdf,6,2651.0,1551.0,2888.0,1590.0,0.91864
CONSTRUCTION,2025-DUNDUMWEZI-APPROVED-AND-NOT-APPROVED-PROJECTS.pdf,6,2199.0,1558.0,2441.0,1594.0,0.99994
NALUJA,2025-DUNDUMWEZI-APPROVED-AND-NOT-APPROVED-PROJECTS.pdf,6,2483.0,1559.0,2593.0,1588.0,0.9233
EDUCATION,2025-DUNDUMWEZI-APPROVED-AND-NOT-APPROVED-PROJECTS.pdf,6,1980.0,1561.0,2161.0,1597.0,0.99996
CONSTRUCTION OF GIRL'S HOSTEL,2025-DUNDUMWEZI-APPROVED-AND-NOT-APPROVED-PROJECTS.pdf,6,1410.0,1563.0,1909.0,1603.0,0.52902
MUBANGA SECONDARY BOARDING,2025-DUNDUMWEZI-APPROVED-AND-NOT-APPROVED-PROJECTS.pdf,6,517.0,1572.0,1027.0,1614.0,0.96169
244,2025-DUNDUMWEZI-APPROVED-AND-NOT-APPROVED-PROJECTS.pdf,6,425.0,1581.0,475.0,1613.0,0.78501
INSUFFICIENT FUNDS,2025-DUNDUMWEZI-APPROVED-AND-NOT-APPROVED-PROJECTS.pdf,6,2931.0,1588.0,3241.0,1626.0,0.47266
NOT APPROVED,2025-DUNDUMWEZI-APPROVED-AND-NOT-APPROVED-PROJECTS.pdf,6,2654.0,1594.0,2888.0,1630.0,0.85897
CONSTRUCTION,2025-DUNDUMWEZI-APPROVED-AND-NOT-APPROVED-PROJECTS.pdf,6,2199.0,1597.0,2438.0,1633.0,0.99997
NALUJA,2025-DUNDUMWEZI-APPROVED-AND-NOT-APPROVED-PROJECTS.pdf,6,2485.0,1598.0,2593.0,1629.0,0.99532
EDUCATION,2025-DUNDUMWEZI-APPROVED-AND-NOT-APPROVED-PROJECTS.pdf,6,1980.0,1599.0,2164.0,1638.0,0.99768
CONSTRUCTION OF A STAFF HQUSE,2025-DUNDUMWEZI-APPROVED-AND-NOT-APPROVED-PROJECTS.pdf,6,1410.0,1602.0,1923.0,1644.0,0.75904
BOARDING,2025-DUNDUMWEZI-APPROVED-AND-NOT-APPROVED-PROJECTS.pdf,6,864.0,1610.0,1030.0,1650.0,0.9852
MUBANGA SECONDARY,2025-DUNDUMWEZI-APPROVED-AND-NOT-APPROVED-PROJECTS.pdf,6,517.0,1616.0,866.0,1652.0,0.79577
245,2025-DUNDUMWEZI-APPROVED-AND-NOT-APPROVED-PROJECTS.pdf,6,425.0,1622.0,475.0,1651.0,1.0
NNSUFFICIENT FUNDS,2025-DUNDUMWEZI-APPROVED-AND-NOT-APPROVED-PROJECTS.pdf,6,2934.0,1627.0,3241.0,1666.0,0.75111
NOT APPROVED,2025-DUNDUMWEZI-APPROVED-AND-NOT-APPROVED-PROJECTS.pdf,6,2654.0,1632.0,2888.0,1668.0,0.96687
CONSTRUCTION,2025-DUNDUMWEZI-APPROVED-AND-NOT-APPROVED-PROJECTS.pdf,6,2202.0,1638.0,2441.0,1674.0,0.78105
NALUJA,2025-DUNDUMWEZI-APPROVED-AND-NOT-APPROVED-PROJECTS.pdf,6,2485.0,1639.0,2593.0,1667.0,0.72058
CONSTRUCTION QF BOYS HOSTEL,2025-DUNDUMWEZI-APPROVED-AND-NOT-APPROVED-PROJECTS.pdf,6,1410.0,1641.0,1904.0,1682.0,0.82723
EDUCATION,2025-DUNDUMWEZI-APPROVED-AND-NOT-APPROVED-PROJECTS.pdf,6,1984.0,1641.0,2160.0,1673.0,0.99998
F,2025-DUNDUMWEZI-APPROVED-AND-NOT-APPROVED-PROJECTS.pdf,6,180.0,1646.0,260.0,1732.0,0.11595
MUBANGA SECONDARY BQARDING,2025-DUNDUMWEZI-APPROVED-AND-NOT-APPROVED-PROJECTS.pdf,6,517.0,1650.0,1030.0,1692.0,0.84124
246,2025-DUNDUMWEZI-APPROVED-AND-NOT-APPROVED-PROJECTS.pdf,6,428.0,1661.0,475.0,1692.0,0.99865
NNSUFFICENT FUNDS,2025-DUNDUMWEZI-APPROVED-AND-NOT-APPROVED-PROJECTS.pdf,6,2934.0,1668.0,3241.0,1704.0,0.54889
NOT APPROVED,2025-DUNDUMWEZI-APPROVED-AND-NOT-APPROVED-PROJECTS.pdf,6,2655.0,1674.0,2889.0,1706.0,0.93429
CONSTRUCTION,2025-DUNDUMWEZI-APPROVED-AND-NOT-APPROVED-PROJECTS.pdf,6,2202.0,1676.0,2441.0,1715.0,0.99812
NALUJA,2025-DUNDUMWEZI-APPROVED-AND-NOT-APPROVED-PROJECTS.pdf,6,2485.0,1677.0,2596.0,1708.0,0.99999
EDUCATION,2025-DUNDUMWEZI-APPROVED-AND-NOT-APPROVED-PROJECTS.pdf,6,1983.0,1679.0,2164.0,1718.0,0.99651
CONSTRUCTION OF 1X3 CRB,2025-DUNDUMWEZI-APPROVED-AND-NOT-APPROVED-PROJECTS.pdf,6,1410.0,1684.0,1819.0,1720.0,0.64574
MUBANGA SECONDARY BOARDING,2025-DUNDUMWEZI-APPROVED-AND-NOT-APPROVED-PROJECTS.pdf,6,517.0,1692.0,1030.0,1731.0,0.59712
247,2025-DUNDUMWEZI-APPROVED-AND-NOT-APPROVED-PROJECTS.pdf,6,428.0,1702.0,475.0,1730.0,0.97964
TNSUFFICIENT FUNDS,2025-DUNDUMWEZI-APPROVED-AND-NOT-APPROVED-PROJECTS.pdf,6,2934.0,1706.0,3244.0,1742.0,0.71371
NOT APPROVED,2025-DUNDUMWEZI-APPROVED-AND-NOT-APPROVED-PROJECTS.pdf,6,2654.0,1712.0,2890.0,1748.0,0.97411
CONSTRUCTION,2025-DUNDUMWEZI-APPROVED-AND-NOT-APPROVED-PROJECTS.pdf,6,2202.0,1717.0,2441.0,1753.0,0.80911
NALUJA,2025-DUNDUMWEZI-APPROVED-AND-NOT-APPROVED-PROJECTS.pdf,6,2485.0,1718.0,2596.0,1747.0,0.99998
LIVESTOCK,2025-DUNDUMWEZI-APPROVED-AND-NOT-APPROVED-PROJECTS.pdf,6,1984.0,1721.0,2152.0,1752.0,0.9991
CONSTRUCHION OF A DPP TANK,2025-DUNDUMWEZI-APPROVED-AND-NOT-APPROVED-PROJECTS.pdf,6,1410.0,1722.0,1866.0,1764.0,0.65782
KABULA CRUSH DEN,2025-DUNDUMWEZI-APPROVED-AND-NOT-APPROVED-PROJECTS.pdf,6,520.0,1734.0,822.0,1772.0,0.99985
04S,2025-DUNDUMWEZI-APPROVED-AND-NOT-APPROVED-PROJECTS.pdf,6,428.0,1740.0,478.0,1771.0,0.16058
INSUFFICIENT FUNDS,2025-DUNDUMWEZI-APPROVED-AND-NOT-APPROVED-PROJECTS.pdf,6,2934.0,1745.0,3244.0,1783.0,0.84048
NOT APPRQVED,2025-DUNDUMWEZI-APPROVED-AND-NOT-APPROVED-PROJECTS.pdf,6,2657.0,1753.0,2890.0,1789.0,0.85107
CONSTRUCTION,2025-DUNDUMWEZI-APPROVED-AND-NOT-APPROVED-PROJECTS.pdf,6,2202.0,1754.0,2441.0,1796.0,0.99603
NALUJA,2025-DUNDUMWEZI-APPROVED-AND-NOT-APPROVED-PROJECTS.pdf,6,2485.0,1756.0,2596.0,1788.0,0.99999
LIVESTOCK,2025-DUNDUMWEZI-APPROVED-AND-NOT-APPROVED-PROJECTS.pdf,6,1983.0,1758.0,2156.0,1794.0,0.99216
CONSTRUCTION OF A DPP TANK,2025-DUNDUMWEZI-APPROVED-AND-NOT-APPROVED-PROJECTS.pdf,6,1413.0,1764.0,1866.0,1800.0,0.63428
SIAMUSUNSE COMMUNITY,2025-DUNDUMWEZI-APPROVED-AND-NOT-APPROVED-PROJECTS.pdf,6,520.0,1772.0,910.0,1811.0,0.93632
249,2025-DUNDUMWEZI-APPROVED-AND-NOT-APPROVED-PROJECTS.pdf,6,430.0,1778.0,478.0,1810.0,0.82069
INSUFFICINT FUNDS,2025-DUNDUMWEZI-APPROVED-AND-NOT-APPROVED-PROJECTS.pdf,6,2936.0,1786.0,3244.0,1824.0,0.70831
NOT APPROVED,2025-DUNDUMWEZI-APPROVED-AND-NOT-APPROVED-PROJECTS.pdf,6,2657.0,1789.0,2891.0,1829.0,0.99503
CONSTRUCTION,2025-DUNDUMWEZI-APPROVED-AND-NOT-APPROVED-PROJECTS.pdf,6,2202.0,1795.0,2441.0,1836.0,0.99998
NALUJA,2025-DUNDUMWEZI-APPROVED-AND-NOT-APPROVED-PROJECTS.pdf,6,2485.0,1798.0,2596.0,1829.0,0.98778
EDUCATION,2025-DUNDUMWEZI-APPROVED-AND-NOT-APPROVED-PROJECTS.pdf,6,1983.0,1799.0,2164.0,1835.0,0.99997
CONSTRUCTION OF A STAFF HQUSE,2025-DUNDUMWEZI-APPROVED-AND-NOT-APPROVED-PROJECTS.pdf,6,1413.0,1801.0,1926.0,1844.0,0.56039
DOONGO PRIMARY,2025-DUNDUMWEZI-APPROVED-AND-NOT-APPROVED-PROJECTS.pdf,6,520.0,1816.0,797.0,1852.0,0.72819
250,2025-DUNDUMWEZI-APPROVED-AND-NOT-APPROVED-PROJECTS.pdf,6,430.0,1819.0,478.0,1851.0,0.99999
INSUFFICIENT FUNDS,2025-DUNDUMWEZI-APPROVED-AND-NOT-APPROVED-PROJECTS.pdf,6,2936.0,1827.0,3244.0,1863.0,0.72788
NOT APPROVED,2025-DUNDUMWEZI-APPROVED-AND-NOT-APPROVED-PROJECTS.pdf,6,2657.0,1832.0,2890.0,1868.0,0.99699
CONSTRUCTION,2025-DUNDUMWEZI-APPROVED-AND-NOT-APPROVED-PROJECTS.pdf,6,2205.0,1838.0,2441.0,1874.0,0.99993
NALUJA,2025-DUNDUMWEZI-APPROVED-AND-NOT-APPROVED-PROJECTS.pdf,6,2488.0,1839.0,2596.0,1867.0,0.65039
WATER,2025-DUNDUMWEZI-APPROVED-AND-NOT-APPROVED-PROJECTS.pdf,6,1987.0,1841.0,2095.0,1873.0,0.99997
CONSTRUCTION OF A DAM,2025-DUNDUMWEZI-APPROVED-AND-NOT-APPROVED-PROJECTS.pdf,6,1413.0,1843.0,1803.0,1884.0,0.69733
SIAMANKULI COMMUNITY,2025-DUNDUMWEZI-APPROVED-AND-NOT-APPROVED-PROJECTS.pdf,6,520.0,1854.0,907.0,1893.0,0.81683
2S1,2025-DUNDUMWEZI-APPROVED-AND-NOT-APPROVED-PROJECTS.pdf,6,427.0,1857.0,479.0,1893.0,0.43562
Water Reticulation,2025-DUNDUMWEZI-APPROVED-AND-NOT-APPROVED-PROJECTS.pdf,6,2205.0,1874.0,2458.0,1916.0,0.99925
Naluja,2025-DUNDUMWEZI-APPROVED-AND-NOT-APPROVED-PROJECTS.pdf,6,2487.0,1876.0,2578.0,1915.0,1.0
Iinstallation Of Water Reticulation System,2025-DUNDUMWEZI-APPROVED-AND-NOT-APPROVED-PROJECTS.pdf,6,1413.0,1882.0,1967.0,1923.0,0.56862
Health,2025-DUNDUMWEZI-APPROVED-AND-NOT-APPROVED-PROJECTS.pdf,6,1995.0,1883.0,2087.0,1914.0,0.99998
Water Reticulation At Nameeto RHC,2025-DUNDUMWEZI-APPROVED-AND-NOT-APPROVED-PROJECTS.pdf,6,520.0,1892.0,1005.0,1934.0,0.83539
26,2025-DUNDUMWEZI-APPROVED-AND-NOT-APPROVED-PROJECTS.pdf,6,429.0,1898.0,474.0,1937.0,1.0
APPROVED,2025-DUNDUMWEZI-APPROVED-AND-NOT-APPROVED-PROJECTS.pdf,6,2661.0,1910.0,2802.0,1941.0,0.99993
NA,2025-DUNDUMWEZI-APPROVED-AND-NOT-APPROVED-PROJECTS.pdf,6,2937.0,1910.0,2980.0,1939.0,0.99999
Svstem,2025-DUNDUMWEZI-APPROVED-AND-NOT-APPROVED-PROJECTS.pdf,6,2205.0,1920.0,2309.0,1956.0,0.77938
APPROVED,2025-DUNDUMWEZI-APPROVED-AND-NOT-APPROVED-PROJECTS.pdf,6,2661.0,1951.0,2802.0,1982.0,0.99992
NA,2025-DUNDUMWEZI-APPROVED-AND-NOT-APPROVED-PROJECTS.pdf,6,2937.0,1951.0,2980.0,1980.0,0.99997
Naluja,2025-DUNDUMWEZI-APPROVED-AND-NOT-APPROVED-PROJECTS.pdf,6,2490.0,1953.0,2578.0,1989.0,1.0
Classroom Block,2025-DUNDUMWEZI-APPROVED-AND-NOT-APPROVED-PROJECTS.pdf,6,2208.0,1955.0,2430.0,1992.0,0.9997
Education,2025-DUNDUMWEZI-APPROVED-AND-NOT-APPROVED-PROJECTS.pdf,6,1994.0,1958.0,2131.0,1994.0,0.7146
Renovation Of Classroom Block,2025-DUNDUMWEZI-APPROVED-AND-NOT-APPROVED-PROJECTS.pdf,6,1416.0,1961.0,1838.0,2000.0,0.91061
1x2 CRB At Sichikwalula,2025-DUNDUMWEZI-APPROVED-AND-NOT-APPROVED-PROJECTS.pdf,6,523.0,1972.0,849.0,2011.0,0.98037
27,2025-DUNDUMWEZI-APPROVED-AND-NOT-APPROVED-PROJECTS.pdf,6,429.0,1975.0,471.0,2011.0,1.0
NA,2025-DUNDUMWEZI-APPROVED-AND-NOT-APPROVED-PROJECTS.pdf,6,2940.0,1989.0,2980.0,2021.0,0.99999
APPROVED,2025-DUNDUMWEZI-APPROVED-AND-NOT-APPROVED-PROJECTS.pdf,6,2661.0,1992.0,2802.0,2024.0,0.99973
Naluja,2025-DUNDUMWEZI-APPROVED-AND-NOT-APPROVED-PROJECTS.pdf,6,2490.0,1994.0,2581.0,2030.0,1.0
Dip Tank,2025-DUNDUMWEZI-APPROVED-AND-NOT-APPROVED-PROJECTS.pdf,6,2208.0,1997.0,2331.0,2038.0,0.99716
Livestock,2025-DUNDUMWEZI-APPROVED-AND-NOT-APPROVED-PROJECTS.pdf,6,1998.0,2000.0,2125.0,2032.0,0.97826
Construction Of A Dip_ Tank,2025-DUNDUMWEZI-APPROVED-AND-NOT-APPROVED-PROJECTS.pdf,6,1416.0,2002.0,1783.0,2044.0,0.56428
28,2025-DUNDUMWEZI-APPROVED-AND-NOT-APPROVED-PROJECTS.pdf,6,432.0,2013.0,476.0,2055.0,1.0
Dip Tank At Siamusunse,2025-DUNDUMWEZI-APPROVED-AND-NOT-APPROVED-PROJECTS.pdf,6,520.0,2013.0,852.0,2052.0,0.56541
APPROVED,2025-DUNDUMWEZI-APPROVED-AND-NOT-APPROVED-PROJECTS.pdf,6,2662.0,2028.0,2803.0,2066.0,0.99975
NA,2025-DUNDUMWEZI-APPROVED-AND-NOT-APPROVED-PROJECTS.pdf,6,2940.0,2030.0,2980.0,2059.0,0.99999
Naluja,2025-DUNDUMWEZI-APPROVED-AND-NOT-APPROVED-PROJECTS.pdf,6,2489.0,2031.0,2582.0,2073.0,0.99577
Staff House,2025-DUNDUMWEZI-APPROVED-AND-NOT-APPROVED-PROJECTS.pdf,6,2205.0,2035.0,2367.0,2071.0,0.93234
Education,2025-DUNDUMWEZI-APPROVED-AND-NOT-APPROVED-PROJECTS.pdf,6,1997.0,2038.0,2134.0,2074.0,0.99997
Completion Of A Staff_ House,2025-DUNDUMWEZI-APPROVED-AND-NOT-APPROVED-PROJECTS.pdf,6,1416.0,2040.0,1803.0,2082.0,0.67422
Stalf House At Siamusunse School,2025-DUNDUMWEZI-APPROVED-AND-NOT-APPROVED-PROJECTS.pdf,6,520.0,2049.0,983.0,2092.0,0.72784
29,2025-DUNDUMWEZI-APPROVED-AND-NOT-APPROVED-PROJECTS.pdf,6,432.0,2054.0,476.0,2093.0,1.0
NA,2025-DUNDUMWEZI-APPROVED-AND-NOT-APPROVED-PROJECTS.pdf,6,2940.0,2069.0,2982.0,2100.0,0.99998
APPROVED,2025-DUNDUMWEZI-APPROVED-AND-NOT-APPROVED-PROJECTS.pdf,6,2661.0,2072.0,2802.0,2103.0,0.99913
Naluja,2025-DUNDUMWEZI-APPROVED-AND-NOT-APPROVED-PROJECTS.pdf,6,2490.0,2073.0,2581.0,2109.0,0.88027
Staff House,2025-DUNDUMWEZI-APPROVED-AND-NOT-APPROVED-PROJECTS.pdf,6,2208.0,2075.0,2368.0,2114.0,0.97603
Education,2025-DUNDUMWEZI-APPROVED-AND-NOT-APPROVED-PROJECTS.pdf,6,1997.0,2076.0,2134.0,2112.0,0.99956
Completion Of A Staff House,2025-DUNDUMWEZI-APPROVED-AND-NOT-APPROVED-PROJECTS.pdf,6,1415.0,2081.0,1806.0,2130.0,0.75078
Staff House At Naluja School,2025-DUNDUMWEZI-APPROVED-AND-NOT-APPROVED-PROJECTS.pdf,6,523.0,2090.0,912.0,2129.0,0.7763
30,2025-DUNDUMWEZI-APPROVED-AND-NOT-APPROVED-PROJECTS.pdf,6,432.0,2092.0,474.0,2129.0,0.57132
INSUFFICENT FUNDS,2025-DUNDUMWEZI-APPROVED-AND-NOT-APPROVED-PROJECTS.pdf,6,2939.0,2103.0,3249.0,2140.0,0.70095
NOT APPROVED,2025-DUNDUMWEZI-APPROVED-AND-NOT-APPROVED-PROJECTS.pdf,6,2660.0,2109.0,2896.0,2145.0,0.72705
DRLLLING,2025-DUNDUMWEZI-APPROVED-AND-NOT-APPROVED-PROJECTS.pdf,6,2209.0,2115.0,2350.0,2147.0,0.58877
OMBA,2025-DUNDUMWEZI-APPROVED-AND-NOT-APPROVED-PROJECTS.pdf,6,2491.0,2115.0,2577.0,2144.0,0.99993
DRLLLING OF A BOREHOLE,2025-DUNDUMWEZI-APPROVED-AND-NOT-APPROVED-PROJECTS.pdf,6,1416.0,2118.0,1800.0,2157.0,0.55493
WATER,2025-DUNDUMWEZI-APPROVED-AND-NOT-APPROVED-PROJECTS.pdf,6,1989.0,2118.0,2097.0,2150.0,0.99416
LUYANDO COMMUNITY SCHOQL,2025-DUNDUMWEZI-APPROVED-AND-NOT-APPROVED-PROJECTS.pdf,6,523.0,2126.0,998.0,2167.0,0.90477
268,2025-DUNDUMWEZI-APPROVED-AND-NOT-APPROVED-PROJECTS.pdf,6,433.0,2137.0,481.0,2166.0,0.99992
INSUFFICEENT FUNDS,2025-DUNDUMWEZI-APPROVED-AND-NOT-APPROVED-PROJECTS.pdf,6,2939.0,2141.0,3250.0,2182.0,0.6619
NOT APPROVED,2025-DUNDUMWEZI-APPROVED-AND-NOT-APPROVED-PROJECTS.pdf,6,2662.0,2147.0,2896.0,2183.0,0.85363
DRILLNNG,2025-DUNDUMWEZI-APPROVED-AND-NOT-APPROVED-PROJECTS.pdf,6,2208.0,2153.0,2351.0,2189.0,0.95076
OMBA,2025-DUNDUMWEZI-APPROVED-AND-NOT-APPROVED-PROJECTS.pdf,6,2491.0,2154.0,2577.0,2185.0,0.99986
DRILLING OF A BOREHOLE,2025-DUNDUMWEZI-APPROVED-AND-NOT-APPROVED-PROJECTS.pdf,6,1418.0,2158.0,1797.0,2197.0,0.98848
WATER,2025-DUNDUMWEZI-APPROVED-AND-NOT-APPROVED-PROJECTS.pdf,6,1992.0,2159.0,2100.0,2191.0,0.99997
HABWANKTA COMMUNITY,2025-DUNDUMWEZI-APPROVED-AND-NOT-APPROVED-PROJECTS.pdf,6,523.0,2169.0,915.0,2206.0,0.78886
269,2025-DUNDUMWEZI-APPROVED-AND-NOT-APPROVED-PROJECTS.pdf,6,433.0,2176.0,484.0,2207.0,0.99998
NNSUFFICEENT FUNDS,2025-DUNDUMWEZI-APPROVED-AND-NOT-APPROVED-PROJECTS.pdf,6,2942.0,2183.0,3249.0,2219.0,0.70913
NOT APPROVED,2025-DUNDUMWEZI-APPROVED-AND-NOT-APPROVED-PROJECTS.pdf,6,2662.0,2188.0,2896.0,2225.0,0.99983
DRLLLING,2025-DUNDUMWEZI-APPROVED-AND-NOT-APPROVED-PROJECTS.pdf,6,2209.0,2195.0,2352.0,2226.0,0.91582
OMBA,2025-DUNDUMWEZI-APPROVED-AND-NOT-APPROVED-PROJECTS.pdf,6,2491.0,2195.0,2577.0,2224.0,0.99989
DRILLING OF A BOREHOLE,2025-DUNDUMWEZI-APPROVED-AND-NOT-APPROVED-PROJECTS.pdf,6,1418.0,2198.0,1800.0,2238.0,0.90138
WATER,2025-DUNDUMWEZI-APPROVED-AND-NOT-APPROVED-PROJECTS.pdf,6,1989.0,2198.0,2100.0,2229.0,0.99995
NSOLO COMMUNITY SCHOOL,2025-DUNDUMWEZI-APPROVED-AND-NOT-APPROVED-PROJECTS.pdf,6,523.0,2208.0,948.0,2247.0,0.68394
270,2025-DUNDUMWEZI-APPROVED-AND-NOT-APPROVED-PROJECTS.pdf,6,433.0,2217.0,484.0,2245.0,0.82696
NNSUFFICENT FUNDS,2025-DUNDUMWEZI-APPROVED-AND-NOT-APPROVED-PROJECTS.pdf,6,2939.0,2221.0,3250.0,2260.0,0.57462
NOT APPROVED,2025-DUNDUMWEZI-APPROVED-AND-NOT-APPROVED-PROJECTS.pdf,6,2662.0,2227.0,2899.0,2263.0,0.64306
DRILLING,2025-DUNDUMWEZI-APPROVED-AND-NOT-APPROVED-PROJECTS.pdf,6,2207.0,2232.0,2354.0,2269.0,0.87634
OMBA,2025-DUNDUMWEZI-APPROVED-AND-NOT-APPROVED-PROJECTS.pdf,6,2491.0,2233.0,2577.0,2265.0,0.99973
DRILLING OF A BOREHOLE,2025-DUNDUMWEZI-APPROVED-AND-NOT-APPROVED-PROJECTS.pdf,6,1418.0,2238.0,1800.0,2277.0,0.72458
WATER,2025-DUNDUMWEZI-APPROVED-AND-NOT-APPROVED-PROJECTS.pdf,6,1992.0,2239.0,2100.0,2270.0,0.85157
MUKUBA COMMUNITY SCHOOL,2025-DUNDUMWEZI-APPROVED-AND-NOT-APPROVED-PROJECTS.pdf,6,523.0,2249.0,983.0,2288.0,0.66708
271,2025-DUNDUMWEZI-APPROVED-AND-NOT-APPROVED-PROJECTS.pdf,6,433.0,2258.0,481.0,2289.0,0.99797
NNSUFFICENT FUNDS,2025-DUNDUMWEZI-APPROVED-AND-NOT-APPROVED-PROJECTS.pdf,7,2936.0,202.0,3238.0,238.0,0.97285
NOT APPROVED,2025-DUNDUMWEZI-APPROVED-AND-NOT-APPROVED-PROJECTS.pdf,7,2661.0,206.0,2892.0,237.0,0.90446
DRILLNNG,2025-DUNDUMWEZI-APPROVED-AND-NOT-APPROVED-PROJECTS.pdf,7,2211.0,208.0,2355.0,240.0,0.60673
OMBA,2025-DUNDUMWEZI-APPROVED-AND-NOT-APPROVED-PROJECTS.pdf,7,2491.0,208.0,2577.0,240.0,0.99997
DRILLING OF A BOREHOLE,2025-DUNDUMWEZI-APPROVED-AND-NOT-APPROVED-PROJECTS.pdf,7,1423.0,210.0,1805.0,247.0,0.85282
WATER,2025-DUNDUMWEZI-APPROVED-AND-NOT-APPROVED-PROJECTS.pdf,7,1995.0,211.0,2100.0,240.0,0.62473
KASHU PRIMARY SCHOOL,2025-DUNDUMWEZI-APPROVED-AND-NOT-APPROVED-PROJECTS.pdf,7,533.0,215.0,909.0,254.0,0.74271
272,2025-DUNDUMWEZI-APPROVED-AND-NOT-APPROVED-PROJECTS.pdf,7,444.0,219.0,492.0,251.0,0.99999
NNSUFFICIENT FUNDS,2025-DUNDUMWEZI-APPROVED-AND-NOT-APPROVED-PROJECTS.pdf,7,2936.0,240.0,3241.0,276.0,0.67065
NOT APPROVED,2025-DUNDUMWEZI-APPROVED-AND-NOT-APPROVED-PROJECTS.pdf,7,2662.0,243.0,2893.0,279.0,0.99839
DRLLLING,2025-DUNDUMWEZI-APPROVED-AND-NOT-APPROVED-PROJECTS.pdf,7,2214.0,247.0,2352.0,278.0,0.37321
OMBA,2025-DUNDUMWEZI-APPROVED-AND-NOT-APPROVED-PROJECTS.pdf,7,2491.0,247.0,2577.0,278.0,0.99983
DRILLNNG OF A BOREHOLE,2025-DUNDUMWEZI-APPROVED-AND-NOT-APPROVED-PROJECTS.pdf,7,1423.0,248.0,1805.0,286.0,0.5309
WATER,2025-DUNDUMWEZI-APPROVED-AND-NOT-APPROVED-PROJECTS.pdf,7,1995.0,250.0,2100.0,281.0,0.99999
CHITONGO VOLLAGE,2025-DUNDUMWEZI-APPROVED-AND-NOT-APPROVED-PROJECTS.pdf,7,534.0,254.0,838.0,290.0,0.99775
273,2025-DUNDUMWEZI-APPROVED-AND-NOT-APPROVED-PROJECTS.pdf,7,447.0,258.0,492.0,289.0,0.99996
NNSUFFICEENT FUNDS,2025-DUNDUMWEZI-APPROVED-AND-NOT-APPROVED-PROJECTS.pdf,7,2936.0,279.0,3241.0,315.0,0.67571
DRILLING,2025-DUNDUMWEZI-APPROVED-AND-NOT-APPROVED-PROJECTS.pdf,7,2213.0,284.0,2353.0,320.0,0.891
NOT APPROVED,2025-DUNDUMWEZI-APPROVED-AND-NOT-APPROVED-PROJECTS.pdf,7,2661.0,285.0,2892.0,317.0,0.90551
DRLLNNG OF A BOREHOLE,2025-DUNDUMWEZI-APPROVED-AND-NOT-APPROVED-PROJECTS.pdf,7,1424.0,286.0,1806.0,323.0,0.73394
WATER,2025-DUNDUMWEZI-APPROVED-AND-NOT-APPROVED-PROJECTS.pdf,7,1995.0,288.0,2103.0,319.0,0.99996
OMBA,2025-DUNDUMWEZI-APPROVED-AND-NOT-APPROVED-PROJECTS.pdf,7,2491.0,288.0,2577.0,317.0,0.99986
HANG AMBWA VILLAGE,2025-DUNDUMWEZI-APPROVED-AND-NOT-APPROVED-PROJECTS.pdf,7,534.0,292.0,879.0,329.0,0.42609
274,2025-DUNDUMWEZI-APPROVED-AND-NOT-APPROVED-PROJECTS.pdf,7,446.0,295.0,496.0,331.0,1.0
INSUFFICENT FUNDS,2025-DUNDUMWEZI-APPROVED-AND-NOT-APPROVED-PROJECTS.pdf,7,2936.0,320.0,3241.0,356.0,0.91255
NOT APPROVED,2025-DUNDUMWEZI-APPROVED-AND-NOT-APPROVED-PROJECTS.pdf,7,2663.0,324.0,2892.0,355.0,0.91569
WATER,2025-DUNDUMWEZI-APPROVED-AND-NOT-APPROVED-PROJECTS.pdf,7,1995.0,326.0,2103.0,358.0,0.57852
DRLLLNNG,2025-DUNDUMWEZI-APPROVED-AND-NOT-APPROVED-PROJECTS.pdf,7,2214.0,326.0,2352.0,358.0,0.68751
OMBA,2025-DUNDUMWEZI-APPROVED-AND-NOT-APPROVED-PROJECTS.pdf,7,2491.0,326.0,2577.0,355.0,0.99996
DRLLING OF A BOREHOLE,2025-DUNDUMWEZI-APPROVED-AND-NOT-APPROVED-PROJECTS.pdf,7,1425.0,329.0,1804.0,360.0,0.57073
CHEENZYA VLLLAGE,2025-DUNDUMWEZI-APPROVED-AND-NOT-APPROVED-PROJECTS.pdf,7,536.0,331.0,833.0,367.0,0.62863
275,2025-DUNDUMWEZI-APPROVED-AND-NOT-APPROVED-PROJECTS.pdf,7,447.0,337.0,495.0,369.0,1.0
NNSUFFICENT FUNDS,2025-DUNDUMWEZI-APPROVED-AND-NOT-APPROVED-PROJECTS.pdf,7,2936.0,358.0,3241.0,394.0,0.58566
NOT APPROVED,2025-DUNDUMWEZI-APPROVED-AND-NOT-APPROVED-PROJECTS.pdf,7,2663.0,362.0,2892.0,393.0,0.99777
WATER,2025-DUNDUMWEZI-APPROVED-AND-NOT-APPROVED-PROJECTS.pdf,7,1994.0,364.0,2107.0,400.0,0.99994
DRLLLING,2025-DUNDUMWEZI-APPROVED-AND-NOT-APPROVED-PROJECTS.pdf,7,2214.0,365.0,2352.0,396.0,0.4557
OMBA,2025-DUNDUMWEZI-APPROVED-AND-NOT-APPROVED-PROJECTS.pdf,7,2491.0,365.0,2577.0,396.0,0.99994
DRLLLNNG OF A BOREHOLE,2025-DUNDUMWEZI-APPROVED-AND-NOT-APPROVED-PROJECTS.pdf,7,1425.0,367.0,1804.0,399.0,0.70799
MUZUNI,2025-DUNDUMWEZI-APPROVED-AND-NOT-APPROVED-PROJECTS.pdf,7,537.0,373.0,659.0,404.0,0.97807
276,2025-DUNDUMWEZI-APPROVED-AND-NOT-APPROVED-PROJECTS.pdf,7,447.0,376.0,495.0,404.0,1.0
NOT APPROVED,2025-DUNDUMWEZI-APPROVED-AND-NOT-APPROVED-PROJECTS.pdf,7,2662.0,399.0,2893.0,435.0,0.77336
INSUFFICIENT FUNDS,2025-DUNDUMWEZI-APPROVED-AND-NOT-APPROVED-PROJECTS.pdf,7,2936.0,399.0,3241.0,435.0,0.59219
DRILLING OF A BOREHOLE,2025-DUNDUMWEZI-APPROVED-AND-NOT-APPROVED-PROJECTS.pdf,7,1424.0,405.0,1808.0,441.0,0.95124
WATER,2025-DUNDUMWEZI-APPROVED-AND-NOT-APPROVED-PROJECTS.pdf,7,1995.0,406.0,2103.0,437.0,0.99991
DRILLING,2025-DUNDUMWEZI-APPROVED-AND-NOT-APPROVED-PROJECTS.pdf,7,2214.0,406.0,2355.0,437.0,0.92483
OMBA,2025-DUNDUMWEZI-APPROVED-AND-NOT-APPROVED-PROJECTS.pdf,7,2493.0,406.0,2577.0,434.0,0.93553
SMMOONGA,2025-DUNDUMWEZI-APPROVED-AND-NOT-APPROVED-PROJECTS.pdf,7,536.0,408.0,702.0,448.0,0.79811
277,2025-DUNDUMWEZI-APPROVED-AND-NOT-APPROVED-PROJECTS.pdf,7,446.0,413.0,496.0,449.0,0.99995
INSUFFICEENT FUNDS,2025-DUNDUMWEZI-APPROVED-AND-NOT-APPROVED-PROJECTS.pdf,7,2936.0,438.0,3241.0,474.0,0.85139
NOT APPROVED,2025-DUNDUMWEZI-APPROVED-AND-NOT-APPROVED-PROJECTS.pdf,7,2665.0,440.0,2896.0,476.0,0.99777
WATER,2025-DUNDUMWEZI-APPROVED-AND-NOT-APPROVED-PROJECTS.pdf,7,1994.0,443.0,2104.0,479.0,0.85028
DRILLNNG,2025-DUNDUMWEZI-APPROVED-AND-NOT-APPROVED-PROJECTS.pdf,7,2214.0,444.0,2355.0,475.0,0.77343
OMBA,2025-DUNDUMWEZI-APPROVED-AND-NOT-APPROVED-PROJECTS.pdf,7,2493.0,444.0,2577.0,475.0,0.64572
DRLLLNNG OF A BOREHOLE,2025-DUNDUMWEZI-APPROVED-AND-NOT-APPROVED-PROJECTS.pdf,7,1428.0,447.0,1807.0,478.0,0.61344
KAZUNGULA AREA (CHEENZYACHITONGO),2025-DUNDUMWEZI-APPROVED-AND-NOT-APPROVED-PROJECTS.pdf,7,536.0,449.0,1164.0,485.0,0.80804
278,2025-DUNDUMWEZI-APPROVED-AND-NOT-APPROVED-PROJECTS.pdf,7,447.0,455.0,495.0,486.0,0.99453
NNSUFFICIENT FUNDS,2025-DUNDUMWEZI-APPROVED-AND-NOT-APPROVED-PROJECTS.pdf,7,2936.0,479.0,3244.0,515.0,0.66238
DRILLING,2025-DUNDUMWEZI-APPROVED-AND-NOT-APPROVED-PROJECTS.pdf,7,2213.0,481.0,2356.0,518.0,0.54829
DRILINNG OF A BOREHOLE,2025-DUNDUMWEZI-APPROVED-AND-NOT-APPROVED-PROJECTS.pdf,7,1427.0,482.0,1808.0,521.0,0.4219
NOT APPROVED,2025-DUNDUMWEZI-APPROVED-AND-NOT-APPROVED-PROJECTS.pdf,7,2663.0,482.0,2895.0,514.0,0.99988
WATER,2025-DUNDUMWEZI-APPROVED-AND-NOT-APPROVED-PROJECTS.pdf,7,1995.0,485.0,2103.0,517.0,0.99996
OMBA,2025-DUNDUMWEZI-APPROVED-AND-NOT-APPROVED-PROJECTS.pdf,7,2493.0,485.0,2580.0,514.0,0.98315
MUNACHIBIZE COMMUNITY,2025-DUNDUMWEZI-APPROVED-AND-NOT-APPROVED-PROJECTS.pdf,7,539.0,489.0,942.0,528.0,0.56391
279,2025-DUNDUMWEZI-APPROVED-AND-NOT-APPROVED-PROJECTS.pdf,7,446.0,492.0,498.0,529.0,0.99999
INSUFFICENT FUNDS,2025-DUNDUMWEZI-APPROVED-AND-NOT-APPROVED-PROJECTS.pdf,7,2936.0,517.0,3244.0,553.0,0.85023
NOT APPROVED,2025-DUNDUMWEZI-APPROVED-AND-NOT-APPROVED-PROJECTS.pdf,7,2662.0,520.0,2896.0,556.0,0.71591
DRLLLING,2025-DUNDUMWEZI-APPROVED-AND-NOT-APPROVED-PROJECTS.pdf,7,2214.0,524.0,2355.0,555.0,0.86152
OMBA,2025-DUNDUMWEZI-APPROVED-AND-NOT-APPROVED-PROJECTS.pdf,7,2493.0,524.0,2580.0,555.0,0.99991
DRILLING OF A BOREHOLE,2025-DUNDUMWEZI-APPROVED-AND-NOT-APPROVED-PROJECTS.pdf,7,1428.0,526.0,1807.0,558.0,0.72574
WATER,2025-DUNDUMWEZI-APPROVED-AND-NOT-APPROVED-PROJECTS.pdf,7,1998.0,526.0,2106.0,558.0,0.99996
NKADAZOVU MAIN SDA CHURCH,2025-DUNDUMWEZI-APPROVED-AND-NOT-APPROVED-PROJECTS.pdf,7,540.0,532.0,1013.0,563.0,0.70626
280,2025-DUNDUMWEZI-APPROVED-AND-NOT-APPROVED-PROJECTS.pdf,7,450.0,535.0,497.0,566.0,0.99999
[NSUFFICEENT FUNDS,2025-DUNDUMWEZI-APPROVED-AND-NOT-APPROVED-PROJECTS.pdf,7,2939.0,558.0,3244.0,594.0,0.46957
NOT APPROVED,2025-DUNDUMWEZI-APPROVED-AND-NOT-APPROVED-PROJECTS.pdf,7,2663.0,562.0,2895.0,593.0,0.99977
DRILLNNG OF A BOREHOLE,2025-DUNDUMWEZI-APPROVED-AND-NOT-APPROVED-PROJECTS.pdf,7,1427.0,564.0,1808.0,600.0,0.88632
WATER,2025-DUNDUMWEZI-APPROVED-AND-NOT-APPROVED-PROJECTS.pdf,7,1998.0,565.0,2106.0,596.0,0.99995
DRILLING,2025-DUNDUMWEZI-APPROVED-AND-NOT-APPROVED-PROJECTS.pdf,7,2214.0,565.0,2355.0,596.0,0.58175
OMBA,2025-DUNDUMWEZI-APPROVED-AND-NOT-APPROVED-PROJECTS.pdf,7,2493.0,565.0,2580.0,593.0,0.9999
SIKAPANDE COMMUNTTY,2025-DUNDUMWEZI-APPROVED-AND-NOT-APPROVED-PROJECTS.pdf,7,539.0,569.0,923.0,606.0,0.73607
281,2025-DUNDUMWEZI-APPROVED-AND-NOT-APPROVED-PROJECTS.pdf,7,450.0,573.0,495.0,604.0,0.98915
NOT APPROVED,2025-DUNDUMWEZI-APPROVED-AND-NOT-APPROVED-PROJECTS.pdf,7,2665.0,597.0,2897.0,638.0,0.99924
[NSUFFICIENT FUNDS,2025-DUNDUMWEZI-APPROVED-AND-NOT-APPROVED-PROJECTS.pdf,7,2940.0,600.0,3243.0,632.0,0.85352
DRLLLNNG,2025-DUNDUMWEZI-APPROVED-AND-NOT-APPROVED-PROJECTS.pdf,7,2213.0,602.0,2359.0,638.0,0.6497
OMBA,2025-DUNDUMWEZI-APPROVED-AND-NOT-APPROVED-PROJECTS.pdf,7,2496.0,603.0,2580.0,634.0,0.99979
DRILLNNG OF A BOREHOLE,2025-DUNDUMWEZI-APPROVED-AND-NOT-APPROVED-PROJECTS.pdf,7,1427.0,605.0,1808.0,641.0,0.79746
WATER,2025-DUNDUMWEZI-APPROVED-AND-NOT-APPROVED-PROJECTS.pdf,7,1998.0,606.0,2106.0,637.0,0.99982
MUTENGUNA VILLAGE,2025-DUNDUMWEZI-APPROVED-AND-NOT-APPROVED-PROJECTS.pdf,7,539.0,610.0,868.0,646.0,0.97283
282,2025-DUNDUMWEZI-APPROVED-AND-NOT-APPROVED-PROJECTS.pdf,7,450.0,614.0,497.0,645.0,0.71348
NNSUFFICENT FUNDS,2025-DUNDUMWEZI-APPROVED-AND-NOT-APPROVED-PROJECTS.pdf,7,2939.0,638.0,3244.0,674.0,0.70822
NOT APPROVED,2025-DUNDUMWEZI-APPROVED-AND-NOT-APPROVED-PROJECTS.pdf,7,2665.0,640.0,2896.0,677.0,0.99807
DRILLNNG OF A BOREHOLE,2025-DUNDUMWEZI-APPROVED-AND-NOT-APPROVED-PROJECTS.pdf,7,1427.0,644.0,1811.0,682.0,0.72816
DRILLING,2025-DUNDUMWEZI-APPROVED-AND-NOT-APPROVED-PROJECTS.pdf,7,2217.0,644.0,2358.0,676.0,0.39114
OMBA,2025-DUNDUMWEZI-APPROVED-AND-NOT-APPROVED-PROJECTS.pdf,7,2496.0,644.0,2580.0,676.0,0.57071
WATER,2025-DUNDUMWEZI-APPROVED-AND-NOT-APPROVED-PROJECTS.pdf,7,1998.0,647.0,2106.0,678.0,0.99992
MALA MALE COMMUNTY,2025-DUNDUMWEZI-APPROVED-AND-NOT-APPROVED-PROJECTS.pdf,7,540.0,652.0,922.0,684.0,0.95238
283,2025-DUNDUMWEZI-APPROVED-AND-NOT-APPROVED-PROJECTS.pdf,7,452.0,655.0,497.0,686.0,0.91221
INSUFFICIENT FUNDS,2025-DUNDUMWEZI-APPROVED-AND-NOT-APPROVED-PROJECTS.pdf,7,2939.0,679.0,3246.0,715.0,0.79343
NOT APPROVED,2025-DUNDUMWEZI-APPROVED-AND-NOT-APPROVED-PROJECTS.pdf,7,2665.0,681.0,2896.0,718.0,0.99214
WATER,2025-DUNDUMWEZI-APPROVED-AND-NOT-APPROVED-PROJECTS.pdf,7,1997.0,684.0,2107.0,720.0,0.99998
DRILLING,2025-DUNDUMWEZI-APPROVED-AND-NOT-APPROVED-PROJECTS.pdf,7,2217.0,685.0,2358.0,717.0,0.83283
OMBA,2025-DUNDUMWEZI-APPROVED-AND-NOT-APPROVED-PROJECTS.pdf,7,2496.0,685.0,2580.0,717.0,0.99875
DRLLLING OF A BOREHOLE,2025-DUNDUMWEZI-APPROVED-AND-NOT-APPROVED-PROJECTS.pdf,7,1428.0,688.0,1807.0,719.0,0.63827
CHIYWA NDUBA COMMUNITY,2025-DUNDUMWEZI-APPROVED-AND-NOT-APPROVED-PROJECTS.pdf,7,542.0,689.0,973.0,726.0,0.94078
284,2025-DUNDUMWEZI-APPROVED-AND-NOT-APPROVED-PROJECTS.pdf,7,452.0,693.0,497.0,725.0,0.97136
NOT APPROVED,2025-DUNDUMWEZI-APPROVED-AND-NOT-APPROVED-PROJECTS.pdf,7,2665.0,717.0,2899.0,758.0,0.97331
INSUFFICEENT FUNDS,2025-DUNDUMWEZI-APPROVED-AND-NOT-APPROVED-PROJECTS.pdf,7,2939.0,717.0,3246.0,753.0,0.6576
DRILLING,2025-DUNDUMWEZI-APPROVED-AND-NOT-APPROVED-PROJECTS.pdf,7,2215.0,722.0,2359.0,759.0,0.603
DRILING OF A BOREHOLE,2025-DUNDUMWEZI-APPROVED-AND-NOT-APPROVED-PROJECTS.pdf,7,1429.0,723.0,1811.0,762.0,0.67826
WATER,2025-DUNDUMWEZI-APPROVED-AND-NOT-APPROVED-PROJECTS.pdf,7,1998.0,726.0,2106.0,758.0,0.99993
OMBA,2025-DUNDUMWEZI-APPROVED-AND-NOT-APPROVED-PROJECTS.pdf,7,2496.0,726.0,2580.0,755.0,0.99923
GOMBE,2025-DUNDUMWEZI-APPROVED-AND-NOT-APPROVED-PROJECTS.pdf,7,542.0,731.0,655.0,767.0,0.9963
285,2025-DUNDUMWEZI-APPROVED-AND-NOT-APPROVED-PROJECTS.pdf,7,452.0,735.0,500.0,763.0,0.99991
INSUFFICIENT FUNDS,2025-DUNDUMWEZI-APPROVED-AND-NOT-APPROVED-PROJECTS.pdf,7,2939.0,758.0,3246.0,794.0,0.83658
NOT APPROVED,2025-DUNDUMWEZI-APPROVED-AND-NOT-APPROVED-PROJECTS.pdf,7,2666.0,762.0,2898.0,793.0,0.98414
DRILLING,2025-DUNDUMWEZI-APPROVED-AND-NOT-APPROVED-PROJECTS.pdf,7,2217.0,765.0,2358.0,796.0,0.94301
OMBA,2025-DUNDUMWEZI-APPROVED-AND-NOT-APPROVED-PROJECTS.pdf,7,2496.0,765.0,2582.0,796.0,0.64525
HANGOMA VLLLAGE,2025-DUNDUMWEZI-APPROVED-AND-NOT-APPROVED-PROJECTS.pdf,7,541.0,767.0,833.0,808.0,0.658
DRELNNG OF,2025-DUNDUMWEZI-APPROVED-AND-NOT-APPROVED-PROJECTS.pdf,7,1428.0,767.0,1615.0,799.0,0.66745
A BOREHOI E,2025-DUNDUMWEZI-APPROVED-AND-NOT-APPROVED-PROJECTS.pdf,7,1622.0,767.0,1810.0,799.0,0.52541
WATER,2025-DUNDUMWEZI-APPROVED-AND-NOT-APPROVED-PROJECTS.pdf,7,2000.0,767.0,2106.0,799.0,0.99991
286,2025-DUNDUMWEZI-APPROVED-AND-NOT-APPROVED-PROJECTS.pdf,7,452.0,773.0,500.0,804.0,0.99998
NNSUFFICEENT FUNDS,2025-DUNDUMWEZI-APPROVED-AND-NOT-APPROVED-PROJECTS.pdf,7,2939.0,797.0,3246.0,833.0,0.44433
NOT APPROVED,2025-DUNDUMWEZI-APPROVED-AND-NOT-APPROVED-PROJECTS.pdf,7,2665.0,799.0,2899.0,835.0,0.99991
DRILLING,2025-DUNDUMWEZI-APPROVED-AND-NOT-APPROVED-PROJECTS.pdf,7,2217.0,803.0,2358.0,834.0,0.99856
OMBA,2025-DUNDUMWEZI-APPROVED-AND-NOT-APPROVED-PROJECTS.pdf,7,2496.0,803.0,2582.0,834.0,0.99988
DRLLLING OF A BOREHOLE,2025-DUNDUMWEZI-APPROVED-AND-NOT-APPROVED-PROJECTS.pdf,7,1430.0,806.0,1810.0,837.0,0.65687
WATER,2025-DUNDUMWEZI-APPROVED-AND-NOT-APPROVED-PROJECTS.pdf,7,2000.0,806.0,2106.0,837.0,0.99999
SHAAMBA CHRISTIAN AND COMMUNITY,2025-DUNDUMWEZI-APPROVED-AND-NOT-APPROVED-PROJECTS.pdf,7,542.0,807.0,1120.0,844.0,0.70667
287,2025-DUNDUMWEZI-APPROVED-AND-NOT-APPROVED-PROJECTS.pdf,7,452.0,814.0,500.0,843.0,0.99998
INSUFFICIENT FUNDS,2025-DUNDUMWEZI-APPROVED-AND-NOT-APPROVED-PROJECTS.pdf,7,2940.0,839.0,3245.0,870.0,0.83399
DRILLING,2025-DUNDUMWEZI-APPROVED-AND-NOT-APPROVED-PROJECTS.pdf,7,2217.0,841.0,2358.0,873.0,0.93052
NOT APPROVED,2025-DUNDUMWEZI-APPROVED-AND-NOT-APPROVED-PROJECTS.pdf,7,2669.0,841.0,2898.0,873.0,0.99762
DRLLLNNG OF A BOREHOLE,2025-DUNDUMWEZI-APPROVED-AND-NOT-APPROVED-PROJECTS.pdf,7,1430.0,844.0,1810.0,876.0,0.73123
WATER,2025-DUNDUMWEZI-APPROVED-AND-NOT-APPROVED-PROJECTS.pdf,7,2000.0,844.0,2108.0,876.0,0.99787
OMBA,2025-DUNDUMWEZI-APPROVED-AND-NOT-APPROVED-PROJECTS.pdf,7,2496.0,844.0,2582.0,873.0,0.99986
CHABOTA WATER POINT PROJECT,2025-DUNDUMWEZI-APPROVED-AND-NOT-APPROVED-PROJECTS.pdf,7,542.0,846.0,1030.0,882.0,0.94877
288,2025-DUNDUMWEZI-APPROVED-AND-NOT-APPROVED-PROJECTS.pdf,7,452.0,852.0,500.0,881.0,0.99994
INSUFFICIENT FUNDS,2025-DUNDUMWEZI-APPROVED-AND-NOT-APPROVED-PROJECTS.pdf,7,2939.0,876.0,3246.0,912.0,0.68732
NOT APPROVED,2025-DUNDUMWEZI-APPROVED-AND-NOT-APPROVED-PROJECTS.pdf,7,2668.0,879.0,2899.0,915.0,0.99806
WATER,2025-DUNDUMWEZI-APPROVED-AND-NOT-APPROVED-PROJECTS.pdf,7,1998.0,881.0,2110.0,920.0,0.99994
DRELING,2025-DUNDUMWEZI-APPROVED-AND-NOT-APPROVED-PROJECTS.pdf,7,2217.0,882.0,2361.0,914.0,0.97827
OMBA,2025-DUNDUMWEZI-APPROVED-AND-NOT-APPROVED-PROJECTS.pdf,7,2499.0,882.0,2582.0,914.0,0.99988
DRLLNNG OF A BOREHOLE,2025-DUNDUMWEZI-APPROVED-AND-NOT-APPROVED-PROJECTS.pdf,7,1430.0,885.0,1813.0,917.0,0.76756
NSAIMUULU VLLLAGE,2025-DUNDUMWEZI-APPROVED-AND-NOT-APPROVED-PROJECTS.pdf,7,539.0,887.0,855.0,923.0,0.54808
289,2025-DUNDUMWEZI-APPROVED-AND-NOT-APPROVED-PROJECTS.pdf,7,452.0,891.0,500.0,922.0,0.99999
INSUFFICIENT FUNDS,2025-DUNDUMWEZI-APPROVED-AND-NOT-APPROVED-PROJECTS.pdf,7,2943.0,918.0,3245.0,949.0,0.8756
DRILLING,2025-DUNDUMWEZI-APPROVED-AND-NOT-APPROVED-PROJECTS.pdf,7,2217.0,921.0,2361.0,952.0,0.98595
OMBA,2025-DUNDUMWEZI-APPROVED-AND-NOT-APPROVED-PROJECTS.pdf,7,2496.0,921.0,2582.0,952.0,0.99195
NOT APPROVED,2025-DUNDUMWEZI-APPROVED-AND-NOT-APPROVED-PROJECTS.pdf,7,2669.0,921.0,2898.0,952.0,0.91903
DRLLLNNG OF A BOREHOLE,2025-DUNDUMWEZI-APPROVED-AND-NOT-APPROVED-PROJECTS.pdf,7,1433.0,924.0,1810.0,955.0,0.6084
WATER,2025-DUNDUMWEZI-APPROVED-AND-NOT-APPROVED-PROJECTS.pdf,7,2000.0,924.0,2108.0,955.0,0.99998
290,2025-DUNDUMWEZI-APPROVED-AND-NOT-APPROVED-PROJECTS.pdf,7,455.0,929.0,500.0,960.0,0.99998
SICHUNGWE VILLAGE,2025-DUNDUMWEZI-APPROVED-AND-NOT-APPROVED-PROJECTS.pdf,7,543.0,929.0,856.0,960.0,0.76544
INSUFFICIENT FUNDS,2025-DUNDUMWEZI-APPROVED-AND-NOT-APPROVED-PROJECTS.pdf,7,2942.0,955.0,3246.0,992.0,0.97546
NOT APPROVED,2025-DUNDUMWEZI-APPROVED-AND-NOT-APPROVED-PROJECTS.pdf,7,2668.0,958.0,2899.0,994.0,0.99286
WATER,2025-DUNDUMWEZI-APPROVED-AND-NOT-APPROVED-PROJECTS.pdf,7,1998.0,960.0,2110.0,1000.0,0.99949
DRILLING OF A BOREHOLE,2025-DUNDUMWEZI-APPROVED-AND-NOT-APPROVED-PROJECTS.pdf,7,1429.0,961.0,1811.0,997.0,0.71756
DRILLING,2025-DUNDUMWEZI-APPROVED-AND-NOT-APPROVED-PROJECTS.pdf,7,2220.0,962.0,2361.0,993.0,0.99615
OMBA,2025-DUNDUMWEZI-APPROVED-AND-NOT-APPROVED-PROJECTS.pdf,7,2496.0,962.0,2582.0,993.0,0.99978
SIBULIAKWE,2025-DUNDUMWEZI-APPROVED-AND-NOT-APPROVED-PROJECTS.pdf,7,542.0,966.0,750.0,1003.0,0.5843
291,2025-DUNDUMWEZI-APPROVED-AND-NOT-APPROVED-PROJECTS.pdf,7,452.0,970.0,500.0,1002.0,0.99999
DRLLLING,2025-DUNDUMWEZI-APPROVED-AND-NOT-APPROVED-PROJECTS.pdf,7,2218.0,998.0,2362.0,1036.0,0.76378
INSUFFICINT FUNDS,2025-DUNDUMWEZI-APPROVED-AND-NOT-APPROVED-PROJECTS.pdf,7,2946.0,998.0,3248.0,1029.0,0.46863
NOT APPROVED,2025-DUNDUMWEZI-APPROVED-AND-NOT-APPROVED-PROJECTS.pdf,7,2669.0,1000.0,2900.0,1032.0,0.99734
DRILLING OF A BOREHOLE,2025-DUNDUMWEZI-APPROVED-AND-NOT-APPROVED-PROJECTS.pdf,7,1433.0,1003.0,1813.0,1034.0,0.40174
WATER,2025-DUNDUMWEZI-APPROVED-AND-NOT-APPROVED-PROJECTS.pdf,7,2000.0,1003.0,2108.0,1034.0,0.89801
OMBA,2025-DUNDUMWEZI-APPROVED-AND-NOT-APPROVED-PROJECTS.pdf,7,2499.0,1003.0,2582.0,1032.0,0.99993
MYANDDWA BANTU,2025-DUNDUMWEZI-APPROVED-AND-NOT-APPROVED-PROJECTS.pdf,7,543.0,1009.0,840.0,1040.0,0.81829
292,2025-DUNDUMWEZI-APPROVED-AND-NOT-APPROVED-PROJECTS.pdf,7,452.0,1011.0,500.0,1040.0,1.0
INSUFFICIENT FUNDS,2025-DUNDUMWEZI-APPROVED-AND-NOT-APPROVED-PROJECTS.pdf,7,2942.0,1035.0,3249.0,1071.0,0.57412
NOT APPROVED,2025-DUNDUMWEZI-APPROVED-AND-NOT-APPROVED-PROJECTS.pdf,7,2668.0,1038.0,2901.0,1074.0,0.9979
DRILLING OF A BORFHOLE,2025-DUNDUMWEZI-APPROVED-AND-NOT-APPROVED-PROJECTS.pdf,7,1429.0,1040.0,1814.0,1077.0,0.93775
WATER,2025-DUNDUMWEZI-APPROVED-AND-NOT-APPROVED-PROJECTS.pdf,7,2000.0,1041.0,2108.0,1073.0,0.99994
DRILLING,2025-DUNDUMWEZI-APPROVED-AND-NOT-APPROVED-PROJECTS.pdf,7,2220.0,1041.0,2361.0,1073.0,0.45969
OMBA,2025-DUNDUMWEZI-APPROVED-AND-NOT-APPROVED-PROJECTS.pdf,7,2499.0,1041.0,2582.0,1073.0,0.98922
MALLA MALE COMMUNITY,2025-DUNDUMWEZI-APPROVED-AND-NOT-APPROVED-PROJECTS.pdf,7,544.0,1046.0,926.0,1082.0,0.98548
293,2025-DUNDUMWEZI-APPROVED-AND-NOT-APPROVED-PROJECTS.pdf,7,455.0,1050.0,503.0,1081.0,0.99177
INSUFFICIENT FUNDS,2025-DUNDUMWEZI-APPROVED-AND-NOT-APPROVED-PROJECTS.pdf,7,2945.0,1076.0,3249.0,1112.0,0.67407
CONSTRUCTION,2025-DUNDUMWEZI-APPROVED-AND-NOT-APPROVED-PROJECTS.pdf,7,2219.0,1079.0,2455.0,1115.0,0.99972
NOT APPROVED,2025-DUNDUMWEZI-APPROVED-AND-NOT-APPROVED-PROJECTS.pdf,7,2669.0,1080.0,2900.0,1111.0,0.99707
CONSTRUCTION OF,2025-DUNDUMWEZI-APPROVED-AND-NOT-APPROVED-PROJECTS.pdf,7,1432.0,1081.0,1712.0,1118.0,0.9911
A DAM,2025-DUNDUMWEZI-APPROVED-AND-NOT-APPROVED-PROJECTS.pdf,7,1718.0,1082.0,1815.0,1114.0,0.98696
WATER,2025-DUNDUMWEZI-APPROVED-AND-NOT-APPROVED-PROJECTS.pdf,7,2000.0,1082.0,2108.0,1114.0,0.99978
OMBA,2025-DUNDUMWEZI-APPROVED-AND-NOT-APPROVED-PROJECTS.pdf,7,2499.0,1082.0,2582.0,1114.0,0.99934
BULYAMBEBA KASHU,2025-DUNDUMWEZI-APPROVED-AND-NOT-APPROVED-PROJECTS.pdf,7,544.0,1084.0,863.0,1123.0,0.78459
294,2025-DUNDUMWEZI-APPROVED-AND-NOT-APPROVED-PROJECTS.pdf,7,455.0,1091.0,500.0,1122.0,0.98134
NOT APPROVED,2025-DUNDUMWEZI-APPROVED-AND-NOT-APPROVED-PROJECTS.pdf,7,2668.0,1117.0,2901.0,1153.0,0.98305
DRILLLING,2025-DUNDUMWEZI-APPROVED-AND-NOT-APPROVED-PROJECTS.pdf,7,2218.0,1118.0,2365.0,1156.0,0.46642
INSUFFICENT FUNDS,2025-DUNDUMWEZI-APPROVED-AND-NOT-APPROVED-PROJECTS.pdf,7,2946.0,1118.0,3248.0,1149.0,0.97677
OMBA,2025-DUNDUMWEZI-APPROVED-AND-NOT-APPROVED-PROJECTS.pdf,7,2499.0,1121.0,2585.0,1152.0,0.99933
DRILLING OF,2025-DUNDUMWEZI-APPROVED-AND-NOT-APPROVED-PROJECTS.pdf,7,1433.0,1124.0,1618.0,1155.0,0.68158
A BCREHOLE,2025-DUNDUMWEZI-APPROVED-AND-NOT-APPROVED-PROJECTS.pdf,7,1625.0,1124.0,1813.0,1155.0,0.99249
WA TER,2025-DUNDUMWEZI-APPROVED-AND-NOT-APPROVED-PROJECTS.pdf,7,2003.0,1124.0,2108.0,1155.0,0.99054
MUNSANJE VILLAGE,2025-DUNDUMWEZI-APPROVED-AND-NOT-APPROVED-PROJECTS.pdf,7,544.0,1125.0,841.0,1161.0,0.65952
205,2025-DUNDUMWEZI-APPROVED-AND-NOT-APPROVED-PROJECTS.pdf,7,458.0,1132.0,503.0,1158.0,0.82132
INSUFFICEENT FUNDS,2025-DUNDUMWEZI-APPROVED-AND-NOT-APPROVED-PROJECTS.pdf,7,2945.0,1155.0,3249.0,1192.0,0.78035
CONSTRUCTION OF A STAFF HOUSE,2025-DUNDUMWEZI-APPROVED-AND-NOT-APPROVED-PROJECTS.pdf,7,1432.0,1159.0,1942.0,1200.0,0.82466
NOT APPROVED,2025-DUNDUMWEZI-APPROVED-AND-NOT-APPROVED-PROJECTS.pdf,7,2669.0,1159.0,2900.0,1191.0,0.8288
EDUCATION,2025-DUNDUMWEZI-APPROVED-AND-NOT-APPROVED-PROJECTS.pdf,7,2000.0,1162.0,2180.0,1193.0,0.56851
CONSTRUCTION,2025-DUNDUMWEZI-APPROVED-AND-NOT-APPROVED-PROJECTS.pdf,7,2220.0,1162.0,2454.0,1193.0,0.69105
OMBA,2025-DUNDUMWEZI-APPROVED-AND-NOT-APPROVED-PROJECTS.pdf,7,2499.0,1162.0,2585.0,1193.0,0.99957
MAILA MALE COMMUNITY SCHOQL,2025-DUNDUMWEZI-APPROVED-AND-NOT-APPROVED-PROJECTS.pdf,7,544.0,1166.0,1052.0,1203.0,0.7006
296,2025-DUNDUMWEZI-APPROVED-AND-NOT-APPROVED-PROJECTS.pdf,7,455.0,1170.0,503.0,1202.0,0.99999
INSUFFICIENT FUNDS,2025-DUNDUMWEZI-APPROVED-AND-NOT-APPROVED-PROJECTS.pdf,7,2946.0,1198.0,3248.0,1229.0,0.86867
EDUCATION,2025-DUNDUMWEZI-APPROVED-AND-NOT-APPROVED-PROJECTS.pdf,7,1999.0,1199.0,2181.0,1235.0,0.99552
CONSTRUCTION,2025-DUNDUMWEZI-APPROVED-AND-NOT-APPROVED-PROJECTS.pdf,7,2219.0,1199.0,2457.0,1235.0,0.99993
OMBA,2025-DUNDUMWEZI-APPROVED-AND-NOT-APPROVED-PROJECTS.pdf,7,2499.0,1200.0,2585.0,1232.0,0.99698
NOT APPROVED,2025-DUNDUMWEZI-APPROVED-AND-NOT-APPROVED-PROJECTS.pdf,7,2672.0,1200.0,2900.0,1232.0,0.91968
CONSTRUCTION OF A 1X3 CRB,2025-DUNDUMWEZI-APPROVED-AND-NOT-APPROVED-PROJECTS.pdf,7,1432.0,1202.0,1868.0,1238.0,0.79901
MALA MALE COMMUNITY SCHOOL,2025-DUNDUMWEZI-APPROVED-AND-NOT-APPROVED-PROJECTS.pdf,7,547.0,1205.0,1055.0,1241.0,0.74519
297,2025-DUNDUMWEZI-APPROVED-AND-NOT-APPROVED-PROJECTS.pdf,7,455.0,1211.0,503.0,1240.0,0.90105
[NSUFFICINT FUNDS,2025-DUNDUMWEZI-APPROVED-AND-NOT-APPROVED-PROJECTS.pdf,7,2945.0,1235.0,3249.0,1271.0,0.54416
NOT APPROVED,2025-DUNDUMWEZI-APPROVED-AND-NOT-APPROVED-PROJECTS.pdf,7,2669.0,1239.0,2900.0,1270.0,0.98095
CONSTRUCTION OF A 1X3 CRB,2025-DUNDUMWEZI-APPROVED-AND-NOT-APPROVED-PROJECTS.pdf,7,1432.0,1240.0,1866.0,1277.0,0.52659
EDUCATION,2025-DUNDUMWEZI-APPROVED-AND-NOT-APPROVED-PROJECTS.pdf,7,2000.0,1241.0,2180.0,1273.0,0.98033
CONSTRUCTION,2025-DUNDUMWEZI-APPROVED-AND-NOT-APPROVED-PROJECTS.pdf,7,2220.0,1241.0,2454.0,1273.0,0.87012
OMBA,2025-DUNDUMWEZI-APPROVED-AND-NOT-APPROVED-PROJECTS.pdf,7,2499.0,1241.0,2585.0,1273.0,0.99984
GOMBE PRIMARY SCHOOL,2025-DUNDUMWEZI-APPROVED-AND-NOT-APPROVED-PROJECTS.pdf,7,544.0,1246.0,926.0,1282.0,0.81115
298,2025-DUNDUMWEZI-APPROVED-AND-NOT-APPROVED-PROJECTS.pdf,7,455.0,1250.0,503.0,1281.0,0.99508
CONSTRUCTION,2025-DUNDUMWEZI-APPROVED-AND-NOT-APPROVED-PROJECTS.pdf,7,2221.0,1276.0,2455.0,1316.0,0.55946
INSUFFICIENT FUNDS,2025-DUNDUMWEZI-APPROVED-AND-NOT-APPROVED-PROJECTS.pdf,7,2942.0,1276.0,3249.0,1312.0,0.94307
EDUCA TICN,2025-DUNDUMWEZI-APPROVED-AND-NOT-APPROVED-PROJECTS.pdf,7,1999.0,1279.0,2181.0,1315.0,0.42282
NOT APPROVED,2025-DUNDUMWEZI-APPROVED-AND-NOT-APPROVED-PROJECTS.pdf,7,2672.0,1280.0,2900.0,1311.0,0.98218
CONSTRUCTION OF A 1X2 CRB,2025-DUNDUMWEZI-APPROVED-AND-NOT-APPROVED-PROJECTS.pdf,7,1432.0,1281.0,1868.0,1318.0,0.58996
OMBA,2025-DUNDUMWEZI-APPROVED-AND-NOT-APPROVED-PROJECTS.pdf,7,2502.0,1282.0,2585.0,1311.0,0.99986
HABULUNGU PRIMARY SCHOOL,2025-DUNDUMWEZI-APPROVED-AND-NOT-APPROVED-PROJECTS.pdf,7,547.0,1284.0,1003.0,1320.0,0.97432
299,2025-DUNDUMWEZI-APPROVED-AND-NOT-APPROVED-PROJECTS.pdf,7,458.0,1288.0,506.0,1319.0,0.717
NNSUFFICIENT FUNDS,2025-DUNDUMWEZI-APPROVED-AND-NOT-APPROVED-PROJECTS.pdf,7,2945.0,1314.0,3252.0,1351.0,0.64028
EDUCATION,2025-DUNDUMWEZI-APPROVED-AND-NOT-APPROVED-PROJECTS.pdf,7,1999.0,1317.0,2181.0,1356.0,0.87071
NOT APPROVED,2025-DUNDUMWEZI-APPROVED-AND-NOT-APPROVED-PROJECTS.pdf,7,2672.0,1318.0,2900.0,1350.0,0.65087
CONSTRUCTION @F A 1X3 CRB,2025-DUNDUMWEZI-APPROVED-AND-NOT-APPROVED-PROJECTS.pdf,7,1432.0,1320.0,1868.0,1356.0,0.59067
BULYAMBEBA PRMMARY AND SECONDARY SCHOOL,2025-DUNDUMWEZI-APPROVED-AND-NOT-APPROVED-PROJECTS.pdf,7,547.0,1321.0,1279.0,1359.0,0.95145
CONSTRUCTION,2025-DUNDUMWEZI-APPROVED-AND-NOT-APPROVED-PROJECTS.pdf,7,2220.0,1321.0,2454.0,1352.0,0.89365
OMBA,2025-DUNDUMWEZI-APPROVED-AND-NOT-APPROVED-PROJECTS.pdf,7,2499.0,1321.0,2585.0,1352.0,0.99701
300,2025-DUNDUMWEZI-APPROVED-AND-NOT-APPROVED-PROJECTS.pdf,7,458.0,1329.0,506.0,1358.0,0.99944
INSUFFICINT FUNDS,2025-DUNDUMWEZI-APPROVED-AND-NOT-APPROVED-PROJECTS.pdf,7,2942.0,1355.0,3252.0,1392.0,0.81879
EDUCATION,2025-DUNDUMWEZI-APPROVED-AND-NOT-APPROVED-PROJECTS.pdf,7,1999.0,1358.0,2181.0,1394.0,0.99864
CONSTRUCTION,2025-DUNDUMWEZI-APPROVED-AND-NOT-APPROVED-PROJECTS.pdf,7,2219.0,1358.0,2457.0,1394.0,0.99995
OMBA,2025-DUNDUMWEZI-APPROVED-AND-NOT-APPROVED-PROJECTS.pdf,7,2499.0,1359.0,2585.0,1391.0,0.99946
NOT APFROVED,2025-DUNDUMWEZI-APPROVED-AND-NOT-APPROVED-PROJECTS.pdf,7,2672.0,1359.0,2900.0,1391.0,0.94628
CONSTRUCTION OF A STAFF HOUSE,2025-DUNDUMWEZI-APPROVED-AND-NOT-APPROVED-PROJECTS.pdf,7,1432.0,1361.0,1942.0,1397.0,0.76544
KASHU PRIMARY SCHOQL,2025-DUNDUMWEZI-APPROVED-AND-NOT-APPROVED-PROJECTS.pdf,7,544.0,1364.0,918.0,1400.0,0.5114
301,2025-DUNDUMWEZI-APPROVED-AND-NOT-APPROVED-PROJECTS.pdf,7,455.0,1367.0,503.0,1399.0,0.9749
[NSUFFICEENT FUNDS,2025-DUNDUMWEZI-APPROVED-AND-NOT-APPROVED-PROJECTS.pdf,7,2945.0,1394.0,3252.0,1430.0,0.71486
NOT APPROVED,2025-DUNDUMWEZI-APPROVED-AND-NOT-APPROVED-PROJECTS.pdf,7,2671.0,1397.0,2901.0,1433.0,0.99835
CONSTRUCTION OF A MAIZE SHED,2025-DUNDUMWEZI-APPROVED-AND-NOT-APPROVED-PROJECTS.pdf,7,1432.0,1399.0,1929.0,1438.0,0.66179
AGRICULTURE CONSTRUCTION,2025-DUNDUMWEZI-APPROVED-AND-NOT-APPROVED-PROJECTS.pdf,7,2000.0,1400.0,2456.0,1432.0,0.70946
OMBA,2025-DUNDUMWEZI-APPROVED-AND-NOT-APPROVED-PROJECTS.pdf,7,2502.0,1400.0,2585.0,1432.0,0.99981
SIANTONGOLE,2025-DUNDUMWEZI-APPROVED-AND-NOT-APPROVED-PROJECTS.pdf,7,548.0,1406.0,758.0,1437.0,0.99991
302,2025-DUNDUMWEZI-APPROVED-AND-NOT-APPROVED-PROJECTS.pdf,7,458.0,1409.0,506.0,1440.0,0.99998
INSUFFICENT FUNDS,2025-DUNDUMWEZI-APPROVED-AND-NOT-APPROVED-PROJECTS.pdf,7,2945.0,1435.0,3252.0,1471.0,0.88539
CONSTRUCTION,2025-DUNDUMWEZI-APPROVED-AND-NOT-APPROVED-PROJECTS.pdf,7,2219.0,1438.0,2457.0,1474.0,0.71228
NOT APPROVED,2025-DUNDUMWEZI-APPROVED-AND-NOT-APPROVED-PROJECTS.pdf,7,2672.0,1439.0,2900.0,1470.0,0.94807
NKADAZOVU PRIMAR Y AND SECONDARY SCHOOL,2025-DUNDUMWEZI-APPROVED-AND-NOT-APPROVED-PROJECTS.pdf,7,547.0,1440.0,1266.0,1479.0,0.64611
CONSTRUCTION OF DOWTRY,2025-DUNDUMWEZI-APPROVED-AND-NOT-APPROVED-PROJECTS.pdf,7,1433.0,1441.0,1859.0,1473.0,0.9194
EDUCATION,2025-DUNDUMWEZI-APPROVED-AND-NOT-APPROVED-PROJECTS.pdf,7,2000.0,1441.0,2180.0,1473.0,0.99998
OMBA,2025-DUNDUMWEZI-APPROVED-AND-NOT-APPROVED-PROJECTS.pdf,7,2502.0,1441.0,2585.0,1470.0,0.99995
303,2025-DUNDUMWEZI-APPROVED-AND-NOT-APPROVED-PROJECTS.pdf,7,458.0,1447.0,506.0,1478.0,0.80042
NOT APPROVED,2025-DUNDUMWEZI-APPROVED-AND-NOT-APPROVED-PROJECTS.pdf,7,2671.0,1474.0,2902.0,1513.0,0.99963
INSUFFICEENT FUNDS,2025-DUNDUMWEZI-APPROVED-AND-NOT-APPROVED-PROJECTS.pdf,7,2946.0,1477.0,3251.0,1508.0,0.58112
CONSTRUCTION OF 4 STAFF HOUSE,2025-DUNDUMWEZI-APPROVED-AND-NOT-APPROVED-PROJECTS.pdf,7,1432.0,1479.0,1942.0,1515.0,0.35787
EDUCATION,2025-DUNDUMWEZI-APPROVED-AND-NOT-APPROVED-PROJECTS.pdf,7,1999.0,1479.0,2181.0,1515.0,0.99835
CONSTRUCTION,2025-DUNDUMWEZI-APPROVED-AND-NOT-APPROVED-PROJECTS.pdf,7,2221.0,1479.0,2457.0,1515.0,0.87474
OMBA,2025-DUNDUMWEZI-APPROVED-AND-NOT-APPROVED-PROJECTS.pdf,7,2502.0,1480.0,2585.0,1511.0,0.99995
OMBA PTA COMMUNITY,2025-DUNDUMWEZI-APPROVED-AND-NOT-APPROVED-PROJECTS.pdf,7,547.0,1484.0,896.0,1520.0,0.70889
304,2025-DUNDUMWEZI-APPROVED-AND-NOT-APPROVED-PROJECTS.pdf,7,458.0,1488.0,506.0,1519.0,0.99779
INSUFFICEENT FUNDS,2025-DUNDUMWEZI-APPROVED-AND-NOT-APPROVED-PROJECTS.pdf,7,2945.0,1514.0,3252.0,1551.0,0.64405
NOT APPROVED,2025-DUNDUMWEZI-APPROVED-AND-NOT-APPROVED-PROJECTS.pdf,7,2672.0,1518.0,2900.0,1550.0,0.99217
CONSTRUCTION OF,2025-DUNDUMWEZI-APPROVED-AND-NOT-APPROVED-PROJECTS.pdf,7,1435.0,1520.0,1715.0,1556.0,0.98734
A STAFF HOUSE,2025-DUNDUMWEZI-APPROVED-AND-NOT-APPROVED-PROJECTS.pdf,7,1721.0,1521.0,1941.0,1552.0,0.86901
FALTH,2025-DUNDUMWEZI-APPROVED-AND-NOT-APPROVED-PROJECTS.pdf,7,2000.0,1521.0,2125.0,1552.0,0.78203
CCNSTRUCTION,2025-DUNDUMWEZI-APPROVED-AND-NOT-APPROVED-PROJECTS.pdf,7,2222.0,1521.0,2456.0,1552.0,0.81184
CMBA,2025-DUNDUMWEZI-APPROVED-AND-NOT-APPROVED-PROJECTS.pdf,7,2502.0,1521.0,2585.0,1550.0,0.81734
BUL YAMBBEBA HEALTH POST,2025-DUNDUMWEZI-APPROVED-AND-NOT-APPROVED-PROJECTS.pdf,7,547.0,1523.0,961.0,1559.0,0.70988
305,2025-DUNDUMWEZI-APPROVED-AND-NOT-APPROVED-PROJECTS.pdf,7,458.0,1526.0,506.0,1558.0,0.59776
NNSUFFICENT FUNDS,2025-DUNDUMWEZI-APPROVED-AND-NOT-APPROVED-PROJECTS.pdf,7,2945.0,1553.0,3252.0,1589.0,0.67802
NOT APPROVED,2025-DUNDUMWEZI-APPROVED-AND-NOT-APPROVED-PROJECTS.pdf,7,2671.0,1555.0,2904.0,1592.0,0.99734
LIVESTOCK,2025-DUNDUMWEZI-APPROVED-AND-NOT-APPROVED-PROJECTS.pdf,7,1999.0,1558.0,2172.0,1594.0,0.99987
CONSTRUCTION,2025-DUNDUMWEZI-APPROVED-AND-NOT-APPROVED-PROJECTS.pdf,7,2221.0,1558.0,2457.0,1594.0,0.99764
OMBA,2025-DUNDUMWEZI-APPROVED-AND-NOT-APPROVED-PROJECTS.pdf,7,2502.0,1559.0,2588.0,1591.0,0.99818
CONSTRUCTION OF A SPRAY RACE,2025-DUNDUMWEZI-APPROVED-AND-NOT-APPROVED-PROJECTS.pdf,7,1436.0,1562.0,1930.0,1593.0,0.68154
KABANGA COMMUNITY,2025-DUNDUMWEZI-APPROVED-AND-NOT-APPROVED-PROJECTS.pdf,7,547.0,1564.0,893.0,1600.0,0.84045
306,2025-DUNDUMWEZI-APPROVED-AND-NOT-APPROVED-PROJECTS.pdf,7,458.0,1567.0,506.0,1596.0,0.99996
INSUFFICIENT FUNDS,2025-DUNDUMWEZI-APPROVED-AND-NOT-APPROVED-PROJECTS.pdf,7,2945.0,1594.0,3252.0,1630.0,0.41626
NOT APPROVED,2025-DUNDUMWEZI-APPROVED-AND-NOT-APPROVED-PROJECTS.pdf,7,2674.0,1598.0,2900.0,1629.0,0.68546
CONSTRUCTION OF A SPRAY RACE,2025-DUNDUMWEZI-APPROVED-AND-NOT-APPROVED-PROJECTS.pdf,7,1435.0,1599.0,1931.0,1635.0,0.7234
CONSTRUCTION,2025-DUNDUMWEZI-APPROVED-AND-NOT-APPROVED-PROJECTS.pdf,7,2221.0,1599.0,2457.0,1635.0,0.99957
LIVESTOCK,2025-DUNDUMWEZI-APPROVED-AND-NOT-APPROVED-PROJECTS.pdf,7,2000.0,1600.0,2171.0,1632.0,0.88461
OMBA,2025-DUNDUMWEZI-APPROVED-AND-NOT-APPROVED-PROJECTS.pdf,7,2502.0,1600.0,2588.0,1632.0,0.99986
TUSOLE COMMUNITY,2025-DUNDUMWEZI-APPROVED-AND-NOT-APPROVED-PROJECTS.pdf,7,547.0,1605.0,860.0,1641.0,0.6602
307,2025-DUNDUMWEZI-APPROVED-AND-NOT-APPROVED-PROJECTS.pdf,7,458.0,1609.0,506.0,1637.0,0.99999
Education,2025-DUNDUMWEZI-APPROVED-AND-NOT-APPROVED-PROJECTS.pdf,7,2010.0,1638.0,2148.0,1674.0,0.99998
Classroom Block,2025-DUNDUMWEZI-APPROVED-AND-NOT-APPROVED-PROJECTS.pdf,7,2221.0,1638.0,2446.0,1674.0,0.77333
Omba,2025-DUNDUMWEZI-APPROVED-AND-NOT-APPROVED-PROJECTS.pdf,7,2503.0,1638.0,2586.0,1674.0,0.973
APPROVED,2025-DUNDUMWEZI-APPROVED-AND-NOT-APPROVED-PROJECTS.pdf,7,2672.0,1639.0,2813.0,1670.0,0.99946
NA,2025-DUNDUMWEZI-APPROVED-AND-NOT-APPROVED-PROJECTS.pdf,7,2948.0,1639.0,2988.0,1667.0,0.99996
Construction Of A Classroom Block,2025-DUNDUMWEZI-APPROVED-AND-NOT-APPROVED-PROJECTS.pdf,7,1435.0,1640.0,1898.0,1677.0,0.89605
Bulyambeba 1x2 CRB,2025-DUNDUMWEZI-APPROVED-AND-NOT-APPROVED-PROJECTS.pdf,7,547.0,1641.0,838.0,1684.0,0.80967
31,2025-DUNDUMWEZI-APPROVED-AND-NOT-APPROVED-PROJECTS.pdf,7,460.0,1643.0,498.0,1679.0,0.98759
Staff House,2025-DUNDUMWEZI-APPROVED-AND-NOT-APPROVED-PROJECTS.pdf,7,2220.0,1675.0,2383.0,1716.0,0.8953
Omba,2025-DUNDUMWEZI-APPROVED-AND-NOT-APPROVED-PROJECTS.pdf,7,2501.0,1676.0,2586.0,1712.0,0.99994
APPROVED,2025-DUNDUMWEZI-APPROVED-AND-NOT-APPROVED-PROJECTS.pdf,7,2674.0,1677.0,2813.0,1708.0,0.99967
NA,2025-DUNDUMWEZI-APPROVED-AND-NOT-APPROVED-PROJECTS.pdf,7,2948.0,1677.0,2988.0,1708.0,0.99998
Construction Qf A Staff House,2025-DUNDUMWEZI-APPROVED-AND-NOT-APPROVED-PROJECTS.pdf,7,1435.0,1679.0,1838.0,1718.0,0.51974
Education,2025-DUNDUMWEZI-APPROVED-AND-NOT-APPROVED-PROJECTS.pdf,7,1999.0,1679.0,2140.0,1715.0,0.99997
Habulungu Stzff House,2025-DUNDUMWEZI-APPROVED-AND-NOT-APPROVED-PROJECTS.pdf,7,547.0,1682.0,860.0,1720.0,0.85524
32,2025-DUNDUMWEZI-APPROVED-AND-NOT-APPROVED-PROJECTS.pdf,7,460.0,1684.0,501.0,1723.0,1.0
Borehole,2025-DUNDUMWEZI-APPROVED-AND-NOT-APPROVED-PROJECTS.pdf,7,2221.0,1717.0,2348.0,1753.0,0.99921
Omba,2025-DUNDUMWEZI-APPROVED-AND-NOT-APPROVED-PROJECTS.pdf,7,2503.0,1717.0,2589.0,1753.0,0.99982
APPROVED,2025-DUNDUMWEZI-APPROVED-AND-NOT-APPROVED-PROJECTS.pdf,7,2674.0,1718.0,2813.0,1750.0,0.9999
NA,2025-DUNDUMWEZI-APPROVED-AND-NOT-APPROVED-PROJECTS.pdf,7,2948.0,1718.0,2988.0,1747.0,0.99999
Drilling Of 3 Boreholes,2025-DUNDUMWEZI-APPROVED-AND-NOT-APPROVED-PROJECTS.pdf,7,546.0,1720.0,855.0,1762.0,0.93359
Drillirig Of 4 Borehoie,2025-DUNDUMWEZI-APPROVED-AND-NOT-APPROVED-PROJECTS.pdf,7,1435.0,1720.0,1729.0,1756.0,0.75131
Water,2025-DUNDUMWEZI-APPROVED-AND-NOT-APPROVED-PROJECTS.pdf,7,2011.0,1721.0,2097.0,1752.0,0.53406
33,2025-DUNDUMWEZI-APPROVED-AND-NOT-APPROVED-PROJECTS.pdf,7,461.0,1726.0,500.0,1758.0,0.99999
Omba,2025-DUNDUMWEZI-APPROVED-AND-NOT-APPROVED-PROJECTS.pdf,7,2503.0,1755.0,2586.0,1792.0,0.99996
Procurement Of Chemicals For 5 Dip,2025-DUNDUMWEZI-APPROVED-AND-NOT-APPROVED-PROJECTS.pdf,7,1435.0,1758.0,1926.0,1800.0,0.84819
Livestock,2025-DUNDUMWEZI-APPROVED-AND-NOT-APPROVED-PROJECTS.pdf,7,2010.0,1758.0,2142.0,1794.0,0.83857
Dip tanks,2025-DUNDUMWEZI-APPROVED-AND-NOT-APPROVED-PROJECTS.pdf,7,2221.0,1758.0,2356.0,1800.0,0.99812
34,2025-DUNDUMWEZI-APPROVED-AND-NOT-APPROVED-PROJECTS.pdf,7,460.0,1761.0,501.0,1797.0,1.0
Chemicals Dip Tanks,2025-DUNDUMWEZI-APPROVED-AND-NOT-APPROVED-PROJECTS.pdf,7,547.0,1761.0,830.0,1800.0,0.93401
APPROVED,2025-DUNDUMWEZI-APPROVED-AND-NOT-APPROVED-PROJECTS.pdf,7,2672.0,1792.0,2813.0,1823.0,0.99994
NA,2025-DUNDUMWEZI-APPROVED-AND-NOT-APPROVED-PROJECTS.pdf,7,2948.0,1792.0,2988.0,1823.0,0.99997
tanks,2025-DUNDUMWEZI-APPROVED-AND-NOT-APPROVED-PROJECTS.pdf,7,1432.0,1799.0,1515.0,1835.0,0.86231
GolebNNINT,2025-DUNDUMWEZI-APPROVED-AND-NOT-APPROVED-PROJECTS.pdf,7,620.01,1865.28,844.99,1965.72,0.0396
Eada,2025-DUNDUMWEZI-APPROVED-AND-NOT-APPROVED-PROJECTS.pdf,7,609.98,1875.59,739.02,1937.41,0.00973
GQUNcuL,2025-DUNDUMWEZI-APPROVED-AND-NOT-APPROVED-PROJECTS.pdf,7,631.68,1914.02,782.32,1990.98,0.13592
6,2025-DUNDUMWEZI-APPROVED-AND-NOT-APPROVED-PROJECTS.pdf,7,567.0,1918.0,612.0,1950.0,0.68199
7ndic,2025-DUNDUMWEZI-APPROVED-AND-NOT-APPROVED-PROJECTS.pdf,7,434.78,1921.01,581.22,1995.99,0.05808
LOcaL,2025-DUNDUMWEZI-APPROVED-AND-NOT-APPROVED-PROJECTS.pdf,7,516.57,1933.86,636.43,1998.14,0.25225
LLOMO To5N,2025-DUNDUMWEZI-APPROVED-AND-NOT-APPROVED-PROJECTS.pdf,7,415.03,1959.31,647.97,2061.69,0.03636
05 |,2025-DUNDUMWEZI-APPROVED-AND-NOT-APPROVED-PROJECTS.pdf,7,474.77,1965.85,537.23,2012.15,0.31378
Yisistry,2025-DUNDUMWEZI-APPROVED-AND-NOT-APPROVED-PROJECTS.pdf,7,332.06,1981.15,489.94,2056.85,0.07438
2025,2025-DUNDUMWEZI-APPROVED-AND-NOT-APPROVED-PROJECTS.pdf,7,650.15,1988.24,781.85,2099.76,0.80209
NQV,2025-DUNDUMWEZI-APPROVED-AND-NOT-APPROVED-PROJECTS.pdf,7,558.39,2026.16,677.61,2129.84,0.66494
^1,2025-DUNDUMWEZI-APPROVED-AND-NOT-APPROVED-PROJECTS.pdf,7,481.0,2065.0,562.0,2140.0,0.39965
5os ctuvrunntcjuncrad adnivigratiqu,2025-DUNDUMWEZI-APPROVED-AND-NOT-APPROVED-PROJECTS.pdf,7,389.54,2070.69,931.46,2289.31,0.00422
Mnalin4#LoO,2025-DUNDUMWEZI-APPROVED-AND-NOT-APPROVED-PROJECTS.pdf,7,472.25,2132.64,873.75,2297.36,0.02146
MINISTREOF LOCAL GOVERNMENT AND RURAL DEVFLOFMENT,2025-KALOMO-CENTRAL-NOT-APPROVED-AND-APPROVED-PROJECTS.pdf,1,1154.0,184.0,1996.0,215.0,0.28297
KALOMO CENTRAL COMMUNITY PROJECTS,2025-KALOMO-CENTRAL-NOT-APPROVED-AND-APPROVED-PROJECTS.pdf,1,1394.0,215.0,1973.0,251.0,0.99938
2025,2025-KALOMO-CENTRAL-NOT-APPROVED-AND-APPROVED-PROJECTS.pdf,1,1984.0,219.0,2045.0,248.0,0.99719
No_,2025-KALOMO-CENTRAL-NOT-APPROVED-AND-APPROVED-PROJECTS.pdf,1,439.0,255.0,475.0,284.0,0.98925
Name of Proiect,2025-KALOMO-CENTRAL-NOT-APPROVED-AND-APPROVED-PROJECTS.pdf,1,499.0,255.0,681.0,284.0,0.85148
Sector,2025-KALOMO-CENTRAL-NOT-APPROVED-AND-APPROVED-PROJECTS.pdf,1,1847.0,255.0,1925.0,284.0,0.99997
Type,2025-KALOMO-CENTRAL-NOT-APPROVED-AND-APPROVED-PROJECTS.pdf,1,2247.0,255.0,2308.0,286.0,0.99235
Project Description,2025-KALOMO-CENTRAL-NOT-APPROVED-AND-APPROVED-PROJECTS.pdf,1,998.0,258.0,1215.0,284.0,0.81603
Comments,2025-KALOMO-CENTRAL-NOT-APPROVED-AND-APPROVED-PROJECTS.pdf,1,2724.0,261.0,2845.0,286.0,0.99991
Reason,2025-KALOMO-CENTRAL-NOT-APPROVED-AND-APPROVED-PROJECTS.pdf,1,3009.0,261.0,3092.0,286.0,0.99996
Ward,2025-KALOMO-CENTRAL-NOT-APPROVED-AND-APPROVED-PROJECTS.pdf,1,2508.0,262.0,2573.0,283.0,0.99985
MAYOBA CLINIC CATCHMENT AREA,2025-KALOMO-CENTRAL-NOT-APPROVED-AND-APPROVED-PROJECTS.pdf,1,496.0,285.0,944.0,317.0,0.71192
COMPLETION STAFF HOUSE,2025-KALOMO-CENTRAL-NOT-APPROVED-AND-APPROVED-PROJECTS.pdf,1,995.0,285.0,1339.0,317.0,0.98144
STORE ROOM,2025-KALOMO-CENTRAL-NOT-APPROVED-AND-APPROVED-PROJECTS.pdf,1,1351.0,288.0,1522.0,317.0,0.99878
HEALTH,2025-KALOMO-CENTRAL-NOT-APPROVED-AND-APPROVED-PROJECTS.pdf,1,1850.0,288.0,1958.0,317.0,0.99977
COMPLETION,2025-KALOMO-CENTRAL-NOT-APPROVED-AND-APPROVED-PROJECTS.pdf,1,2247.0,288.0,2418.0,317.0,0.96453
MAYOBA,2025-KALOMO-CENTRAL-NOT-APPROVED-AND-APPROVED-PROJECTS.pdf,1,2504.0,291.0,2621.0,319.0,0.99984
NOT APPROVED,2025-KALOMO-CENTRAL-NOT-APPROVED-AND-APPROVED-PROJECTS.pdf,1,2721.0,291.0,2922.0,319.0,0.93104
INSUFFICIENT FUNDS,2025-KALOMO-CENTRAL-NOT-APPROVED-AND-APPROVED-PROJECTS.pdf,1,3003.0,293.0,3232.0,322.0,0.80865
MAYOBA WARD COMMUNITY,2025-KALOMO-CENTRAL-NOT-APPROVED-AND-APPROVED-PROJECTS.pdf,1,496.0,321.0,870.0,349.0,0.79987
CONSTRUCTION OF,2025-KALOMO-CENTRAL-NOT-APPROVED-AND-APPROVED-PROJECTS.pdf,1,995.0,321.0,1237.0,349.0,0.96624
X3 CRB,2025-KALOMO-CENTRAL-NOT-APPROVED-AND-APPROVED-PROJECTS.pdf,1,1255.0,321.0,1358.0,349.0,0.99157
EDUCATION,2025-KALOMO-CENTRAL-NOT-APPROVED-AND-APPROVED-PROJECTS.pdf,1,1850.0,321.0,2004.0,349.0,0.99997
CONSTRUCTION,2025-KALOMO-CENTRAL-NOT-APPROVED-AND-APPROVED-PROJECTS.pdf,1,2244.0,321.0,2451.0,352.0,0.79097
MAYOBA,2025-KALOMO-CENTRAL-NOT-APPROVED-AND-APPROVED-PROJECTS.pdf,1,2504.0,324.0,2621.0,352.0,0.67652
NOT APPROVED,2025-KALOMO-CENTRAL-NOT-APPROVED-AND-APPROVED-PROJECTS.pdf,1,2721.0,324.0,2919.0,352.0,0.99446
|INSUFFICIENT FUNDS,2025-KALOMO-CENTRAL-NOT-APPROVED-AND-APPROVED-PROJECTS.pdf,1,3000.0,326.0,3232.0,355.0,0.48704
CONSTRUCTION OF,2025-KALOMO-CENTRAL-NOT-APPROVED-AND-APPROVED-PROJECTS.pdf,1,995.0,351.0,1237.0,382.0,0.99386
SIANYAMA COMMUNITY SCHOOL,2025-KALOMO-CENTRAL-NOT-APPROVED-AND-APPROVED-PROJECTS.pdf,1,493.0,354.0,914.0,382.0,0.82035
X2 CRB,2025-KALOMO-CENTRAL-NOT-APPROVED-AND-APPROVED-PROJECTS.pdf,1,1255.0,354.0,1358.0,382.0,0.89317
EDUCATION,2025-KALOMO-CENTRAL-NOT-APPROVED-AND-APPROVED-PROJECTS.pdf,1,1850.0,354.0,2004.0,382.0,0.99969
CONSTRUCTION,2025-KALOMO-CENTRAL-NOT-APPROVED-AND-APPROVED-PROJECTS.pdf,1,2244.0,354.0,2451.0,385.0,0.99787
MAYOBA,2025-KALOMO-CENTRAL-NOT-APPROVED-AND-APPROVED-PROJECTS.pdf,1,2504.0,356.0,2621.0,385.0,0.98579
NOT APPROVED,2025-KALOMO-CENTRAL-NOT-APPROVED-AND-APPROVED-PROJECTS.pdf,1,2721.0,356.0,2919.0,388.0,0.96273
INSUFFICIENT FUNDS,2025-KALOMO-CENTRAL-NOT-APPROVED-AND-APPROVED-PROJECTS.pdf,1,3003.0,359.0,3232.0,391.0,0.99862
WATER SANITATION,2025-KALOMO-CENTRAL-NOT-APPROVED-AND-APPROVED-PROJECTS.pdf,1,1849.0,384.0,2104.0,420.0,0.99973
SIANYAMA COMMUNITY SCHOOL,2025-KALOMO-CENTRAL-NOT-APPROVED-AND-APPROVED-PROJECTS.pdf,1,496.0,387.0,911.0,415.0,0.87303
DRILLING OF BOREHOLE,2025-KALOMO-CENTRAL-NOT-APPROVED-AND-APPROVED-PROJECTS.pdf,1,998.0,387.0,1303.0,415.0,0.98846
DRILLING,2025-KALOMO-CENTRAL-NOT-APPROVED-AND-APPROVED-PROJECTS.pdf,1,2247.0,389.0,2374.0,418.0,0.96555
MAYOBA,2025-KALOMO-CENTRAL-NOT-APPROVED-AND-APPROVED-PROJECTS.pdf,1,2504.0,389.0,2621.0,421.0,0.99993
NOT APPROVED,2025-KALOMO-CENTRAL-NOT-APPROVED-AND-APPROVED-PROJECTS.pdf,1,2721.0,392.0,2919.0,421.0,0.98834
INSUFFICIENT FUNDS,2025-KALOMO-CENTRAL-NOT-APPROVED-AND-APPROVED-PROJECTS.pdf,1,3006.0,392.0,3270.0,423.0,0.87425
MAGALEZA PRIMARY SCHOOL,2025-KALOMO-CENTRAL-NOT-APPROVED-AND-APPROVED-PROJECTS.pdf,1,496.0,419.0,876.0,448.0,0.99955
CONSTRUCTION,2025-KALOMO-CENTRAL-NOT-APPROVED-AND-APPROVED-PROJECTS.pdf,1,995.0,419.0,1199.0,451.0,0.99262
X 3 CRB,2025-KALOMO-CENTRAL-NOT-APPROVED-AND-APPROVED-PROJECTS.pdf,1,1219.0,419.0,1319.0,448.0,0.82731
EDUCATION,2025-KALOMO-CENTRAL-NOT-APPROVED-AND-APPROVED-PROJECTS.pdf,1,1850.0,422.0,2004.0,451.0,0.99997
CONSTRUCTION,2025-KALOMO-CENTRAL-NOT-APPROVED-AND-APPROVED-PROJECTS.pdf,1,2244.0,422.0,2451.0,454.0,0.99981
MAYOBA,2025-KALOMO-CENTRAL-NOT-APPROVED-AND-APPROVED-PROJECTS.pdf,1,2504.0,425.0,2618.0,454.0,0.99991
NOT APPROVED,2025-KALOMO-CENTRAL-NOT-APPROVED-AND-APPROVED-PROJECTS.pdf,1,2721.0,425.0,2922.0,454.0,0.76515
INSUFFICIENT FUNDS,2025-KALOMO-CENTRAL-NOT-APPROVED-AND-APPROVED-PROJECTS.pdf,1,3003.0,425.0,3270.0,456.0,0.84476
MUNKOLO ZONE,2025-KALOMO-CENTRAL-NOT-APPROVED-AND-APPROVED-PROJECTS.pdf,1,496.0,452.0,706.0,484.0,0.73406
CONSTRUCTION OF STAFF HOUSE,2025-KALOMO-CENTRAL-NOT-APPROVED-AND-APPROVED-PROJECTS.pdf,1,998.0,452.0,1410.0,484.0,0.74828
HEALTH,2025-KALOMO-CENTRAL-NOT-APPROVED-AND-APPROVED-PROJECTS.pdf,1,1850.0,455.0,1958.0,484.0,0.99992
CONSTRUCTION,2025-KALOMO-CENTRAL-NOT-APPROVED-AND-APPROVED-PROJECTS.pdf,1,2244.0,455.0,2448.0,486.0,0.99698
MAYOBA,2025-KALOMO-CENTRAL-NOT-APPROVED-AND-APPROVED-PROJECTS.pdf,1,2502.0,458.0,2621.0,486.0,0.99983
NOT APPROVED,2025-KALOMO-CENTRAL-NOT-APPROVED-AND-APPROVED-PROJECTS.pdf,1,2721.0,458.0,2919.0,489.0,0.98538
INSUFFICIENT FUNDS,2025-KALOMO-CENTRAL-NOT-APPROVED-AND-APPROVED-PROJECTS.pdf,1,3002.0,458.0,3272.0,494.0,0.95757
MONDE PRI &SEC SCHOOL,2025-KALOMO-CENTRAL-NOT-APPROVED-AND-APPROVED-PROJECTS.pdf,1,496.0,488.0,829.0,517.0,0.99816
SCIENCE LAB,2025-KALOMO-CENTRAL-NOT-APPROVED-AND-APPROVED-PROJECTS.pdf,1,995.0,488.0,1166.0,517.0,0.99367
CONSTRUCTION,2025-KALOMO-CENTRAL-NOT-APPROVED-AND-APPROVED-PROJECTS.pdf,1,1178.0,488.0,1382.0,517.0,0.81731
EDUCATION,2025-KALOMO-CENTRAL-NOT-APPROVED-AND-APPROVED-PROJECTS.pdf,1,1850.0,488.0,2004.0,519.0,0.99887
SIMA YAKWE,2025-KALOMO-CENTRAL-NOT-APPROVED-AND-APPROVED-PROJECTS.pdf,1,2500.0,488.0,2669.0,524.0,0.65323
CONSTRUCTION,2025-KALOMO-CENTRAL-NOT-APPROVED-AND-APPROVED-PROJECTS.pdf,1,2244.0,491.0,2451.0,522.0,0.99955
NOT APPROVED,2025-KALOMO-CENTRAL-NOT-APPROVED-AND-APPROVED-PROJECTS.pdf,1,2721.0,493.0,2919.0,522.0,0.87775
[NSUFFICIENT FUNDS,2025-KALOMO-CENTRAL-NOT-APPROVED-AND-APPROVED-PROJECTS.pdf,1,3003.0,493.0,3270.0,525.0,0.65698
SIAMBALA AGRICUJL TTRAL CAMP,2025-KALOMO-CENTRAL-NOT-APPROVED-AND-APPROVED-PROJECTS.pdf,1,496.0,521.0,917.0,549.0,0.65691
SPRA YLESS,2025-KALOMO-CENTRAL-NOT-APPROVED-AND-APPROVED-PROJECTS.pdf,1,995.0,521.0,1141.0,552.0,0.78493
AGRICULTURE,2025-KALOMO-CENTRAL-NOT-APPROVED-AND-APPROVED-PROJECTS.pdf,1,1850.0,524.0,2034.0,552.0,0.81234
CONSTRUCTION,2025-KALOMO-CENTRAL-NOT-APPROVED-AND-APPROVED-PROJECTS.pdf,1,2244.0,524.0,2451.0,555.0,0.99115
SIMAYAKWE,2025-KALOMO-CENTRAL-NOT-APPROVED-AND-APPROVED-PROJECTS.pdf,1,2502.0,526.0,2667.0,555.0,0.97618
NOT APPROVED,2025-KALOMO-CENTRAL-NOT-APPROVED-AND-APPROVED-PROJECTS.pdf,1,2721.0,526.0,2919.0,555.0,0.99982
INSUFFICIENT FUNDS,2025-KALOMO-CENTRAL-NOT-APPROVED-AND-APPROVED-PROJECTS.pdf,1,3003.0,529.0,3270.0,558.0,0.88485
TOILETS AT MULWAZI CLINIC,2025-KALOMO-CENTRAL-NOT-APPROVED-AND-APPROVED-PROJECTS.pdf,1,496.0,554.0,865.0,585.0,0.56788
COMPLETION OF TOILETS,2025-KALOMO-CENTRAL-NOT-APPROVED-AND-APPROVED-PROJECTS.pdf,1,995.0,554.0,1289.0,582.0,0.57024
HEALTH,2025-KALOMO-CENTRAL-NOT-APPROVED-AND-APPROVED-PROJECTS.pdf,1,1850.0,554.0,1947.0,585.0,0.99379
COMPLETION,2025-KALOMO-CENTRAL-NOT-APPROVED-AND-APPROVED-PROJECTS.pdf,1,2247.0,556.0,2418.0,588.0,0.99973
SIMAYAKWE,2025-KALOMO-CENTRAL-NOT-APPROVED-AND-APPROVED-PROJECTS.pdf,1,2502.0,559.0,2667.0,588.0,0.81444
APPROVED,2025-KALOMO-CENTRAL-NOT-APPROVED-AND-APPROVED-PROJECTS.pdf,1,2724.0,559.0,2862.0,591.0,0.99995
NA,2025-KALOMO-CENTRAL-NOT-APPROVED-AND-APPROVED-PROJECTS.pdf,1,3003.0,570.0,3043.0,599.0,0.99999
39,2025-KALOMO-CENTRAL-NOT-APPROVED-AND-APPROVED-PROJECTS.pdf,1,439.0,598.0,473.0,623.0,0.90131
A 1X3 CLASSROOM BIOCK AT MULWAZI CONSTRUCTION OF A IX3 CLASSROOM BLOCK,2025-KALOMO-CENTRAL-NOT-APPROVED-AND-APPROVED-PROJECTS.pdf,1,499.0,598.0,1566.0,626.0,0.67455
EDUCATION,2025-KALOMO-CENTRAL-NOT-APPROVED-AND-APPROVED-PROJECTS.pdf,1,1850.0,598.0,1991.0,626.0,0.9186
CONSTRUCTION,2025-KALOMO-CENTRAL-NOT-APPROVED-AND-APPROVED-PROJECTS.pdf,1,2247.0,600.0,2451.0,629.0,0.81915
SIMAYAKWE,2025-KALOMO-CENTRAL-NOT-APPROVED-AND-APPROVED-PROJECTS.pdf,1,2501.0,600.0,2668.0,632.0,0.92268
APPROVED,2025-KALOMO-CENTRAL-NOT-APPROVED-AND-APPROVED-PROJECTS.pdf,1,2721.0,603.0,2862.0,632.0,0.99986
PRIMARY SCHOOL,2025-KALOMO-CENTRAL-NOT-APPROVED-AND-APPROVED-PROJECTS.pdf,1,496.0,630.0,728.0,659.0,0.99904
NA,2025-KALOMO-CENTRAL-NOT-APPROVED-AND-APPROVED-PROJECTS.pdf,1,3003.0,639.0,3043.0,667.0,0.99998
SIMAYAKWE,2025-KALOMO-CENTRAL-NOT-APPROVED-AND-APPROVED-PROJECTS.pdf,1,2500.0,665.0,2669.0,702.0,0.77449
38,2025-KALOMO-CENTRAL-NOT-APPROVED-AND-APPROVED-PROJECTS.pdf,1,439.0,666.0,473.0,692.0,1.0
A STAFF HOUSE AT MULWAZI CLINIC,2025-KALOMO-CENTRAL-NOT-APPROVED-AND-APPROVED-PROJECTS.pdf,1,499.0,666.0,955.0,695.0,0.8387
CONSTRUCTION OF STAFF HOUSE,2025-KALOMO-CENTRAL-NOT-APPROVED-AND-APPROVED-PROJECTS.pdf,1,998.0,666.0,1410.0,695.0,0.74999
HEALTH,2025-KALOMO-CENTRAL-NOT-APPROVED-AND-APPROVED-PROJECTS.pdf,1,1847.0,666.0,1950.0,695.0,0.99982
CONSTRUCTION,2025-KALOMO-CENTRAL-NOT-APPROVED-AND-APPROVED-PROJECTS.pdf,1,2244.0,669.0,2451.0,697.0,0.75721
APPROVED,2025-KALOMO-CENTRAL-NOT-APPROVED-AND-APPROVED-PROJECTS.pdf,1,2721.0,672.0,2862.0,700.0,0.99993
NA,2025-KALOMO-CENTRAL-NOT-APPROVED-AND-APPROVED-PROJECTS.pdf,1,3003.0,704.0,3043.0,733.0,0.99996
10,2025-KALOMO-CENTRAL-NOT-APPROVED-AND-APPROVED-PROJECTS.pdf,1,439.0,732.0,470.0,760.0,0.99976
TOILETS AT SIAMBALA PRIMARY,2025-KALOMO-CENTRAL-NOT-APPROVED-AND-APPROVED-PROJECTS.pdf,1,496.0,732.0,906.0,763.0,0.9213
COMPLETION OF TOILETS,2025-KALOMO-CENTRAL-NOT-APPROVED-AND-APPROVED-PROJECTS.pdf,1,998.0,732.0,1314.0,763.0,0.68612
EDUCATION,2025-KALOMO-CENTRAL-NOT-APPROVED-AND-APPROVED-PROJECTS.pdf,1,1850.0,735.0,1991.0,763.0,0.99996
COMPLETION,2025-KALOMO-CENTRAL-NOT-APPROVED-AND-APPROVED-PROJECTS.pdf,1,2244.0,735.0,2418.0,766.0,0.9975
SIMAYAKWE,2025-KALOMO-CENTRAL-NOT-APPROVED-AND-APPROVED-PROJECTS.pdf,1,2502.0,737.0,2667.0,766.0,0.99977
APPROVED,2025-KALOMO-CENTRAL-NOT-APPROVED-AND-APPROVED-PROJECTS.pdf,1,2724.0,737.0,2862.0,766.0,0.97779
NA,2025-KALOMO-CENTRAL-NOT-APPROVED-AND-APPROVED-PROJECTS.pdf,1,3003.0,751.0,3043.0,780.0,0.99999
NAZILONGO MONDE & MULWAZI Rd,2025-KALOMO-CENTRAL-NOT-APPROVED-AND-APPROVED-PROJECTS.pdf,1,496.0,778.0,947.0,807.0,0.83601
REHABILITATION OF ROAD FROM NAZILONGO TO MULWAZI,2025-KALOMO-CENTRAL-NOT-APPROVED-AND-APPROVED-PROJECTS.pdf,1,998.0,778.0,1736.0,807.0,0.75616
NOT APPROVED,2025-KALOMO-CENTRAL-NOT-APPROVED-AND-APPROVED-PROJECTS.pdf,1,2718.0,779.0,2920.0,816.0,0.99676
INFRASTRUCTURE,2025-KALOMO-CENTRAL-NOT-APPROVED-AND-APPROVED-PROJECTS.pdf,1,1850.0,781.0,2078.0,810.0,0.96818
REHABILITATION,2025-KALOMO-CENTRAL-NOT-APPROVED-AND-APPROVED-PROJECTS.pdf,1,2247.0,781.0,2467.0,810.0,0.99176
SIMA YAKWE,2025-KALOMO-CENTRAL-NOT-APPROVED-AND-APPROVED-PROJECTS.pdf,1,2502.0,781.0,2667.0,810.0,0.84731
[NSUFFICIENT FUNDS,2025-KALOMO-CENTRAL-NOT-APPROVED-AND-APPROVED-PROJECTS.pdf,1,3000.0,784.0,3270.0,812.0,0.62063
A MORTUARY AT SIACHITEMA,2025-KALOMO-CENTRAL-NOT-APPROVED-AND-APPROVED-PROJECTS.pdf,1,502.0,811.0,876.0,840.0,0.79302
COMPLETION OF,2025-KALOMO-CENTRAL-NOT-APPROVED-AND-APPROVED-PROJECTS.pdf,1,998.0,811.0,1207.0,840.0,0.4273
MORTUARY,2025-KALOMO-CENTRAL-NOT-APPROVED-AND-APPROVED-PROJECTS.pdf,1,1230.0,811.0,1380.0,840.0,0.99959
HEALTH,2025-KALOMO-CENTRAL-NOT-APPROVED-AND-APPROVED-PROJECTS.pdf,1,1850.0,814.0,1958.0,843.0,0.99964
COMPLETION,2025-KALOMO-CENTRAL-NOT-APPROVED-AND-APPROVED-PROJECTS.pdf,1,2244.0,814.0,2418.0,843.0,0.93924
SIACHITEMA,2025-KALOMO-CENTRAL-NOT-APPROVED-AND-APPROVED-PROJECTS.pdf,1,2502.0,814.0,2651.0,843.0,0.9982
APPROVED,2025-KALOMO-CENTRAL-NOT-APPROVED-AND-APPROVED-PROJECTS.pdf,1,2724.0,817.0,2859.0,845.0,0.98553
NA,2025-KALOMO-CENTRAL-NOT-APPROVED-AND-APPROVED-PROJECTS.pdf,1,3000.0,817.0,3043.0,845.0,0.99996
20,2025-KALOMO-CENTRAL-NOT-APPROVED-AND-APPROVED-PROJECTS.pdf,1,441.0,844.0,475.0,870.0,0.99999
A IX3 CLASSROOM BLOCK AT,2025-KALOMO-CENTRAL-NOT-APPROVED-AND-APPROVED-PROJECTS.pdf,1,496.0,844.0,867.0,873.0,0.94597
COMPLETION OF IX3 CLASSROOM BLOCK,2025-KALOMO-CENTRAL-NOT-APPROVED-AND-APPROVED-PROJECTS.pdf,1,998.0,844.0,1511.0,873.0,0.72847
EDUCATION,2025-KALOMO-CENTRAL-NOT-APPROVED-AND-APPROVED-PROJECTS.pdf,1,1850.0,847.0,2004.0,876.0,0.99896
COMPLETION,2025-KALOMO-CENTRAL-NOT-APPROVED-AND-APPROVED-PROJECTS.pdf,1,2244.0,847.0,2418.0,876.0,0.72492
SIACHITEMA,2025-KALOMO-CENTRAL-NOT-APPROVED-AND-APPROVED-PROJECTS.pdf,1,2502.0,847.0,2662.0,878.0,0.91189
APPROVED,2025-KALOMO-CENTRAL-NOT-APPROVED-AND-APPROVED-PROJECTS.pdf,1,2721.0,850.0,2859.0,878.0,0.99995
NAKABANGA SCHOOL,2025-KALOMO-CENTRAL-NOT-APPROVED-AND-APPROVED-PROJECTS.pdf,1,496.0,877.0,774.0,906.0,0.96258
NA,2025-KALOMO-CENTRAL-NOT-APPROVED-AND-APPROVED-PROJECTS.pdf,1,3003.0,885.0,3043.0,914.0,0.99997
A STAFF HOUSE AT CHIBOMBOMA,2025-KALOMO-CENTRAL-NOT-APPROVED-AND-APPROVED-PROJECTS.pdf,1,502.0,913.0,917.0,941.0,0.73524
COMPLETION OF STAFF HOUSE,2025-KALOMO-CENTRAL-NOT-APPROVED-AND-APPROVED-PROJECTS.pdf,1,998.0,913.0,1377.0,941.0,0.9819
EDUCATION,2025-KALOMO-CENTRAL-NOT-APPROVED-AND-APPROVED-PROJECTS.pdf,1,1850.0,913.0,2004.0,944.0,0.99998
COMPLETION,2025-KALOMO-CENTRAL-NOT-APPROVED-AND-APPROVED-PROJECTS.pdf,1,2244.0,915.0,2415.0,944.0,0.81086
SIACHITEMA,2025-KALOMO-CENTRAL-NOT-APPROVED-AND-APPROVED-PROJECTS.pdf,1,2502.0,915.0,2662.0,947.0,0.99771
APPROVED,2025-KALOMO-CENTRAL-NOT-APPROVED-AND-APPROVED-PROJECTS.pdf,1,2721.0,918.0,2859.0,947.0,0.99989
NA,2025-KALOMO-CENTRAL-NOT-APPROVED-AND-APPROVED-PROJECTS.pdf,1,3000.0,918.0,3043.0,947.0,0.99947
22,2025-KALOMO-CENTRAL-NOT-APPROVED-AND-APPROVED-PROJECTS.pdf,1,441.0,943.0,473.0,971.0,1.0
TOILETS AT CHIBOMBOMA RURAL,2025-KALOMO-CENTRAL-NOT-APPROVED-AND-APPROVED-PROJECTS.pdf,1,499.0,945.0,925.0,974.0,0.80195
COMPLETION OF TOILETS,2025-KALOMO-CENTRAL-NOT-APPROVED-AND-APPROVED-PROJECTS.pdf,1,998.0,945.0,1314.0,974.0,0.6939
EDUCATION,2025-KALOMO-CENTRAL-NOT-APPROVED-AND-APPROVED-PROJECTS.pdf,1,1850.0,945.0,2004.0,977.0,0.99948
COMPLETION,2025-KALOMO-CENTRAL-NOT-APPROVED-AND-APPROVED-PROJECTS.pdf,1,2244.0,948.0,2418.0,980.0,0.99483
SIACHITEMA,2025-KALOMO-CENTRAL-NOT-APPROVED-AND-APPROVED-PROJECTS.pdf,1,2502.0,948.0,2662.0,980.0,0.98499
APPROVED,2025-KALOMO-CENTRAL-NOT-APPROVED-AND-APPROVED-PROJECTS.pdf,1,2721.0,951.0,2859.0,980.0,0.93259
HEALTH POST,2025-KALOMO-CENTRAL-NOT-APPROVED-AND-APPROVED-PROJECTS.pdf,1,499.0,978.0,673.0,1007.0,0.56943
NA,2025-KALOMO-CENTRAL-NOT-APPROVED-AND-APPROVED-PROJECTS.pdf,1,3000.0,987.0,3043.0,1015.0,0.99999
23,2025-KALOMO-CENTRAL-NOT-APPROVED-AND-APPROVED-PROJECTS.pdf,1,441.0,1011.0,473.0,1040.0,1.0
A STAFF HOUSE AND ABLUTION BLOCK,2025-KALOMO-CENTRAL-NOT-APPROVED-AND-APPROVED-PROJECTS.pdf,1,502.0,1014.0,985.0,1043.0,0.55037
COMPLETION OF A STAFF HOUSE AND ABLUTION BLOCK,2025-KALOMO-CENTRAL-NOT-APPROVED-AND-APPROVED-PROJECTS.pdf,1,998.0,1014.0,1692.0,1043.0,0.71963
EDUCATION,2025-KALOMO-CENTRAL-NOT-APPROVED-AND-APPROVED-PROJECTS.pdf,1,1850.0,1014.0,2004.0,1045.0,0.99975
COMPLETION,2025-KALOMO-CENTRAL-NOT-APPROVED-AND-APPROVED-PROJECTS.pdf,1,2244.0,1017.0,2415.0,1045.0,0.99981
SIACHITEMA,2025-KALOMO-CENTRAL-NOT-APPROVED-AND-APPROVED-PROJECTS.pdf,1,2502.0,1017.0,2662.0,1048.0,0.71124
APPROVED,2025-KALOMO-CENTRAL-NOT-APPROVED-AND-APPROVED-PROJECTS.pdf,1,2721.0,1019.0,2859.0,1048.0,0.99993
AT NAKABANGA,2025-KALOMO-CENTRAL-NOT-APPROVED-AND-APPROVED-PROJECTS.pdf,1,499.0,1044.0,706.0,1076.0,0.99954
NA,2025-KALOMO-CENTRAL-NOT-APPROVED-AND-APPROVED-PROJECTS.pdf,1,3003.0,1055.0,3043.0,1084.0,0.99866
24,2025-KALOMO-CENTRAL-NOT-APPROVED-AND-APPROVED-PROJECTS.pdf,1,441.0,1080.0,475.0,1108.0,1.0
COMPLETION OF TOILETS,2025-KALOMO-CENTRAL-NOT-APPROVED-AND-APPROVED-PROJECTS.pdf,1,998.0,1080.0,1314.0,1111.0,0.79232
TOILETS AT NAKABANGA CLINIC,2025-KALOMO-CENTRAL-NOT-APPROVED-AND-APPROVED-PROJECTS.pdf,1,499.0,1082.0,908.0,1111.0,0.65097
EDUCATION,2025-KALOMO-CENTRAL-NOT-APPROVED-AND-APPROVED-PROJECTS.pdf,1,1850.0,1082.0,1991.0,1111.0,0.99963
COMPLETION,2025-KALOMO-CENTRAL-NOT-APPROVED-AND-APPROVED-PROJECTS.pdf,1,2244.0,1082.0,2404.0,1111.0,0.92569
SIACHITEMA,2025-KALOMO-CENTRAL-NOT-APPROVED-AND-APPROVED-PROJECTS.pdf,1,2502.0,1085.0,2645.0,1114.0,0.99885
APPROVED,2025-KALOMO-CENTRAL-NOT-APPROVED-AND-APPROVED-PROJECTS.pdf,1,2721.0,1085.0,2845.0,1114.0,0.99962
NA,2025-KALOMO-CENTRAL-NOT-APPROVED-AND-APPROVED-PROJECTS.pdf,1,3000.0,1088.0,3043.0,1117.0,0.99995
NJEZYA PRIMARY SCHOOL,2025-KALOMO-CENTRAL-NOT-APPROVED-AND-APPROVED-PROJECTS.pdf,1,502.0,1115.0,832.0,1147.0,0.73149
CONSTRUCTION OF,2025-KALOMO-CENTRAL-NOT-APPROVED-AND-APPROVED-PROJECTS.pdf,1,1000.0,1115.0,1245.0,1147.0,0.51476
X3 CRB,2025-KALOMO-CENTRAL-NOT-APPROVED-AND-APPROVED-PROJECTS.pdf,1,1263.0,1115.0,1366.0,1147.0,0.98465
10,2025-KALOMO-CENTRAL-NOT-APPROVED-AND-APPROVED-PROJECTS.pdf,1,441.0,1118.0,475.0,1144.0,0.99976
EDUCATION,2025-KALOMO-CENTRAL-NOT-APPROVED-AND-APPROVED-PROJECTS.pdf,1,1850.0,1118.0,2004.0,1147.0,0.99998
CONSTRUCTION,2025-KALOMO-CENTRAL-NOT-APPROVED-AND-APPROVED-PROJECTS.pdf,1,2244.0,1118.0,2448.0,1149.0,0.99811
SIACHITEMA,2025-KALOMO-CENTRAL-NOT-APPROVED-AND-APPROVED-PROJECTS.pdf,1,2502.0,1121.0,2662.0,1149.0,0.58503
NOT APPROVED,2025-KALOMO-CENTRAL-NOT-APPROVED-AND-APPROVED-PROJECTS.pdf,1,2721.0,1121.0,2919.0,1149.0,0.89895
[NSUFFICIENT FUNDS,2025-KALOMO-CENTRAL-NOT-APPROVED-AND-APPROVED-PROJECTS.pdf,1,3000.0,1121.0,3267.0,1152.0,0.93383
LUBOMBO COMMUNITY,2025-KALOMO-CENTRAL-NOT-APPROVED-AND-APPROVED-PROJECTS.pdf,1,499.0,1151.0,796.0,1180.0,0.73214
BRIDGE,2025-KALOMO-CENTRAL-NOT-APPROVED-AND-APPROVED-PROJECTS.pdf,1,1000.0,1151.0,1100.0,1180.0,0.99999
INFRASTRUCTURE,2025-KALOMO-CENTRAL-NOT-APPROVED-AND-APPROVED-PROJECTS.pdf,1,1850.0,1154.0,2078.0,1182.0,0.79664
CONSTRUCTION,2025-KALOMO-CENTRAL-NOT-APPROVED-AND-APPROVED-PROJECTS.pdf,1,2244.0,1154.0,2448.0,1185.0,0.9998
NAMWIANGA,2025-KALOMO-CENTRAL-NOT-APPROVED-AND-APPROVED-PROJECTS.pdf,1,2502.0,1156.0,2670.0,1185.0,0.91313
NOT APPROVED,2025-KALOMO-CENTRAL-NOT-APPROVED-AND-APPROVED-PROJECTS.pdf,1,2721.0,1156.0,2917.0,1185.0,0.74018
INSUFFICIENT FUNDS,2025-KALOMO-CENTRAL-NOT-APPROVED-AND-APPROVED-PROJECTS.pdf,1,3000.0,1156.0,3267.0,1188.0,0.99479
BBELO PRIMARY SCHOOL,2025-KALOMO-CENTRAL-NOT-APPROVED-AND-APPROVED-PROJECTS.pdf,1,499.0,1184.0,818.0,1215.0,0.96248
CONSTRUCTION OF STAFF HOUSE X 2,2025-KALOMO-CENTRAL-NOT-APPROVED-AND-APPROVED-PROJECTS.pdf,1,998.0,1184.0,1456.0,1215.0,0.71919
EDUCATION,2025-KALOMO-CENTRAL-NOT-APPROVED-AND-APPROVED-PROJECTS.pdf,1,1850.0,1187.0,2002.0,1215.0,0.99997
CONSTRUCTION,2025-KALOMO-CENTRAL-NOT-APPROVED-AND-APPROVED-PROJECTS.pdf,1,2244.0,1187.0,2448.0,1218.0,0.998
NAMWIANGA,2025-KALOMO-CENTRAL-NOT-APPROVED-AND-APPROVED-PROJECTS.pdf,1,2502.0,1189.0,2670.0,1218.0,0.77627
NOT APPROVED,2025-KALOMO-CENTRAL-NOT-APPROVED-AND-APPROVED-PROJECTS.pdf,1,2721.0,1189.0,2917.0,1218.0,0.9921
INSUFFICIENT FUNDS,2025-KALOMO-CENTRAL-NOT-APPROVED-AND-APPROVED-PROJECTS.pdf,1,3000.0,1189.0,3267.0,1221.0,0.96523
MUKWELA PRI & SEC SCHOOL,2025-KALOMO-CENTRAL-NOT-APPROVED-AND-APPROVED-PROJECTS.pdf,1,502.0,1217.0,884.0,1248.0,0.7368
CONSTRUCTION OF A LABORATORY,2025-KALOMO-CENTRAL-NOT-APPROVED-AND-APPROVED-PROJECTS.pdf,1,1000.0,1217.0,1443.0,1248.0,0.96781
13,2025-KALOMO-CENTRAL-NOT-APPROVED-AND-APPROVED-PROJECTS.pdf,1,444.0,1219.0,473.0,1245.0,0.99995
EDUCATION,2025-KALOMO-CENTRAL-NOT-APPROVED-AND-APPROVED-PROJECTS.pdf,1,1850.0,1219.0,2004.0,1248.0,0.96916
CONSTRUCTION,2025-KALOMO-CENTRAL-NOT-APPROVED-AND-APPROVED-PROJECTS.pdf,1,2244.0,1222.0,2448.0,1251.0,0.97452
NAMWIANGA,2025-KALOMO-CENTRAL-NOT-APPROVED-AND-APPROVED-PROJECTS.pdf,1,2502.0,1222.0,2670.0,1251.0,0.99999
NOT APPROVED,2025-KALOMO-CENTRAL-NOT-APPROVED-AND-APPROVED-PROJECTS.pdf,1,2721.0,1222.0,2917.0,1254.0,0.99793
INSUFFICIENT FUNDS,2025-KALOMO-CENTRAL-NOT-APPROVED-AND-APPROVED-PROJECTS.pdf,1,3000.0,1225.0,3267.0,1256.0,0.64068
MUTALA BASIC SCHOOL,2025-KALOMO-CENTRAL-NOT-APPROVED-AND-APPROVED-PROJECTS.pdf,1,499.0,1252.0,802.0,1281.0,0.97965
CONSTRUCTION OF OF,2025-KALOMO-CENTRAL-NOT-APPROVED-AND-APPROVED-PROJECTS.pdf,1,1000.0,1252.0,1284.0,1281.0,0.7551
X4 CRB,2025-KALOMO-CENTRAL-NOT-APPROVED-AND-APPROVED-PROJECTS.pdf,1,1304.0,1252.0,1399.0,1281.0,0.85308
EDUCATION,2025-KALOMO-CENTRAL-NOT-APPROVED-AND-APPROVED-PROJECTS.pdf,1,1850.0,1252.0,2004.0,1284.0,0.99996
CONSTRUCTION,2025-KALOMO-CENTRAL-NOT-APPROVED-AND-APPROVED-PROJECTS.pdf,1,2244.0,1255.0,2448.0,1284.0,0.99866
NAMWIANGA,2025-KALOMO-CENTRAL-NOT-APPROVED-AND-APPROVED-PROJECTS.pdf,1,2502.0,1255.0,2670.0,1286.0,0.99953
NOT APPROVED,2025-KALOMO-CENTRAL-NOT-APPROVED-AND-APPROVED-PROJECTS.pdf,1,2721.0,1258.0,2917.0,1286.0,0.72657
INSUFFICIENT FUNDS,2025-KALOMO-CENTRAL-NOT-APPROVED-AND-APPROVED-PROJECTS.pdf,1,3000.0,1258.0,3267.0,1289.0,0.7779
14,2025-KALOMO-CENTRAL-NOT-APPROVED-AND-APPROVED-PROJECTS.pdf,1,448.0,1259.0,474.0,1277.0,0.96858
15,2025-KALOMO-CENTRAL-NOT-APPROVED-AND-APPROVED-PROJECTS.pdf,1,441.0,1285.0,475.0,1314.0,0.96012
SIABALUMB],2025-KALOMO-CENTRAL-NOT-APPROVED-AND-APPROVED-PROJECTS.pdf,1,499.0,1285.0,665.0,1314.0,0.60028
WATER & POWER SYSTEM,2025-KALOMO-CENTRAL-NOT-APPROVED-AND-APPROVED-PROJECTS.pdf,1,1000.0,1285.0,1325.0,1314.0,0.75299
SOLAR,2025-KALOMO-CENTRAL-NOT-APPROVED-AND-APPROVED-PROJECTS.pdf,1,1335.0,1285.0,1423.0,1314.0,0.99849
WATER SANITATION,2025-KALOMO-CENTRAL-NOT-APPROVED-AND-APPROVED-PROJECTS.pdf,1,1850.0,1288.0,2103.0,1317.0,0.95477
INSTALLATION,2025-KALOMO-CENTRAL-NOT-APPROVED-AND-APPROVED-PROJECTS.pdf,1,2244.0,1288.0,2437.0,1317.0,0.99797
NAMWIANGA,2025-KALOMO-CENTRAL-NOT-APPROVED-AND-APPROVED-PROJECTS.pdf,1,2502.0,1288.0,2670.0,1319.0,0.99981
NOT APPROVED,2025-KALOMO-CENTRAL-NOT-APPROVED-AND-APPROVED-PROJECTS.pdf,1,2721.0,1291.0,2917.0,1319.0,0.99971
INSUFFICIENT FUNDS,2025-KALOMO-CENTRAL-NOT-APPROVED-AND-APPROVED-PROJECTS.pdf,1,3000.0,1291.0,3267.0,1322.0,0.92241
WATER-BORNE TOILETS,2025-KALOMO-CENTRAL-NOT-APPROVED-AND-APPROVED-PROJECTS.pdf,1,1372.0,1315.0,1674.0,1351.0,0.63387
16,2025-KALOMO-CENTRAL-NOT-APPROVED-AND-APPROVED-PROJECTS.pdf,1,444.0,1318.0,475.0,1347.0,0.99987
NAMWIANGA PRI,2025-KALOMO-CENTRAL-NOT-APPROVED-AND-APPROVED-PROJECTS.pdf,1,499.0,1318.0,717.0,1347.0,0.94876
& SEC SCHOOL,2025-KALOMO-CENTRAL-NOT-APPROVED-AND-APPROVED-PROJECTS.pdf,1,724.0,1318.0,917.0,1347.0,0.65836
CONSTRUCTION OF,2025-KALOMO-CENTRAL-NOT-APPROVED-AND-APPROVED-PROJECTS.pdf,1,1000.0,1318.0,1240.0,1350.0,0.81015
X4 CRB,2025-KALOMO-CENTRAL-NOT-APPROVED-AND-APPROVED-PROJECTS.pdf,1,1258.0,1318.0,1360.0,1347.0,0.90326
EDUCATION,2025-KALOMO-CENTRAL-NOT-APPROVED-AND-APPROVED-PROJECTS.pdf,1,1850.0,1321.0,2002.0,1350.0,0.91862
CONSTRUCTION,2025-KALOMO-CENTRAL-NOT-APPROVED-AND-APPROVED-PROJECTS.pdf,1,2244.0,1321.0,2448.0,1352.0,0.94432
NAMWIANGA,2025-KALOMO-CENTRAL-NOT-APPROVED-AND-APPROVED-PROJECTS.pdf,1,2504.0,1324.0,2670.0,1352.0,0.99817
NOT APPROVED,2025-KALOMO-CENTRAL-NOT-APPROVED-AND-APPROVED-PROJECTS.pdf,1,2721.0,1324.0,2917.0,1355.0,0.95301
INSUFFICIENT FUNDS,2025-KALOMO-CENTRAL-NOT-APPROVED-AND-APPROVED-PROJECTS.pdf,1,3000.0,1324.0,3267.0,1355.0,0.46938
A STAFF HOUSE AT BBELO CLINIC,2025-KALOMO-CENTRAL-NOT-APPROVED-AND-APPROVED-PROJECTS.pdf,1,499.0,1351.0,917.0,1380.0,0.63936
COMPLETION OF A STAFF HOUSE,2025-KALOMO-CENTRAL-NOT-APPROVED-AND-APPROVED-PROJECTS.pdf,1,1000.0,1351.0,1402.0,1382.0,0.90048
HEALTH,2025-KALOMO-CENTRAL-NOT-APPROVED-AND-APPROVED-PROJECTS.pdf,1,1850.0,1351.0,1947.0,1380.0,0.99399
COMPLETION,2025-KALOMO-CENTRAL-NOT-APPROVED-AND-APPROVED-PROJECTS.pdf,1,2244.0,1354.0,2404.0,1382.0,0.99568
NAMWIANGA,2025-KALOMO-CENTRAL-NOT-APPROVED-AND-APPROVED-PROJECTS.pdf,1,2502.0,1354.0,2662.0,1382.0,0.7223
APPROVED,2025-KALOMO-CENTRAL-NOT-APPROVED-AND-APPROVED-PROJECTS.pdf,1,2718.0,1356.0,2845.0,1385.0,0.92292
NA,2025-KALOMO-CENTRAL-NOT-APPROVED-AND-APPROVED-PROJECTS.pdf,1,3000.0,1359.0,3040.0,1388.0,0.99998
A IX4 CLASSROOM BLOCK AT MUTALA,2025-KALOMO-CENTRAL-NOT-APPROVED-AND-APPROVED-PROJECTS.pdf,1,504.0,1384.0,982.0,1415.0,0.68019
COMPLETION OF IX4 CLASSROOM BLOCK,2025-KALOMO-CENTRAL-NOT-APPROVED-AND-APPROVED-PROJECTS.pdf,1,1000.0,1384.0,1511.0,1415.0,0.80392
EDUCATION,2025-KALOMO-CENTRAL-NOT-APPROVED-AND-APPROVED-PROJECTS.pdf,1,1850.0,1387.0,1991.0,1415.0,0.99985
COMPLETION,2025-KALOMO-CENTRAL-NOT-APPROVED-AND-APPROVED-PROJECTS.pdf,1,2244.0,1387.0,2404.0,1415.0,0.96117
NAMWIANGA,2025-KALOMO-CENTRAL-NOT-APPROVED-AND-APPROVED-PROJECTS.pdf,1,2502.0,1389.0,2662.0,1415.0,0.99997
APPROVED,2025-KALOMO-CENTRAL-NOT-APPROVED-AND-APPROVED-PROJECTS.pdf,1,2721.0,1389.0,2845.0,1418.0,0.99974
NA,2025-KALOMO-CENTRAL-NOT-APPROVED-AND-APPROVED-PROJECTS.pdf,1,3000.0,1428.0,3040.0,1454.0,0.99996
A IX3 LABORATORY AT MUKWELA,2025-KALOMO-CENTRAL-NOT-APPROVED-AND-APPROVED-PROJECTS.pdf,1,502.0,1452.0,930.0,1481.0,0.78629
COMPLETION OF (X3 LABORATORY,2025-KALOMO-CENTRAL-NOT-APPROVED-AND-APPROVED-PROJECTS.pdf,1,1000.0,1452.0,1437.0,1481.0,0.62281
EDUCATION,2025-KALOMO-CENTRAL-NOT-APPROVED-AND-APPROVED-PROJECTS.pdf,1,1850.0,1452.0,1991.0,1481.0,0.99972
COMPLETION,2025-KALOMO-CENTRAL-NOT-APPROVED-AND-APPROVED-PROJECTS.pdf,1,2244.0,1455.0,2404.0,1484.0,0.76666
NAMWIANGA,2025-KALOMO-CENTRAL-NOT-APPROVED-AND-APPROVED-PROJECTS.pdf,1,2502.0,1455.0,2662.0,1484.0,0.90905
APPROVED,2025-KALOMO-CENTRAL-NOT-APPROVED-AND-APPROVED-PROJECTS.pdf,1,2718.0,1458.0,2845.0,1486.0,0.99977
NA,2025-KALOMO-CENTRAL-NOT-APPROVED-AND-APPROVED-PROJECTS.pdf,1,3000.0,1461.0,3040.0,1489.0,0.99996
A STAFF HOUSE AT BBELO SCHOOL,2025-KALOMO-CENTRAL-NOT-APPROVED-AND-APPROVED-PROJECTS.pdf,1,504.0,1485.0,936.0,1517.0,0.68982
COMPLETION OF STAFF HOUSE,2025-KALOMO-CENTRAL-NOT-APPROVED-AND-APPROVED-PROJECTS.pdf,1,1000.0,1485.0,1380.0,1517.0,0.74727
EDUCATION,2025-KALOMO-CENTRAL-NOT-APPROVED-AND-APPROVED-PROJECTS.pdf,1,1850.0,1485.0,1991.0,1517.0,0.99943
COMPLETION,2025-KALOMO-CENTRAL-NOT-APPROVED-AND-APPROVED-PROJECTS.pdf,1,2244.0,1488.0,2404.0,1517.0,0.98859
NAMWIANGA,2025-KALOMO-CENTRAL-NOT-APPROVED-AND-APPROVED-PROJECTS.pdf,1,2502.0,1491.0,2662.0,1519.0,0.99999
APPROVED,2025-KALOMO-CENTRAL-NOT-APPROVED-AND-APPROVED-PROJECTS.pdf,1,2721.0,1491.0,2845.0,1519.0,0.97839
NA,2025-KALOMO-CENTRAL-NOT-APPROVED-AND-APPROVED-PROJECTS.pdf,1,3000.0,1504.0,3040.0,1533.0,1.0
SIAKABANZE COMMUNITY SCH,2025-KALOMO-CENTRAL-NOT-APPROVED-AND-APPROVED-PROJECTS.pdf,1,502.0,1529.0,892.0,1560.0,0.55435
WATER(BOREHOLE),2025-KALOMO-CENTRAL-NOT-APPROVED-AND-APPROVED-PROJECTS.pdf,1,1000.0,1529.0,1248.0,1560.0,0.99687
WATER SANITATION,2025-KALOMO-CENTRAL-NOT-APPROVED-AND-APPROVED-PROJECTS.pdf,1,1850.0,1535.0,2103.0,1563.0,0.75918
DRILLING,2025-KALOMO-CENTRAL-NOT-APPROVED-AND-APPROVED-PROJECTS.pdf,1,2247.0,1535.0,2371.0,1563.0,0.99992
CHAWILA,2025-KALOMO-CENTRAL-NOT-APPROVED-AND-APPROVED-PROJECTS.pdf,1,2502.0,1535.0,2626.0,1566.0,0.86919
NOT APPROVED,2025-KALOMO-CENTRAL-NOT-APPROVED-AND-APPROVED-PROJECTS.pdf,1,2721.0,1537.0,2917.0,1566.0,0.79354
INSUFFICIENT FUNDS,2025-KALOMO-CENTRAL-NOT-APPROVED-AND-APPROVED-PROJECTS.pdf,1,3000.0,1537.0,3267.0,1569.0,0.654
CHAWILA COMMUNITY,2025-KALOMO-CENTRAL-NOT-APPROVED-AND-APPROVED-PROJECTS.pdf,1,502.0,1565.0,791.0,1593.0,0.78901
CONSTRUCTION OF IX 2 CRB,2025-KALOMO-CENTRAL-NOT-APPROVED-AND-APPROVED-PROJECTS.pdf,1,1000.0,1565.0,1352.0,1596.0,0.76046
18,2025-KALOMO-CENTRAL-NOT-APPROVED-AND-APPROVED-PROJECTS.pdf,1,450.0,1567.0,478.0,1593.0,0.91498
EDUCATION,2025-KALOMO-CENTRAL-NOT-APPROVED-AND-APPROVED-PROJECTS.pdf,1,1850.0,1567.0,2002.0,1596.0,0.86957
CONSTRUCTION,2025-KALOMO-CENTRAL-NOT-APPROVED-AND-APPROVED-PROJECTS.pdf,1,2244.0,1567.0,2448.0,1599.0,0.99963
CHAWILA,2025-KALOMO-CENTRAL-NOT-APPROVED-AND-APPROVED-PROJECTS.pdf,1,2502.0,1570.0,2624.0,1599.0,0.99995
NOT APPROVED,2025-KALOMO-CENTRAL-NOT-APPROVED-AND-APPROVED-PROJECTS.pdf,1,2718.0,1570.0,2917.0,1602.0,0.97963
INSUFFICIENT FUNDS,2025-KALOMO-CENTRAL-NOT-APPROVED-AND-APPROVED-PROJECTS.pdf,1,3000.0,1573.0,3267.0,1602.0,0.74705
MBOLE PRIMARY SCHOOL,2025-KALOMO-CENTRAL-NOT-APPROVED-AND-APPROVED-PROJECTS.pdf,1,502.0,1598.0,826.0,1629.0,0.76041
CONSTRUCTION OF,2025-KALOMO-CENTRAL-NOT-APPROVED-AND-APPROVED-PROJECTS.pdf,1,1000.0,1598.0,1240.0,1629.0,0.51837
X3 CRB,2025-KALOMO-CENTRAL-NOT-APPROVED-AND-APPROVED-PROJECTS.pdf,1,1261.0,1600.0,1360.0,1629.0,0.60712
EDUCATION,2025-KALOMO-CENTRAL-NOT-APPROVED-AND-APPROVED-PROJECTS.pdf,1,1850.0,1600.0,2002.0,1632.0,0.99989
CONSTRUCTION,2025-KALOMO-CENTRAL-NOT-APPROVED-AND-APPROVED-PROJECTS.pdf,1,2244.0,1603.0,2448.0,1632.0,0.86453
CHAWILA,2025-KALOMO-CENTRAL-NOT-APPROVED-AND-APPROVED-PROJECTS.pdf,1,2502.0,1603.0,2626.0,1632.0,0.99991
NOT APPROVED,2025-KALOMO-CENTRAL-NOT-APPROVED-AND-APPROVED-PROJECTS.pdf,1,2718.0,1606.0,2917.0,1634.0,0.90792
INSUFFICIENT FUNDS,2025-KALOMO-CENTRAL-NOT-APPROVED-AND-APPROVED-PROJECTS.pdf,1,2998.0,1606.0,3267.0,1637.0,0.62368
STKWEYA HEALTH POST,2025-KALOMO-CENTRAL-NOT-APPROVED-AND-APPROVED-PROJECTS.pdf,1,502.0,1633.0,799.0,1662.0,0.84361
CONSTRUCTION OF,2025-KALOMO-CENTRAL-NOT-APPROVED-AND-APPROVED-PROJECTS.pdf,1,1000.0,1633.0,1240.0,1662.0,0.85385
MOTHER'S SHALTER,2025-KALOMO-CENTRAL-NOT-APPROVED-AND-APPROVED-PROJECTS.pdf,1,1266.0,1633.0,1514.0,1665.0,0.81058
HEALTH,2025-KALOMO-CENTRAL-NOT-APPROVED-AND-APPROVED-PROJECTS.pdf,1,1850.0,1636.0,1958.0,1665.0,0.58774
CONSTRUCTION,2025-KALOMO-CENTRAL-NOT-APPROVED-AND-APPROVED-PROJECTS.pdf,1,2244.0,1636.0,2448.0,1667.0,0.99883
CHAWILA,2025-KALOMO-CENTRAL-NOT-APPROVED-AND-APPROVED-PROJECTS.pdf,1,2502.0,1639.0,2626.0,1667.0,0.99996
NOT APPROVED,2025-KALOMO-CENTRAL-NOT-APPROVED-AND-APPROVED-PROJECTS.pdf,1,2718.0,1639.0,2917.0,1670.0,0.71738
INSUFFICIENT FUNDS,2025-KALOMO-CENTRAL-NOT-APPROVED-AND-APPROVED-PROJECTS.pdf,1,2998.0,1641.0,3265.0,1670.0,0.73411
A IX3 CLASSROOM BLOCK AT,2025-KALOMO-CENTRAL-NOT-APPROVED-AND-APPROVED-PROJECTS.pdf,1,507.0,1666.0,870.0,1695.0,0.79357
COMPLETION OF 1X3 CLASSROOM BLOCK,2025-KALOMO-CENTRAL-NOT-APPROVED-AND-APPROVED-PROJECTS.pdf,1,1000.0,1666.0,1511.0,1697.0,0.75444
EDUCATION,2025-KALOMO-CENTRAL-NOT-APPROVED-AND-APPROVED-PROJECTS.pdf,1,1850.0,1666.0,1991.0,1695.0,0.99985
COMPLETION,2025-KALOMO-CENTRAL-NOT-APPROVED-AND-APPROVED-PROJECTS.pdf,1,2244.0,1669.0,2404.0,1697.0,0.89774
CHAWILA,2025-KALOMO-CENTRAL-NOT-APPROVED-AND-APPROVED-PROJECTS.pdf,1,2502.0,1669.0,2613.0,1697.0,0.98955
APPROVED,2025-KALOMO-CENTRAL-NOT-APPROVED-AND-APPROVED-PROJECTS.pdf,1,2718.0,1672.0,2845.0,1700.0,0.99403
MUNAKANYFMBA PRIMARY SCHOOL,2025-KALOMO-CENTRAL-NOT-APPROVED-AND-APPROVED-PROJECTS.pdf,1,502.0,1699.0,960.0,1728.0,0.49043
NA,2025-KALOMO-CENTRAL-NOT-APPROVED-AND-APPROVED-PROJECTS.pdf,1,3000.0,1704.0,3040.0,1733.0,0.99999
SIMUTELO WEST,2025-KALOMO-CENTRAL-NOT-APPROVED-AND-APPROVED-PROJECTS.pdf,1,502.0,1732.0,711.0,1760.0,0.91247
WATER,2025-KALOMO-CENTRAL-NOT-APPROVED-AND-APPROVED-PROJECTS.pdf,1,1000.0,1732.0,1095.0,1760.0,0.90449
HAND PUMP,2025-KALOMO-CENTRAL-NOT-APPROVED-AND-APPROVED-PROJECTS.pdf,1,1110.0,1732.0,1267.0,1760.0,0.98346
WATER SANITATION,2025-KALOMO-CENTRAL-NOT-APPROVED-AND-APPROVED-PROJECTS.pdf,1,1850.0,1735.0,2103.0,1763.0,0.78259
DRILLING,2025-KALOMO-CENTRAL-NOT-APPROVED-AND-APPROVED-PROJECTS.pdf,1,2244.0,1735.0,2371.0,1763.0,0.89102
KALONDA,2025-KALOMO-CENTRAL-NOT-APPROVED-AND-APPROVED-PROJECTS.pdf,1,2499.0,1737.0,2629.0,1766.0,0.99991
NOT APPROVED,2025-KALOMO-CENTRAL-NOT-APPROVED-AND-APPROVED-PROJECTS.pdf,1,2718.0,1737.0,2917.0,1766.0,0.99882
INSUFFICIENT FUNDS,2025-KALOMO-CENTRAL-NOT-APPROVED-AND-APPROVED-PROJECTS.pdf,1,2998.0,1737.0,3265.0,1769.0,0.97748
8,2025-KALOMO-CENTRAL-NOT-APPROVED-AND-APPROVED-PROJECTS.pdf,1,236.0,1738.0,322.0,1952.0,0.55167
SIAMPAYUMA COMMUNITY,2025-KALOMO-CENTRAL-NOT-APPROVED-AND-APPROVED-PROJECTS.pdf,1,502.0,1765.0,843.0,1793.0,0.8984
CONSTRUCTION OF A BRIDGE,2025-KALOMO-CENTRAL-NOT-APPROVED-AND-APPROVED-PROJECTS.pdf,1,1000.0,1765.0,1366.0,1796.0,0.76137
60 METERS),2025-KALOMO-CENTRAL-NOT-APPROVED-AND-APPROVED-PROJECTS.pdf,1,1378.0,1767.0,1528.0,1796.0,0.99879
INFRA STRUCTURE,2025-KALOMO-CENTRAL-NOT-APPROVED-AND-APPROVED-PROJECTS.pdf,1,1850.0,1767.0,2078.0,1799.0,0.5382
CONSTRUCTION,2025-KALOMO-CENTRAL-NOT-APPROVED-AND-APPROVED-PROJECTS.pdf,1,2244.0,1767.0,2448.0,1799.0,0.90319
KALONDA,2025-KALOMO-CENTRAL-NOT-APPROVED-AND-APPROVED-PROJECTS.pdf,1,2502.0,1770.0,2629.0,1799.0,0.99995
NOT APPROVED,2025-KALOMO-CENTRAL-NOT-APPROVED-AND-APPROVED-PROJECTS.pdf,1,2718.0,1770.0,2917.0,1802.0,0.99961
INSUFFICIENT FUNDS,2025-KALOMO-CENTRAL-NOT-APPROVED-AND-APPROVED-PROJECTS.pdf,1,2998.0,1773.0,3265.0,1804.0,0.78152
NAMABONDO COMMUNITY SCHOOL,2025-KALOMO-CENTRAL-NOT-APPROVED-AND-APPROVED-PROJECTS.pdf,1,501.0,1796.0,950.0,1832.0,0.842
DESKS,2025-KALOMO-CENTRAL-NOT-APPROVED-AND-APPROVED-PROJECTS.pdf,1,1000.0,1798.0,1086.0,1829.0,0.99933
EDUCATION,2025-KALOMO-CENTRAL-NOT-APPROVED-AND-APPROVED-PROJECTS.pdf,1,1850.0,1800.0,2002.0,1832.0,0.99994
FABRICATION,2025-KALOMO-CENTRAL-NOT-APPROVED-AND-APPROVED-PROJECTS.pdf,1,2244.0,1803.0,2421.0,1832.0,0.82539
KALONDA,2025-KALOMO-CENTRAL-NOT-APPROVED-AND-APPROVED-PROJECTS.pdf,1,2502.0,1803.0,2629.0,1834.0,0.99998
NOT APPROVED,2025-KALOMO-CENTRAL-NOT-APPROVED-AND-APPROVED-PROJECTS.pdf,1,2718.0,1806.0,2917.0,1834.0,0.99391
INSUFFICIENT FUNDS,2025-KALOMO-CENTRAL-NOT-APPROVED-AND-APPROVED-PROJECTS.pdf,1,2998.0,1806.0,3265.0,1837.0,0.78429
SUBMISSIVE PUMP,2025-KALOMO-CENTRAL-NOT-APPROVED-AND-APPROVED-PROJECTS.pdf,1,1000.0,1830.0,1232.0,1862.0,0.99947
MAZAMBANI COMMUNITY,2025-KALOMO-CENTRAL-NOT-APPROVED-AND-APPROVED-PROJECTS.pdf,1,504.0,1833.0,832.0,1862.0,0.68278
WATER SANITATION,2025-KALOMO-CENTRAL-NOT-APPROVED-AND-APPROVED-PROJECTS.pdf,1,1850.0,1836.0,2103.0,1865.0,0.97791
[NSTALLATION,2025-KALOMO-CENTRAL-NOT-APPROVED-AND-APPROVED-PROJECTS.pdf,1,2244.0,1836.0,2434.0,1867.0,0.9888
KALONDA,2025-KALOMO-CENTRAL-NOT-APPROVED-AND-APPROVED-PROJECTS.pdf,1,2502.0,1836.0,2629.0,1867.0,0.99997
NOT APPROVED,2025-KALOMO-CENTRAL-NOT-APPROVED-AND-APPROVED-PROJECTS.pdf,1,2718.0,1839.0,2917.0,1870.0,0.98845
INSUFFICIENT FUNDS,2025-KALOMO-CENTRAL-NOT-APPROVED-AND-APPROVED-PROJECTS.pdf,1,3000.0,1841.0,3265.0,1870.0,0.80958
MUNANKUMBA VILLAGE,2025-KALOMO-CENTRAL-NOT-APPROVED-AND-APPROVED-PROJECTS.pdf,1,502.0,1866.0,812.0,1895.0,0.99952
DRILLNNG OF BOREHOLE,2025-KALOMO-CENTRAL-NOT-APPROVED-AND-APPROVED-PROJECTS.pdf,1,1000.0,1866.0,1306.0,1897.0,0.62729
WATER SANITATION,2025-KALOMO-CENTRAL-NOT-APPROVED-AND-APPROVED-PROJECTS.pdf,1,1850.0,1869.0,2103.0,1900.0,0.76691
DRILLING,2025-KALOMO-CENTRAL-NOT-APPROVED-AND-APPROVED-PROJECTS.pdf,1,2247.0,1872.0,2371.0,1900.0,0.67907
KALONDA,2025-KALOMO-CENTRAL-NOT-APPROVED-AND-APPROVED-PROJECTS.pdf,1,2499.0,1872.0,2629.0,1903.0,0.99986
NOT APPROVED,2025-KALOMO-CENTRAL-NOT-APPROVED-AND-APPROVED-PROJECTS.pdf,1,2718.0,1872.0,2917.0,1903.0,0.81456
INSUFFICIENT FUNDS,2025-KALOMO-CENTRAL-NOT-APPROVED-AND-APPROVED-PROJECTS.pdf,1,2998.0,1874.0,3265.0,1906.0,0.85481
NANTALE,2025-KALOMO-CENTRAL-NOT-APPROVED-AND-APPROVED-PROJECTS.pdf,1,502.0,1899.0,629.0,1928.0,0.99999
DRILLING OF BOREHOLE,2025-KALOMO-CENTRAL-NOT-APPROVED-AND-APPROVED-PROJECTS.pdf,1,1003.0,1899.0,1306.0,1930.0,0.9889
WATER SANITATION,2025-KALOMO-CENTRAL-NOT-APPROVED-AND-APPROVED-PROJECTS.pdf,1,1852.0,1902.0,2103.0,1933.0,0.81128
DRILLING,2025-KALOMO-CENTRAL-NOT-APPROVED-AND-APPROVED-PROJECTS.pdf,1,2247.0,1904.0,2371.0,1933.0,0.7634
KALONDA,2025-KALOMO-CENTRAL-NOT-APPROVED-AND-APPROVED-PROJECTS.pdf,1,2502.0,1904.0,2629.0,1936.0,0.99998
NOT APPROVED,2025-KALOMO-CENTRAL-NOT-APPROVED-AND-APPROVED-PROJECTS.pdf,1,2718.0,1907.0,2917.0,1936.0,0.99033
INSUFFICIENT FUNDS,2025-KALOMO-CENTRAL-NOT-APPROVED-AND-APPROVED-PROJECTS.pdf,1,2998.0,1907.0,3265.0,1939.0,0.71321
TUYA KUMBELE HOLD ON,2025-KALOMO-CENTRAL-NOT-APPROVED-AND-APPROVED-PROJECTS.pdf,1,504.0,1932.0,829.0,1963.0,0.80832
DRILLING OF BOREHOLE,2025-KALOMO-CENTRAL-NOT-APPROVED-AND-APPROVED-PROJECTS.pdf,1,1003.0,1935.0,1306.0,1966.0,0.98207
KALONDA,2025-KALOMO-CENTRAL-NOT-APPROVED-AND-APPROVED-PROJECTS.pdf,1,2498.0,1936.0,2631.0,1973.0,0.9996
WATER SANITATION,2025-KALOMO-CENTRAL-NOT-APPROVED-AND-APPROVED-PROJECTS.pdf,1,1850.0,1937.0,2103.0,1969.0,0.99864
DRILLING,2025-KALOMO-CENTRAL-NOT-APPROVED-AND-APPROVED-PROJECTS.pdf,1,2244.0,1940.0,2371.0,1969.0,0.99998
F,2025-KALOMO-CENTRAL-NOT-APPROVED-AND-APPROVED-PROJECTS.pdf,1,224.0,1942.0,323.0,2038.0,0.48762
INOT APPROVED,2025-KALOMO-CENTRAL-NOT-APPROVED-AND-APPROVED-PROJECTS.pdf,1,2715.0,1943.0,2914.0,1971.0,0.94764
INSUFFICIENT FUNDS,2025-KALOMO-CENTRAL-NOT-APPROVED-AND-APPROVED-PROJECTS.pdf,1,2998.0,1943.0,3265.0,1974.0,0.97567
A IX2 CLASSROOM BLOCK AT,2025-KALOMO-CENTRAL-NOT-APPROVED-AND-APPROVED-PROJECTS.pdf,1,507.0,1967.0,870.0,1996.0,0.79145
COMPLETION OF IX? CLASSROOM BLOCK,2025-KALOMO-CENTRAL-NOT-APPROVED-AND-APPROVED-PROJECTS.pdf,1,1000.0,1967.0,1511.0,1999.0,0.70217
EDUCATION,2025-KALOMO-CENTRAL-NOT-APPROVED-AND-APPROVED-PROJECTS.pdf,1,1850.0,1970.0,1991.0,1999.0,0.99972
COMPLETION,2025-KALOMO-CENTRAL-NOT-APPROVED-AND-APPROVED-PROJECTS.pdf,1,2244.0,1970.0,2404.0,1999.0,0.99019
KALONDA,2025-KALOMO-CENTRAL-NOT-APPROVED-AND-APPROVED-PROJECTS.pdf,1,2499.0,1973.0,2618.0,2002.0,0.958
APPROVED,2025-KALOMO-CENTRAL-NOT-APPROVED-AND-APPROVED-PROJECTS.pdf,1,2718.0,1973.0,2843.0,2002.0,0.99978
SIAMPAYUMA,2025-KALOMO-CENTRAL-NOT-APPROVED-AND-APPROVED-PROJECTS.pdf,1,502.0,1998.0,678.0,2029.0,0.98948
NA,2025-KALOMO-CENTRAL-NOT-APPROVED-AND-APPROVED-PROJECTS.pdf,1,2998.22,2011.21,3042.78,2041.79,0.99997
A MOTHER'S SHELTER AT NANTALE,2025-KALOMO-CENTRAL-NOT-APPROVED-AND-APPROVED-PROJECTS.pdf,1,507.0,2036.0,941.0,2065.0,0.60638
COMPLETION OF MOTHER'S SHELTER,2025-KALOMO-CENTRAL-NOT-APPROVED-AND-APPROVED-PROJECTS.pdf,1,1000.0,2036.0,1456.0,2067.0,0.99228
HEALTH,2025-KALOMO-CENTRAL-NOT-APPROVED-AND-APPROVED-PROJECTS.pdf,1,1850.0,2039.0,1944.0,2067.0,0.99961
COMPLETION,2025-KALOMO-CENTRAL-NOT-APPROVED-AND-APPROVED-PROJECTS.pdf,1,2244.0,2039.0,2402.0,2067.0,0.99407
KALONDA,2025-KALOMO-CENTRAL-NOT-APPROVED-AND-APPROVED-PROJECTS.pdf,1,2499.0,2041.0,2618.0,2070.0,0.961
APPROVED,2025-KALOMO-CENTRAL-NOT-APPROVED-AND-APPROVED-PROJECTS.pdf,1,2718.0,2044.0,2843.0,2073.0,0.9985
0,2025-KALOMO-CENTRAL-NOT-APPROVED-AND-APPROVED-PROJECTS.pdf,1,148.0,2072.0,177.0,2150.0,0.17531
NA,2025-KALOMO-CENTRAL-NOT-APPROVED-AND-APPROVED-PROJECTS.pdf,1,3000.0,2080.0,3040.0,2108.0,0.99999
TOILETS AT NANTALE PRIMARY,2025-KALOMO-CENTRAL-NOT-APPROVED-AND-APPROVED-PROJECTS.pdf,1,504.0,2104.0,900.0,2133.0,0.99725
Construction of Toilets,2025-KALOMO-CENTRAL-NOT-APPROVED-AND-APPROVED-PROJECTS.pdf,1,1003.0,2104.0,1243.0,2133.0,0.97012
EDUCATION,2025-KALOMO-CENTRAL-NOT-APPROVED-AND-APPROVED-PROJECTS.pdf,1,1850.0,2107.0,1991.0,2136.0,0.99961
CONSTRUCTION,2025-KALOMO-CENTRAL-NOT-APPROVED-AND-APPROVED-PROJECTS.pdf,1,2244.0,2110.0,2434.0,2139.0,0.87977
KALONDA,2025-KALOMO-CENTRAL-NOT-APPROVED-AND-APPROVED-PROJECTS.pdf,1,2502.0,2110.0,2618.0,2139.0,0.99968
APPROVED,2025-KALOMO-CENTRAL-NOT-APPROVED-AND-APPROVED-PROJECTS.pdf,1,2718.0,2113.0,2843.0,2141.0,0.99962
SCHOOL,2025-KALOMO-CENTRAL-NOT-APPROVED-AND-APPROVED-PROJECTS.pdf,1,502.0,2137.0,612.0,2166.0,0.99945
NA,2025-KALOMO-CENTRAL-NOT-APPROVED-AND-APPROVED-PROJECTS.pdf,1,2997.0,2147.0,3041.0,2183.0,0.9999
A STAFF HOUSE AT TARA CLINIC,2025-KALOMO-CENTRAL-NOT-APPROVED-AND-APPROVED-PROJECTS.pdf,1,507.0,2170.0,865.0,2199.0,0.98377
CONSTRUCTION OF A STAFF HOUSE,2025-KALOMO-CENTRAL-NOT-APPROVED-AND-APPROVED-PROJECTS.pdf,1,1003.0,2170.0,1410.0,2202.0,0.66052
3,2025-KALOMO-CENTRAL-NOT-APPROVED-AND-APPROVED-PROJECTS.pdf,1,464.0,2174.0,480.0,2198.0,1.0
HEALTH,2025-KALOMO-CENTRAL-NOT-APPROVED-AND-APPROVED-PROJECTS.pdf,1,1850.0,2176.0,1944.0,2204.0,0.99823
CONSTRUCTION,2025-KALOMO-CENTRAL-NOT-APPROVED-AND-APPROVED-PROJECTS.pdf,1,2244.0,2176.0,2434.0,2207.0,0.84041
M,2025-KALOMO-CENTRAL-NOT-APPROVED-AND-APPROVED-PROJECTS.pdf,1,2997.0,2177.0,3038.0,2219.0,0.54044
KALONDA,2025-KALOMO-CENTRAL-NOT-APPROVED-AND-APPROVED-PROJECTS.pdf,1,2502.0,2178.0,2618.0,2207.0,0.99989
APPROVED,2025-KALOMO-CENTRAL-NOT-APPROVED-AND-APPROVED-PROJECTS.pdf,1,2718.0,2178.0,2843.0,2207.0,0.99889
TOILETS AT NANTALE CLINIC,2025-KALOMO-CENTRAL-NOT-APPROVED-AND-APPROVED-PROJECTS.pdf,1,504.0,2206.0,829.0,2234.0,0.98463
Construction of Toilets,2025-KALOMO-CENTRAL-NOT-APPROVED-AND-APPROVED-PROJECTS.pdf,1,1006.0,2209.0,1243.0,2234.0,0.9963
HEALTH,2025-KALOMO-CENTRAL-NOT-APPROVED-AND-APPROVED-PROJECTS.pdf,1,1850.0,2209.0,1947.0,2237.0,0.99549
CONSTRUCTION,2025-KALOMO-CENTRAL-NOT-APPROVED-AND-APPROVED-PROJECTS.pdf,1,2244.0,2211.0,2434.0,2240.0,0.998
KALONDA,2025-KALOMO-CENTRAL-NOT-APPROVED-AND-APPROVED-PROJECTS.pdf,1,2499.0,2211.0,2618.0,2240.0,0.99992
44,2025-KALOMO-CENTRAL-NOT-APPROVED-AND-APPROVED-PROJECTS.pdf,1,453.0,2212.0,483.0,2231.0,1.0
APPROVED,2025-KALOMO-CENTRAL-NOT-APPROVED-AND-APPROVED-PROJECTS.pdf,1,2718.0,2214.0,2843.0,2243.0,0.99988
NA,2025-KALOMO-CENTRAL-NOT-APPROVED-AND-APPROVED-PROJECTS.pdf,1,2998.0,2217.0,3035.0,2243.0,0.61952
A 1X2 CLASSROOM BLOCK AT MUNYENYE,2025-KALOMO-CENTRAL-NOT-APPROVED-AND-APPROVED-PROJECTS.pdf,2,485.0,173.0,958.0,202.0,0.77764
CONSTRUCTION OF A 1X2 CLASSROOM BLOCK,2025-KALOMO-CENTRAL-NOT-APPROVED-AND-APPROVED-PROJECTS.pdf,2,989.0,173.0,1519.0,204.0,0.73773
45,2025-KALOMO-CENTRAL-NOT-APPROVED-AND-APPROVED-PROJECTS.pdf,2,430.0,176.0,465.0,202.0,1.0
EDUCATION,2025-KALOMO-CENTRAL-NOT-APPROVED-AND-APPROVED-PROJECTS.pdf,2,1844.0,176.0,1991.0,204.0,0.82993
CONSTRUCTION,2025-KALOMO-CENTRAL-NOT-APPROVED-AND-APPROVED-PROJECTS.pdf,2,2241.0,178.0,2434.0,207.0,0.81254
KALONDA,2025-KALOMO-CENTRAL-NOT-APPROVED-AND-APPROVED-PROJECTS.pdf,2,2499.0,181.0,2618.0,210.0,0.99983
APPROVED,2025-KALOMO-CENTRAL-NOT-APPROVED-AND-APPROVED-PROJECTS.pdf,2,2721.0,181.0,2845.0,210.0,0.98999
PRIMARY SCHOOL,2025-KALOMO-CENTRAL-NOT-APPROVED-AND-APPROVED-PROJECTS.pdf,2,484.0,199.0,702.0,237.0,0.33847
NA,2025-KALOMO-CENTRAL-NOT-APPROVED-AND-APPROVED-PROJECTS.pdf,2,3003.0,211.0,3040.0,237.0,0.9998
28,2025-KALOMO-CENTRAL-NOT-APPROVED-AND-APPROVED-PROJECTS.pdf,2,430.0,233.0,465.0,262.0,0.99996
MATONDO COMMUNITY SCHOOL,2025-KALOMO-CENTRAL-NOT-APPROVED-AND-APPROVED-PROJECTS.pdf,2,491.0,233.0,900.0,262.0,0.63015
CONSTRUCTION,2025-KALOMO-CENTRAL-NOT-APPROVED-AND-APPROVED-PROJECTS.pdf,2,989.0,233.0,1193.0,262.0,0.9996
X3 CRB,2025-KALOMO-CENTRAL-NOT-APPROVED-AND-APPROVED-PROJECTS.pdf,2,1214.0,233.0,1314.0,262.0,0.705
EDUCATION,2025-KALOMO-CENTRAL-NOT-APPROVED-AND-APPROVED-PROJECTS.pdf,2,1844.0,236.0,2002.0,265.0,0.91665
CONSTRUCTION,2025-KALOMO-CENTRAL-NOT-APPROVED-AND-APPROVED-PROJECTS.pdf,2,2244.0,239.0,2445.0,267.0,0.98758
CHILESHA,2025-KALOMO-CENTRAL-NOT-APPROVED-AND-APPROVED-PROJECTS.pdf,2,2499.0,239.0,2632.0,270.0,0.99996
NOT APPROVED,2025-KALOMO-CENTRAL-NOT-APPROVED-AND-APPROVED-PROJECTS.pdf,2,2721.0,239.0,2919.0,270.0,0.99824
INSUFFICIENT FUNDS,2025-KALOMO-CENTRAL-NOT-APPROVED-AND-APPROVED-PROJECTS.pdf,2,3000.0,244.0,3229.0,273.0,0.99383
29,2025-KALOMO-CENTRAL-NOT-APPROVED-AND-APPROVED-PROJECTS.pdf,2,430.0,266.0,465.0,295.0,1.0
BOWWOOD COMMUNITY SCHOOL,2025-KALOMO-CENTRAL-NOT-APPROVED-AND-APPROVED-PROJECTS.pdf,2,488.0,266.0,908.0,295.0,0.99708
CONSTRUCTION OF 3 STAFF HOUSE & TOILETS,2025-KALOMO-CENTRAL-NOT-APPROVED-AND-APPROVED-PROJECTS.pdf,2,989.0,266.0,1560.0,297.0,0.94284
EDUCATION,2025-KALOMO-CENTRAL-NOT-APPROVED-AND-APPROVED-PROJECTS.pdf,2,1844.0,269.0,2002.0,300.0,0.86997
CONSTRUCTION,2025-KALOMO-CENTRAL-NOT-APPROVED-AND-APPROVED-PROJECTS.pdf,2,2241.0,271.0,2445.0,303.0,0.90741
CHILESHA,2025-KALOMO-CENTRAL-NOT-APPROVED-AND-APPROVED-PROJECTS.pdf,2,2502.0,274.0,2629.0,303.0,0.99949
NOT APPROVED,2025-KALOMO-CENTRAL-NOT-APPROVED-AND-APPROVED-PROJECTS.pdf,2,2718.0,274.0,2919.0,303.0,0.91925
INSUFFICIENT FUNDS,2025-KALOMO-CENTRAL-NOT-APPROVED-AND-APPROVED-PROJECTS.pdf,2,3000.0,277.0,3229.0,306.0,0.97142
30,2025-KALOMO-CENTRAL-NOT-APPROVED-AND-APPROVED-PROJECTS.pdf,2,430.0,299.0,465.0,328.0,0.99995
MUUMBA,2025-KALOMO-CENTRAL-NOT-APPROVED-AND-APPROVED-PROJECTS.pdf,2,491.0,302.0,610.0,330.0,0.96444
PRIMARY SCHOOL,2025-KALOMO-CENTRAL-NOT-APPROVED-AND-APPROVED-PROJECTS.pdf,2,619.0,302.0,851.0,330.0,0.79072
CONSTRUCTION OF 4 STAFF HOUSE,2025-KALOMO-CENTRAL-NOT-APPROVED-AND-APPROVED-PROJECTS.pdf,2,989.0,302.0,1429.0,333.0,0.68834
EDUCATION,2025-KALOMO-CENTRAL-NOT-APPROVED-AND-APPROVED-PROJECTS.pdf,2,1847.0,304.0,2002.0,333.0,0.99986
CONSTRUCTION,2025-KALOMO-CENTRAL-NOT-APPROVED-AND-APPROVED-PROJECTS.pdf,2,2244.0,304.0,2445.0,336.0,0.9997
CHILESHA,2025-KALOMO-CENTRAL-NOT-APPROVED-AND-APPROVED-PROJECTS.pdf,2,2499.0,307.0,2629.0,336.0,0.99997
NO APPROVED,2025-KALOMO-CENTRAL-NOT-APPROVED-AND-APPROVED-PROJECTS.pdf,2,2718.0,307.0,2919.0,339.0,0.56736
INSUFFICIENT FUNDS,2025-KALOMO-CENTRAL-NOT-APPROVED-AND-APPROVED-PROJECTS.pdf,2,3000.0,313.0,3229.0,341.0,0.73887
31,2025-KALOMO-CENTRAL-NOT-APPROVED-AND-APPROVED-PROJECTS.pdf,2,430.0,332.0,462.0,363.0,0.99999
A STAFF HOUSE AT KANSUMO,2025-KALOMO-CENTRAL-NOT-APPROVED-AND-APPROVED-PROJECTS.pdf,2,491.0,332.0,829.0,363.0,0.81516
COMPLETION OF A STAFF KOUSE,2025-KALOMO-CENTRAL-NOT-APPROVED-AND-APPROVED-PROJECTS.pdf,2,989.0,332.0,1369.0,363.0,0.63711
EDUCATION,2025-KALOMO-CENTRAL-NOT-APPROVED-AND-APPROVED-PROJECTS.pdf,2,1844.0,337.0,1988.0,366.0,0.99936
COMPLETION,2025-KALOMO-CENTRAL-NOT-APPROVED-AND-APPROVED-PROJECTS.pdf,2,2241.0,337.0,2402.0,366.0,0.69185
CHILESHA,2025-KALOMO-CENTRAL-NOT-APPROVED-AND-APPROVED-PROJECTS.pdf,2,2499.0,340.0,2615.0,369.0,0.99168
APPROVED,2025-KALOMO-CENTRAL-NOT-APPROVED-AND-APPROVED-PROJECTS.pdf,2,2718.0,340.0,2848.0,369.0,0.94758
NA,2025-KALOMO-CENTRAL-NOT-APPROVED-AND-APPROVED-PROJECTS.pdf,2,3000.0,345.0,3040.0,374.0,0.86918
32,2025-KALOMO-CENTRAL-NOT-APPROVED-AND-APPROVED-PROJECTS.pdf,2,430.0,367.0,465.0,396.0,1.0
IX3 CLASSROOM BLOCK AT RR,2025-KALOMO-CENTRAL-NOT-APPROVED-AND-APPROVED-PROJECTS.pdf,2,488.0,367.0,834.0,396.0,0.77882
COMPLETION OF 1X3 CLASSROOM BLOCK,2025-KALOMO-CENTRAL-NOT-APPROVED-AND-APPROVED-PROJECTS.pdf,2,989.0,367.0,1462.0,396.0,0.88971
EDUCATION,2025-KALOMO-CENTRAL-NOT-APPROVED-AND-APPROVED-PROJECTS.pdf,2,1844.0,370.0,1988.0,399.0,0.99981
COMPLETION,2025-KALOMO-CENTRAL-NOT-APPROVED-AND-APPROVED-PROJECTS.pdf,2,2241.0,373.0,2402.0,402.0,0.73542
CHILESHA,2025-KALOMO-CENTRAL-NOT-APPROVED-AND-APPROVED-PROJECTS.pdf,2,2499.0,373.0,2613.0,402.0,0.96025
APPROVED,2025-KALOMO-CENTRAL-NOT-APPROVED-AND-APPROVED-PROJECTS.pdf,2,2721.0,376.0,2845.0,404.0,0.98496
NA,2025-KALOMO-CENTRAL-NOT-APPROVED-AND-APPROVED-PROJECTS.pdf,2,3000.0,381.0,3040.0,407.0,0.99998
31,2025-KALOMO-CENTRAL-NOT-APPROVED-AND-APPROVED-PROJECTS.pdf,2,430.0,403.0,462.0,432.0,0.56135
KANYAYA COMMUNITY,2025-KALOMO-CENTRAL-NOT-APPROVED-AND-APPROVED-PROJECTS.pdf,2,488.0,403.0,788.0,432.0,0.73479
DRILLING OF A BOREHOLE,2025-KALOMO-CENTRAL-NOT-APPROVED-AND-APPROVED-PROJECTS.pdf,2,989.0,403.0,1322.0,434.0,0.84695
WATER SANITATION,2025-KALOMO-CENTRAL-NOT-APPROVED-AND-APPROVED-PROJECTS.pdf,2,1847.0,406.0,2100.0,437.0,0.95044
DRILLING,2025-KALOMO-CENTRAL-NOT-APPROVED-AND-APPROVED-PROJECTS.pdf,2,2244.0,406.0,2369.0,437.0,0.87482
CHOONGA,2025-KALOMO-CENTRAL-NOT-APPROVED-AND-APPROVED-PROJECTS.pdf,2,2499.0,408.0,2632.0,440.0,0.99985
NOT APPROVED,2025-KALOMO-CENTRAL-NOT-APPROVED-AND-APPROVED-PROJECTS.pdf,2,2718.0,411.0,2917.0,440.0,0.75835
INSUFFICIENT FUNDS,2025-KALOMO-CENTRAL-NOT-APPROVED-AND-APPROVED-PROJECTS.pdf,2,3000.0,414.0,3229.0,443.0,0.86237
32,2025-KALOMO-CENTRAL-NOT-APPROVED-AND-APPROVED-PROJECTS.pdf,2,430.0,436.0,465.0,465.0,1.0
KANYAYA COMMUNITY,2025-KALOMO-CENTRAL-NOT-APPROVED-AND-APPROVED-PROJECTS.pdf,2,488.0,436.0,788.0,467.0,0.778
DAM REHABILITATION,2025-KALOMO-CENTRAL-NOT-APPROVED-AND-APPROVED-PROJECTS.pdf,2,992.0,436.0,1276.0,467.0,0.99741
WATER SANITATION,2025-KALOMO-CENTRAL-NOT-APPROVED-AND-APPROVED-PROJECTS.pdf,2,1844.0,439.0,2100.0,470.0,0.86251
REHABILITATION,2025-KALOMO-CENTRAL-NOT-APPROVED-AND-APPROVED-PROJECTS.pdf,2,2241.0,441.0,2462.0,470.0,0.96456
CHOONGA,2025-KALOMO-CENTRAL-NOT-APPROVED-AND-APPROVED-PROJECTS.pdf,2,2499.0,441.0,2632.0,473.0,0.9999
NOT APPROVED,2025-KALOMO-CENTRAL-NOT-APPROVED-AND-APPROVED-PROJECTS.pdf,2,2718.0,444.0,2917.0,473.0,0.8868
INSUFFICIENT FUNDS,2025-KALOMO-CENTRAL-NOT-APPROVED-AND-APPROVED-PROJECTS.pdf,2,3000.0,444.0,3267.0,475.0,0.55717
33,2025-KALOMO-CENTRAL-NOT-APPROVED-AND-APPROVED-PROJECTS.pdf,2,430.0,469.0,465.0,497.0,0.75835
CHIKOLI PRIMARY SCHOOL,2025-KALOMO-CENTRAL-NOT-APPROVED-AND-APPROVED-PROJECTS.pdf,2,488.0,469.0,832.0,500.0,0.93122
CONSTRUCTION OF,2025-KALOMO-CENTRAL-NOT-APPROVED-AND-APPROVED-PROJECTS.pdf,2,989.0,469.0,1232.0,500.0,0.98013
X3 CRB,2025-KALOMO-CENTRAL-NOT-APPROVED-AND-APPROVED-PROJECTS.pdf,2,1252.0,471.0,1352.0,500.0,0.96328
EDUCATION,2025-KALOMO-CENTRAL-NOT-APPROVED-AND-APPROVED-PROJECTS.pdf,2,1844.0,471.0,2002.0,503.0,0.99994
CONSTRUCTION,2025-KALOMO-CENTRAL-NOT-APPROVED-AND-APPROVED-PROJECTS.pdf,2,2241.0,474.0,2445.0,506.0,0.99821
CHOONGA,2025-KALOMO-CENTRAL-NOT-APPROVED-AND-APPROVED-PROJECTS.pdf,2,2499.0,477.0,2632.0,506.0,0.80178
NOT APPROVED,2025-KALOMO-CENTRAL-NOT-APPROVED-AND-APPROVED-PROJECTS.pdf,2,2718.0,477.0,2917.0,508.0,0.99985
INSUFFICIENT FUADS,2025-KALOMO-CENTRAL-NOT-APPROVED-AND-APPROVED-PROJECTS.pdf,2,3000.0,480.0,3267.0,511.0,0.5365
CHIKOLI PRIMARY SCHOOL,2025-KALOMO-CENTRAL-NOT-APPROVED-AND-APPROVED-PROJECTS.pdf,2,491.0,502.0,832.0,533.0,0.83634
34,2025-KALOMO-CENTRAL-NOT-APPROVED-AND-APPROVED-PROJECTS.pdf,2,430.0,504.0,465.0,530.0,1.0
CONSTRUCTION OF A STAFF HOUSE,2025-KALOMO-CENTRAL-NOT-APPROVED-AND-APPROVED-PROJECTS.pdf,2,989.0,504.0,1429.0,533.0,0.80095
EDUCATION,2025-KALOMO-CENTRAL-NOT-APPROVED-AND-APPROVED-PROJECTS.pdf,2,1844.0,507.0,1999.0,536.0,0.99998
CONSTRUCTION,2025-KALOMO-CENTRAL-NOT-APPROVED-AND-APPROVED-PROJECTS.pdf,2,2241.0,507.0,2445.0,539.0,0.99927
CHOONGA,2025-KALOMO-CENTRAL-NOT-APPROVED-AND-APPROVED-PROJECTS.pdf,2,2499.0,510.0,2632.0,539.0,0.99932
NOT APPROVED,2025-KALOMO-CENTRAL-NOT-APPROVED-AND-APPROVED-PROJECTS.pdf,2,2718.0,510.0,2917.0,541.0,0.99974
LNSUHICIENT FUNDS,2025-KALOMO-CENTRAL-NOT-APPROVED-AND-APPROVED-PROJECTS.pdf,2,3000.0,513.0,3267.0,544.0,0.42252
35,2025-KALOMO-CENTRAL-NOT-APPROVED-AND-APPROVED-PROJECTS.pdf,2,430.0,535.0,465.0,566.0,0.99934
CONSTRUCTION OF,2025-KALOMO-CENTRAL-NOT-APPROVED-AND-APPROVED-PROJECTS.pdf,2,989.0,535.0,1232.0,566.0,0.99963
MABUYU PRIMARY SCHOOL,2025-KALOMO-CENTRAL-NOT-APPROVED-AND-APPROVED-PROJECTS.pdf,2,491.0,537.0,840.0,566.0,0.87116
X3 CRB,2025-KALOMO-CENTRAL-NOT-APPROVED-AND-APPROVED-PROJECTS.pdf,2,1252.0,537.0,1355.0,566.0,0.98732
EDUCATION,2025-KALOMO-CENTRAL-NOT-APPROVED-AND-APPROVED-PROJECTS.pdf,2,1844.0,540.0,1999.0,569.0,0.99962
CONSTRUCTION,2025-KALOMO-CENTRAL-NOT-APPROVED-AND-APPROVED-PROJECTS.pdf,2,2241.0,543.0,2445.0,571.0,0.75351
CHOONGA,2025-KALOMO-CENTRAL-NOT-APPROVED-AND-APPROVED-PROJECTS.pdf,2,2499.0,543.0,2629.0,574.0,0.99197
INOT APPROVED,2025-KALOMO-CENTRAL-NOT-APPROVED-AND-APPROVED-PROJECTS.pdf,2,2715.0,543.0,2917.0,574.0,0.90173
INSUFFICIENT FUNDS,2025-KALOMO-CENTRAL-NOT-APPROVED-AND-APPROVED-PROJECTS.pdf,2,3000.0,545.0,3267.0,577.0,0.94742
36,2025-KALOMO-CENTRAL-NOT-APPROVED-AND-APPROVED-PROJECTS.pdf,2,430.0,570.0,465.0,599.0,1.0
MABUYU HEALTH POST (CLINIC),2025-KALOMO-CENTRAL-NOT-APPROVED-AND-APPROVED-PROJECTS.pdf,2,491.0,570.0,895.0,599.0,0.95182
COMPLETION OF A HEALTH POST,2025-KALOMO-CENTRAL-NOT-APPROVED-AND-APPROVED-PROJECTS.pdf,2,989.0,570.0,1402.0,602.0,0.9865
EDUCATION,2025-KALOMO-CENTRAL-NOT-APPROVED-AND-APPROVED-PROJECTS.pdf,2,1844.0,573.0,1999.0,602.0,0.99987
COMPLETION,2025-KALOMO-CENTRAL-NOT-APPROVED-AND-APPROVED-PROJECTS.pdf,2,2241.0,576.0,2413.0,604.0,0.9995
CHOONGA,2025-KALOMO-CENTRAL-NOT-APPROVED-AND-APPROVED-PROJECTS.pdf,2,2499.0,576.0,2629.0,607.0,0.99993
INOT APPROVED,2025-KALOMO-CENTRAL-NOT-APPROVED-AND-APPROVED-PROJECTS.pdf,2,2715.0,578.0,2917.0,607.0,0.9879
INSUFFICIENT FUNDS,2025-KALOMO-CENTRAL-NOT-APPROVED-AND-APPROVED-PROJECTS.pdf,2,3000.0,581.0,3267.0,610.0,0.71434
37,2025-KALOMO-CENTRAL-NOT-APPROVED-AND-APPROVED-PROJECTS.pdf,2,430.0,603.0,462.0,632.0,0.99996
MAFWAFWA VILLAGE,2025-KALOMO-CENTRAL-NOT-APPROVED-AND-APPROVED-PROJECTS.pdf,2,491.0,603.0,763.0,632.0,0.99948
DRILLING OF A BOREHOLE,2025-KALOMO-CENTRAL-NOT-APPROVED-AND-APPROVED-PROJECTS.pdf,2,992.0,603.0,1322.0,634.0,0.87956
WATER SANITATION,2025-KALOMO-CENTRAL-NOT-APPROVED-AND-APPROVED-PROJECTS.pdf,2,1844.0,608.0,2100.0,637.0,0.99987
DRILLING,2025-KALOMO-CENTRAL-NOT-APPROVED-AND-APPROVED-PROJECTS.pdf,2,2241.0,608.0,2369.0,640.0,0.98175
CHOONGA,2025-KALOMO-CENTRAL-NOT-APPROVED-AND-APPROVED-PROJECTS.pdf,2,2496.0,611.0,2632.0,640.0,0.92854
INOT APPROVED,2025-KALOMO-CENTRAL-NOT-APPROVED-AND-APPROVED-PROJECTS.pdf,2,2715.0,611.0,2917.0,643.0,0.80928
INSUFFICIENT FUNDS,2025-KALOMO-CENTRAL-NOT-APPROVED-AND-APPROVED-PROJECTS.pdf,2,3000.0,614.0,3267.0,645.0,0.99595
38,2025-KALOMO-CENTRAL-NOT-APPROVED-AND-APPROVED-PROJECTS.pdf,2,433.0,636.0,465.0,665.0,1.0
SIMAPUNGULA,2025-KALOMO-CENTRAL-NOT-APPROVED-AND-APPROVED-PROJECTS.pdf,2,491.0,636.0,681.0,667.0,0.98446
MUCHENJE PRIMARY Sd CONSTRUCTION OFI X 3 CRB,2025-KALOMO-CENTRAL-NOT-APPROVED-AND-APPROVED-PROJECTS.pdf,2,696.0,636.0,1355.0,667.0,0.60298
EDUCATION,2025-KALOMO-CENTRAL-NOT-APPROVED-AND-APPROVED-PROJECTS.pdf,2,1844.0,641.0,1999.0,670.0,0.88539
CONSTRUCTION,2025-KALOMO-CENTRAL-NOT-APPROVED-AND-APPROVED-PROJECTS.pdf,2,2241.0,641.0,2445.0,673.0,0.99855
CHOONGA,2025-KALOMO-CENTRAL-NOT-APPROVED-AND-APPROVED-PROJECTS.pdf,2,2499.0,644.0,2632.0,676.0,0.90667
NOT APPROVED,2025-KALOMO-CENTRAL-NOT-APPROVED-AND-APPROVED-PROJECTS.pdf,2,2715.0,644.0,2917.0,676.0,0.99791
INSUFFICIENT FUNDS,2025-KALOMO-CENTRAL-NOT-APPROVED-AND-APPROVED-PROJECTS.pdf,2,3000.0,647.0,3267.0,678.0,0.80884
10,2025-KALOMO-CENTRAL-NOT-APPROVED-AND-APPROVED-PROJECTS.pdf,2,430.0,669.0,462.0,697.0,0.48267
AN ABLUTION BLOCK AT MUCHENJE,2025-KALOMO-CENTRAL-NOT-APPROVED-AND-APPROVED-PROJECTS.pdf,2,491.0,669.0,908.0,697.0,0.85418
CONSTRUCTION OF ABLUTION BLOCK,2025-KALOMO-CENTRAL-NOT-APPROVED-AND-APPROVED-PROJECTS.pdf,2,989.0,669.0,1429.0,700.0,0.55689
HEALTH,2025-KALOMO-CENTRAL-NOT-APPROVED-AND-APPROVED-PROJECTS.pdf,2,1844.0,674.0,1941.0,700.0,0.99379
CONSTRUCTION,2025-KALOMO-CENTRAL-NOT-APPROVED-AND-APPROVED-PROJECTS.pdf,2,2241.0,674.0,2432.0,703.0,0.96217
CHOONGA,2025-KALOMO-CENTRAL-NOT-APPROVED-AND-APPROVED-PROJECTS.pdf,2,2496.0,677.0,2629.0,706.0,0.99817
APPROVED,2025-KALOMO-CENTRAL-NOT-APPROVED-AND-APPROVED-PROJECTS.pdf,2,2718.0,677.0,2845.0,706.0,0.99965
NA,2025-KALOMO-CENTRAL-NOT-APPROVED-AND-APPROVED-PROJECTS.pdf,2,3000.0,682.0,3040.0,711.0,0.99997
T7,2025-KALOMO-CENTRAL-NOT-APPROVED-AND-APPROVED-PROJECTS.pdf,2,430.0,704.0,456.0,730.0,0.15662
A STAFF HOUSE AT MUCHENJE,2025-KALOMO-CENTRAL-NOT-APPROVED-AND-APPROVED-PROJECTS.pdf,2,493.0,704.0,840.0,733.0,0.97215
CONSTRUCTION OF A STAFF HOUSE,2025-KALOMO-CENTRAL-NOT-APPROVED-AND-APPROVED-PROJECTS.pdf,2,989.0,704.0,1402.0,733.0,0.64456
HEALTH,2025-KALOMO-CENTRAL-NOT-APPROVED-AND-APPROVED-PROJECTS.pdf,2,1844.0,707.0,1941.0,736.0,0.99766
CONSTRUCTION,2025-KALOMO-CENTRAL-NOT-APPROVED-AND-APPROVED-PROJECTS.pdf,2,2241.0,710.0,2432.0,739.0,0.62273
CHOONGA,2025-KALOMO-CENTRAL-NOT-APPROVED-AND-APPROVED-PROJECTS.pdf,2,2496.0,710.0,2629.0,741.0,0.99968
APPROVED,2025-KALOMO-CENTRAL-NOT-APPROVED-AND-APPROVED-PROJECTS.pdf,2,2715.0,713.0,2845.0,741.0,0.99977
NA,2025-KALOMO-CENTRAL-NOT-APPROVED-AND-APPROVED-PROJECTS.pdf,2,3000.0,715.0,3040.0,744.0,0.99998
12,2025-KALOMO-CENTRAL-NOT-APPROVED-AND-APPROVED-PROJECTS.pdf,2,433.0,737.0,462.0,766.0,0.99998
A LABORATORY AT CHOONGA PRIMARY,2025-KALOMO-CENTRAL-NOT-APPROVED-AND-APPROVED-PROJECTS.pdf,2,491.0,737.0,949.0,766.0,0.97051
Completion of a Laboratory,2025-KALOMO-CENTRAL-NOT-APPROVED-AND-APPROVED-PROJECTS.pdf,2,991.0,739.0,1284.0,772.0,0.71928
EDUCATION,2025-KALOMO-CENTRAL-NOT-APPROVED-AND-APPROVED-PROJECTS.pdf,2,1844.0,740.0,1988.0,771.0,0.99976
COMPLETION,2025-KALOMO-CENTRAL-NOT-APPROVED-AND-APPROVED-PROJECTS.pdf,2,2241.0,743.0,2399.0,771.0,0.99301
CHOONGA,2025-KALOMO-CENTRAL-NOT-APPROVED-AND-APPROVED-PROJECTS.pdf,2,2496.0,745.0,2629.0,774.0,0.99546
APPROVED,2025-KALOMO-CENTRAL-NOT-APPROVED-AND-APPROVED-PROJECTS.pdf,2,2718.0,745.0,2843.0,774.0,0.98789
SCHOOI,2025-KALOMO-CENTRAL-NOT-APPROVED-AND-APPROVED-PROJECTS.pdf,2,491.0,767.0,588.0,796.0,0.78699
NA,2025-KALOMO-CENTRAL-NOT-APPROVED-AND-APPROVED-PROJECTS.pdf,2,3000.0,773.0,3040.0,802.0,0.99991
COMPLETION OF JAIL CELLS,2025-KALOMO-CENTRAL-NOT-APPROVED-AND-APPROVED-PROJECTS.pdf,2,988.0,793.0,1307.0,829.0,0.86757
37,2025-KALOMO-CENTRAL-NOT-APPROVED-AND-APPROVED-PROJECTS.pdf,2,430.0,795.0,465.0,823.0,0.99999
JAIL CELLS AT CORRECTIONAL SERVICE,2025-KALOMO-CENTRAL-NOT-APPROVED-AND-APPROVED-PROJECTS.pdf,2,488.0,795.0,922.0,823.0,0.98338
DEFENCE,2025-KALOMO-CENTRAL-NOT-APPROVED-AND-APPROVED-PROJECTS.pdf,2,1844.0,798.0,1952.0,829.0,0.99981
COMPLETION,2025-KALOMO-CENTRAL-NOT-APPROVED-AND-APPROVED-PROJECTS.pdf,2,2241.0,800.0,2399.0,829.0,0.99883
CHOONGA,2025-KALOMO-CENTRAL-NOT-APPROVED-AND-APPROVED-PROJECTS.pdf,2,2499.0,803.0,2629.0,832.0,0.90546
APPROVED,2025-KALOMO-CENTRAL-NOT-APPROVED-AND-APPROVED-PROJECTS.pdf,2,2718.0,803.0,2843.0,832.0,0.9996
NA,2025-KALOMO-CENTRAL-NOT-APPROVED-AND-APPROVED-PROJECTS.pdf,2,3000.0,808.0,3040.0,837.0,0.99997
39,2025-KALOMO-CENTRAL-NOT-APPROVED-AND-APPROVED-PROJECTS.pdf,2,433.0,830.0,465.0,859.0,0.4967
KALOMO POLICE STATION,2025-KALOMO-CENTRAL-NOT-APPROVED-AND-APPROVED-PROJECTS.pdf,2,491.0,830.0,818.0,862.0,0.98348
JUVENILE CELLS,2025-KALOMO-CENTRAL-NOT-APPROVED-AND-APPROVED-PROJECTS.pdf,2,989.0,833.0,1202.0,862.0,0.99975
CONSTRUCTION,2025-KALOMO-CENTRAL-NOT-APPROVED-AND-APPROVED-PROJECTS.pdf,2,1214.0,833.0,1418.0,862.0,0.99402
INFRASTRUCTURE,2025-KALOMO-CENTRAL-NOT-APPROVED-AND-APPROVED-PROJECTS.pdf,2,1844.0,836.0,2076.0,865.0,0.67596
CONSTRUCTION,2025-KALOMO-CENTRAL-NOT-APPROVED-AND-APPROVED-PROJECTS.pdf,2,2239.0,836.0,2443.0,867.0,0.9961
WNSUIFICIENT FNDS,2025-KALOMO-CENTRAL-NOT-APPROVED-AND-APPROVED-PROJECTS.pdf,2,2997.0,838.0,3268.0,874.0,0.41949
MWAATA,2025-KALOMO-CENTRAL-NOT-APPROVED-AND-APPROVED-PROJECTS.pdf,2,2499.0,839.0,2618.0,867.0,0.99995
NOT APPROVED,2025-KALOMO-CENTRAL-NOT-APPROVED-AND-APPROVED-PROJECTS.pdf,2,2715.0,839.0,2917.0,870.0,0.99983
40,2025-KALOMO-CENTRAL-NOT-APPROVED-AND-APPROVED-PROJECTS.pdf,2,430.0,866.0,465.0,892.0,0.99998
GREENACRES PRI,2025-KALOMO-CENTRAL-NOT-APPROVED-AND-APPROVED-PROJECTS.pdf,2,491.0,866.0,711.0,895.0,0.95507
& SEC SCHOOL,2025-KALOMO-CENTRAL-NOT-APPROVED-AND-APPROVED-PROJECTS.pdf,2,718.0,866.0,908.0,895.0,0.81193
DOUBLE STOREY CRB & OFFICES,2025-KALOMO-CENTRAL-NOT-APPROVED-AND-APPROVED-PROJECTS.pdf,2,992.0,866.0,1396.0,897.0,0.95975
EDUCATION,2025-KALOMO-CENTRAL-NOT-APPROVED-AND-APPROVED-PROJECTS.pdf,2,1844.0,869.0,1999.0,900.0,0.99995
CONSTRUCTION,2025-KALOMO-CENTRAL-NOT-APPROVED-AND-APPROVED-PROJECTS.pdf,2,2239.0,869.0,2443.0,900.0,0.9973
MWAATA,2025-KALOMO-CENTRAL-NOT-APPROVED-AND-APPROVED-PROJECTS.pdf,2,2499.0,872.0,2618.0,903.0,0.99995
NOT APPROVED,2025-KALOMO-CENTRAL-NOT-APPROVED-AND-APPROVED-PROJECTS.pdf,2,2715.0,872.0,2914.0,903.0,0.99984
NNSUHFICIENZ FUNDS,2025-KALOMO-CENTRAL-NOT-APPROVED-AND-APPROVED-PROJECTS.pdf,2,2998.0,874.0,3265.0,906.0,0.46443
BWACHA PRIMARY SCHOOL,2025-KALOMO-CENTRAL-NOT-APPROVED-AND-APPROVED-PROJECTS.pdf,2,491.0,899.0,840.0,928.0,0.94583
CONSTRUCTION OF,2025-KALOMO-CENTRAL-NOT-APPROVED-AND-APPROVED-PROJECTS.pdf,2,989.0,899.0,1234.0,930.0,0.98917
41,2025-KALOMO-CENTRAL-NOT-APPROVED-AND-APPROVED-PROJECTS.pdf,2,433.0,902.0,462.0,928.0,0.99997
X3 CRB,2025-KALOMO-CENTRAL-NOT-APPROVED-AND-APPROVED-PROJECTS.pdf,2,1252.0,902.0,1355.0,930.0,0.9991
EDUCATION,2025-KALOMO-CENTRAL-NOT-APPROVED-AND-APPROVED-PROJECTS.pdf,2,1844.0,902.0,1999.0,933.0,0.99992
CONSTRUCTION,2025-KALOMO-CENTRAL-NOT-APPROVED-AND-APPROVED-PROJECTS.pdf,2,2239.0,904.0,2443.0,936.0,0.80912
MWAATA,2025-KALOMO-CENTRAL-NOT-APPROVED-AND-APPROVED-PROJECTS.pdf,2,2499.0,907.0,2618.0,936.0,0.99992
NOT APPROVED,2025-KALOMO-CENTRAL-NOT-APPROVED-AND-APPROVED-PROJECTS.pdf,2,2715.0,907.0,2917.0,939.0,0.9995
INSUFFICIENT FUNDS,2025-KALOMO-CENTRAL-NOT-APPROVED-AND-APPROVED-PROJECTS.pdf,2,3000.0,910.0,3265.0,939.0,0.79907
42,2025-KALOMO-CENTRAL-NOT-APPROVED-AND-APPROVED-PROJECTS.pdf,2,433.0,932.0,465.0,960.0,0.99228
GREENACRES PRI,2025-KALOMO-CENTRAL-NOT-APPROVED-AND-APPROVED-PROJECTS.pdf,2,491.0,932.0,711.0,960.0,0.90029
& SEC SCHOOL,2025-KALOMO-CENTRAL-NOT-APPROVED-AND-APPROVED-PROJECTS.pdf,2,718.0,932.0,911.0,960.0,0.62105
STAFF HOUSE,2025-KALOMO-CENTRAL-NOT-APPROVED-AND-APPROVED-PROJECTS.pdf,2,989.0,932.0,1163.0,963.0,0.99792
CONSTRUCTION,2025-KALOMO-CENTRAL-NOT-APPROVED-AND-APPROVED-PROJECTS.pdf,2,1178.0,935.0,1382.0,963.0,0.99629
CONSTRUCTION,2025-KALOMO-CENTRAL-NOT-APPROVED-AND-APPROVED-PROJECTS.pdf,2,2237.0,935.0,2444.0,972.0,0.82018
EDUCATION,2025-KALOMO-CENTRAL-NOT-APPROVED-AND-APPROVED-PROJECTS.pdf,2,1844.0,937.0,1999.0,966.0,0.99998
MWAATA,2025-KALOMO-CENTRAL-NOT-APPROVED-AND-APPROVED-PROJECTS.pdf,2,2499.0,940.0,2618.0,969.0,0.99993
NOT APPROVED,2025-KALOMO-CENTRAL-NOT-APPROVED-AND-APPROVED-PROJECTS.pdf,2,2715.0,940.0,2914.0,971.0,0.99742
INSUFFICIENT FUNDS,2025-KALOMO-CENTRAL-NOT-APPROVED-AND-APPROVED-PROJECTS.pdf,2,3000.0,943.0,3265.0,971.0,0.87096
43,2025-KALOMO-CENTRAL-NOT-APPROVED-AND-APPROVED-PROJECTS.pdf,2,433.0,965.0,465.0,993.0,0.49606
KALOMO CENTRAL PRIMARY SCHOOL,2025-KALOMO-CENTRAL-NOT-APPROVED-AND-APPROVED-PROJECTS.pdf,2,491.0,965.0,960.0,993.0,0.70525
CONSTRUCTION OF,2025-KALOMO-CENTRAL-NOT-APPROVED-AND-APPROVED-PROJECTS.pdf,2,989.0,965.0,1234.0,996.0,0.91128
X3 CRB,2025-KALOMO-CENTRAL-NOT-APPROVED-AND-APPROVED-PROJECTS.pdf,2,1252.0,967.0,1355.0,996.0,0.9337
EDUCATION,2025-KALOMO-CENTRAL-NOT-APPROVED-AND-APPROVED-PROJECTS.pdf,2,1844.0,970.0,1999.0,999.0,0.78624
CONSTRUCTION,2025-KALOMO-CENTRAL-NOT-APPROVED-AND-APPROVED-PROJECTS.pdf,2,2239.0,970.0,2443.0,1002.0,0.99935
MWAATA,2025-KALOMO-CENTRAL-NOT-APPROVED-AND-APPROVED-PROJECTS.pdf,2,2499.0,973.0,2618.0,1002.0,0.99992
NOT APPROVED,2025-KALOMO-CENTRAL-NOT-APPROVED-AND-APPROVED-PROJECTS.pdf,2,2715.0,973.0,2914.0,1004.0,0.77739
[NSUFFICIENT FUNDS,2025-KALOMO-CENTRAL-NOT-APPROVED-AND-APPROVED-PROJECTS.pdf,2,2998.0,976.0,3265.0,1007.0,0.87962
GREENACRES PRI & SEC SCHOOL,2025-KALOMO-CENTRAL-NOT-APPROVED-AND-APPROVED-PROJECTS.pdf,2,490.0,997.0,908.0,1030.0,0.68106
GIRLS TOILET BLOCK,2025-KALOMO-CENTRAL-NOT-APPROVED-AND-APPROVED-PROJECTS.pdf,2,989.0,1000.0,1262.0,1029.0,0.99151
CONSTRUCTION,2025-KALOMO-CENTRAL-NOT-APPROVED-AND-APPROVED-PROJECTS.pdf,2,1274.0,1000.0,1476.0,1029.0,0.99911
EDUCATION,2025-KALOMO-CENTRAL-NOT-APPROVED-AND-APPROVED-PROJECTS.pdf,2,1844.0,1003.0,1999.0,1032.0,0.89084
MWAATA,2025-KALOMO-CENTRAL-NOT-APPROVED-AND-APPROVED-PROJECTS.pdf,2,2497.0,1003.0,2620.0,1039.0,0.99989
44,2025-KALOMO-CENTRAL-NOT-APPROVED-AND-APPROVED-PROJECTS.pdf,2,437.0,1004.0,466.0,1025.0,1.0
CONSTRUCTION,2025-KALOMO-CENTRAL-NOT-APPROVED-AND-APPROVED-PROJECTS.pdf,2,2239.0,1006.0,2443.0,1034.0,0.99535
NOT APPROVED,2025-KALOMO-CENTRAL-NOT-APPROVED-AND-APPROVED-PROJECTS.pdf,2,2715.0,1006.0,2914.0,1037.0,0.96182
INSUHFICIENT FUNDS,2025-KALOMO-CENTRAL-NOT-APPROVED-AND-APPROVED-PROJECTS.pdf,2,2998.0,1009.0,3265.0,1040.0,0.24678
45,2025-KALOMO-CENTRAL-NOT-APPROVED-AND-APPROVED-PROJECTS.pdf,2,433.0,1033.0,465.0,1059.0,1.0
BWACHA COMPOUND RESIDENTS,2025-KALOMO-CENTRAL-NOT-APPROVED-AND-APPROVED-PROJECTS.pdf,2,491.0,1033.0,906.0,1062.0,0.79643
WATER LINES SYSTEM,2025-KALOMO-CENTRAL-NOT-APPROVED-AND-APPROVED-PROJECTS.pdf,2,992.0,1033.0,1273.0,1062.0,0.9873
WATER SANITATION,2025-KALOMO-CENTRAL-NOT-APPROVED-AND-APPROVED-PROJECTS.pdf,2,1844.0,1036.0,2100.0,1067.0,0.99907
INSTALLATION,2025-KALOMO-CENTRAL-NOT-APPROVED-AND-APPROVED-PROJECTS.pdf,2,2239.0,1039.0,2429.0,1067.0,0.99971
MWAATA,2025-KALOMO-CENTRAL-NOT-APPROVED-AND-APPROVED-PROJECTS.pdf,2,2499.0,1039.0,2618.0,1070.0,0.99994
NOT APPROVED,2025-KALOMO-CENTRAL-NOT-APPROVED-AND-APPROVED-PROJECTS.pdf,2,2715.0,1041.0,2914.0,1070.0,0.97067
INSUFFICIENT FUNDS,2025-KALOMO-CENTRAL-NOT-APPROVED-AND-APPROVED-PROJECTS.pdf,2,2998.0,1041.0,3265.0,1073.0,0.79377
33,2025-KALOMO-CENTRAL-NOT-APPROVED-AND-APPROVED-PROJECTS.pdf,2,433.0,1063.0,467.0,1092.0,0.99999
A LABORATORY AT GREENACRES PRIMARY,2025-KALOMO-CENTRAL-NOT-APPROVED-AND-APPROVED-PROJECTS.pdf,2,491.0,1063.0,966.0,1092.0,0.97787
[COMPLETION,2025-KALOMO-CENTRAL-NOT-APPROVED-AND-APPROVED-PROJECTS.pdf,2,2237.0,1067.0,2400.0,1103.0,0.93144
Completion of a Laboratory,2025-KALOMO-CENTRAL-NOT-APPROVED-AND-APPROVED-PROJECTS.pdf,2,992.0,1068.0,1284.0,1098.0,0.6569
EDUCATION,2025-KALOMO-CENTRAL-NOT-APPROVED-AND-APPROVED-PROJECTS.pdf,2,1844.0,1069.0,1988.0,1097.0,0.77108
MWAATA,2025-KALOMO-CENTRAL-NOT-APPROVED-AND-APPROVED-PROJECTS.pdf,2,2496.0,1072.0,2610.0,1100.0,0.99844
APPROVED,2025-KALOMO-CENTRAL-NOT-APPROVED-AND-APPROVED-PROJECTS.pdf,2,2715.0,1074.0,2843.0,1103.0,0.99969
SCHoQI,2025-KALOMO-CENTRAL-NOT-APPROVED-AND-APPROVED-PROJECTS.pdf,2,491.0,1093.0,591.0,1122.0,0.50775
NA,2025-KALOMO-CENTRAL-NOT-APPROVED-AND-APPROVED-PROJECTS.pdf,2,3000.0,1102.0,3040.0,1128.0,0.99999
V} CLASSROOM BlOCK AT,2025-KALOMO-CENTRAL-NOT-APPROVED-AND-APPROVED-PROJECTS.pdf,2,513.0,1118.0,823.0,1149.0,0.16266
34,2025-KALOMO-CENTRAL-NOT-APPROVED-AND-APPROVED-PROJECTS.pdf,2,433.0,1121.0,467.0,1147.0,1.0
COMPLETION OF A 1X3 CLASSROOM BLOCK,2025-KALOMO-CENTRAL-NOT-APPROVED-AND-APPROVED-PROJECTS.pdf,2,989.0,1121.0,1484.0,1152.0,0.6615
EDUCATION,2025-KALOMO-CENTRAL-NOT-APPROVED-AND-APPROVED-PROJECTS.pdf,2,1841.0,1126.0,1985.0,1155.0,0.9461
COMPLETION,2025-KALOMO-CENTRAL-NOT-APPROVED-AND-APPROVED-PROJECTS.pdf,2,2239.0,1126.0,2399.0,1155.0,0.9971
MWAATA,2025-KALOMO-CENTRAL-NOT-APPROVED-AND-APPROVED-PROJECTS.pdf,2,2496.0,1129.0,2610.0,1158.0,0.9996
APPROVED,2025-KALOMO-CENTRAL-NOT-APPROVED-AND-APPROVED-PROJECTS.pdf,2,2715.0,1129.0,2843.0,1158.0,0.99802
MCBAMOLP PBILRXSCHOQL,2025-KALOMO-CENTRAL-NOT-APPROVED-AND-APPROVED-PROJECTS.pdf,2,491.0,1151.0,884.0,1182.0,0.08606
NA,2025-KALOMO-CENTRAL-NOT-APPROVED-AND-APPROVED-PROJECTS.pdf,2,2998.0,1156.0,3037.0,1185.0,0.73307
TOILETS AT MACRAYMOND SCHOOL,2025-KALOMO-CENTRAL-NOT-APPROVED-AND-APPROVED-PROJECTS.pdf,2,491.0,1176.0,906.0,1207.0,0.92893
35,2025-KALOMO-CENTRAL-NOT-APPROVED-AND-APPROVED-PROJECTS.pdf,2,433.0,1178.0,467.0,1207.0,0.58515
cOMPLETION OF TOILETS,2025-KALOMO-CENTRAL-NOT-APPROVED-AND-APPROVED-PROJECTS.pdf,2,989.0,1178.0,1284.0,1210.0,0.897
EDUCATION,2025-KALOMO-CENTRAL-NOT-APPROVED-AND-APPROVED-PROJECTS.pdf,2,1844.0,1184.0,1985.0,1210.0,0.99978
COMPLETION,2025-KALOMO-CENTRAL-NOT-APPROVED-AND-APPROVED-PROJECTS.pdf,2,2239.0,1184.0,2396.0,1213.0,0.99662
MWAATA,2025-KALOMO-CENTRAL-NOT-APPROVED-AND-APPROVED-PROJECTS.pdf,2,2499.0,1187.0,2607.0,1215.0,0.99755
APPROVED,2025-KALOMO-CENTRAL-NOT-APPROVED-AND-APPROVED-PROJECTS.pdf,2,2715.0,1187.0,2843.0,1215.0,0.99974
NA,2025-KALOMO-CENTRAL-NOT-APPROVED-AND-APPROVED-PROJECTS.pdf,2,2998.0,1192.0,3037.0,1221.0,0.99997
36,2025-KALOMO-CENTRAL-NOT-APPROVED-AND-APPROVED-PROJECTS.pdf,2,433.0,1211.0,467.0,1240.0,0.99999
DORMITORI A,2025-KALOMO-CENTRAL-NOT-APPROVED-AND-APPROVED-PROJECTS.pdf,2,515.0,1211.0,686.0,1240.0,0.36921
MWAATA SCHOOL,2025-KALOMO-CENTRAL-NOT-APPROVED-AND-APPROVED-PROJECTS.pdf,2,699.0,1211.0,917.0,1243.0,0.38921
COMPLETION OF DORMITORY,2025-KALOMO-CENTRAL-NOT-APPROVED-AND-APPROVED-PROJECTS.pdf,2,989.0,1214.0,1339.0,1243.0,0.71309
EDUCATION,2025-KALOMO-CENTRAL-NOT-APPROVED-AND-APPROVED-PROJECTS.pdf,2,1844.0,1217.0,1988.0,1245.0,0.99992
COMPLETION,2025-KALOMO-CENTRAL-NOT-APPROVED-AND-APPROVED-PROJECTS.pdf,2,2239.0,1219.0,2399.0,1248.0,0.9969
MWAATA,2025-KALOMO-CENTRAL-NOT-APPROVED-AND-APPROVED-PROJECTS.pdf,2,2499.0,1219.0,2607.0,1248.0,0.99905
APPROVED,2025-KALOMO-CENTRAL-NOT-APPROVED-AND-APPROVED-PROJECTS.pdf,2,2715.0,1222.0,2843.0,1251.0,0.98795
NA,2025-KALOMO-CENTRAL-NOT-APPROVED-AND-APPROVED-PROJECTS.pdf,2,2998.0,1225.0,3037.0,1254.0,0.99999
46,2025-KALOMO-CENTRAL-NOT-APPROVED-AND-APPROVED-PROJECTS.pdf,2,433.0,1250.0,467.0,1276.0,0.99998
SIMUKANDA COMMUNITY SCHOOL,2025-KALOMO-CENTRAL-NOT-APPROVED-AND-APPROVED-PROJECTS.pdf,2,491.0,1250.0,928.0,1278.0,0.9691
CONSTRUCTION OF 1 X 3 CRB,2025-KALOMO-CENTRAL-NOT-APPROVED-AND-APPROVED-PROJECTS.pdf,2,998.0,1250.0,1360.0,1278.0,0.64909
EDUCATION,2025-KALOMO-CENTRAL-NOT-APPROVED-AND-APPROVED-PROJECTS.pdf,2,1844.0,1252.0,1999.0,1281.0,0.99997
CONSTRUCTION,2025-KALOMO-CENTRAL-NOT-APPROVED-AND-APPROVED-PROJECTS.pdf,2,2239.0,1255.0,2443.0,1284.0,0.69911
CHIFUSA,2025-KALOMO-CENTRAL-NOT-APPROVED-AND-APPROVED-PROJECTS.pdf,2,2496.0,1255.0,2607.0,1284.0,0.99952
NOT APPROVED,2025-KALOMO-CENTRAL-NOT-APPROVED-AND-APPROVED-PROJECTS.pdf,2,2715.0,1258.0,2914.0,1286.0,0.99957
INSUFFICIENT FUNDS,2025-KALOMO-CENTRAL-NOT-APPROVED-AND-APPROVED-PROJECTS.pdf,2,2995.0,1258.0,3262.0,1289.0,0.59298
A HEALTH POST AT CHIFUSA,2025-KALOMO-CENTRAL-NOT-APPROVED-AND-APPROVED-PROJECTS.pdf,2,493.0,1280.0,812.0,1308.0,0.89717
COMPLETION OF A HEALTH POST,2025-KALOMO-CENTRAL-NOT-APPROVED-AND-APPROVED-PROJECTS.pdf,2,989.0,1282.0,1371.0,1311.0,0.75105
HEALTH,2025-KALOMO-CENTRAL-NOT-APPROVED-AND-APPROVED-PROJECTS.pdf,2,1841.0,1285.0,1939.0,1314.0,0.99795
8,2025-KALOMO-CENTRAL-NOT-APPROVED-AND-APPROVED-PROJECTS.pdf,2,437.0,1286.0,455.0,1307.0,1.0
COMPLETION,2025-KALOMO-CENTRAL-NOT-APPROVED-AND-APPROVED-PROJECTS.pdf,2,2239.0,1288.0,2399.0,1317.0,0.96651
CHIFUSA,2025-KALOMO-CENTRAL-NOT-APPROVED-AND-APPROVED-PROJECTS.pdf,2,2496.0,1288.0,2599.0,1317.0,0.996
APPROVED,2025-KALOMO-CENTRAL-NOT-APPROVED-AND-APPROVED-PROJECTS.pdf,2,2715.0,1288.0,2843.0,1319.0,0.99993
NA,2025-KALOMO-CENTRAL-NOT-APPROVED-AND-APPROVED-PROJECTS.pdf,2,2998.0,1293.0,3037.0,1322.0,0.99999
A LABORATORY AT CHIFUSA PRIMARY AND |Completion of a Laboratory,2025-KALOMO-CENTRAL-NOT-APPROVED-AND-APPROVED-PROJECTS.pdf,2,492.0,1314.0,1285.0,1350.0,0.88198
EDUCATION,2025-KALOMO-CENTRAL-NOT-APPROVED-AND-APPROVED-PROJECTS.pdf,2,1844.0,1318.0,1988.0,1347.0,0.99997
CHIFUSA,2025-KALOMO-CENTRAL-NOT-APPROVED-AND-APPROVED-PROJECTS.pdf,2,2495.0,1318.0,2601.0,1354.0,0.99797
COMPLETION,2025-KALOMO-CENTRAL-NOT-APPROVED-AND-APPROVED-PROJECTS.pdf,2,2239.0,1321.0,2399.0,1350.0,0.99494
APPROVED,2025-KALOMO-CENTRAL-NOT-APPROVED-AND-APPROVED-PROJECTS.pdf,2,2715.0,1324.0,2840.0,1352.0,0.99958
SFCONDARY SCHOQI,2025-KALOMO-CENTRAL-NOT-APPROVED-AND-APPROVED-PROJECTS.pdf,2,491.0,1346.0,736.0,1374.0,0.57802
NA,2025-KALOMO-CENTRAL-NOT-APPROVED-AND-APPROVED-PROJECTS.pdf,2,2998.0,1351.0,3037.0,1380.0,0.99997
NAMOOMBNA COMMUNITY SCHOOL,2025-KALOMO-CENTRAL-NOT-APPROVED-AND-APPROVED-PROJECTS.pdf,2,491.0,1376.0,944.0,1404.0,0.83824
CONSTRUCTION OF,2025-KALOMO-CENTRAL-NOT-APPROVED-AND-APPROVED-PROJECTS.pdf,2,992.0,1376.0,1234.0,1404.0,0.96441
47,2025-KALOMO-CENTRAL-NOT-APPROVED-AND-APPROVED-PROJECTS.pdf,2,439.0,1378.0,467.0,1402.0,1.0
X2 CRB,2025-KALOMO-CENTRAL-NOT-APPROVED-AND-APPROVED-PROJECTS.pdf,2,1252.0,1378.0,1352.0,1407.0,0.98319
EDUCATION,2025-KALOMO-CENTRAL-NOT-APPROVED-AND-APPROVED-PROJECTS.pdf,2,1844.0,1378.0,1999.0,1410.0,0.9999
CONSTRUCTION,2025-KALOMO-CENTRAL-NOT-APPROVED-AND-APPROVED-PROJECTS.pdf,2,2239.0,1381.0,2443.0,1410.0,0.75603
CHIFUSA,2025-KALOMO-CENTRAL-NOT-APPROVED-AND-APPROVED-PROJECTS.pdf,2,2496.0,1381.0,2610.0,1410.0,0.99996
NOT APPROVED,2025-KALOMO-CENTRAL-NOT-APPROVED-AND-APPROVED-PROJECTS.pdf,2,2715.0,1384.0,2914.0,1413.0,0.78711
[NSUFFICIENT FUNDS,2025-KALOMO-CENTRAL-NOT-APPROVED-AND-APPROVED-PROJECTS.pdf,2,2998.0,1384.0,3262.0,1415.0,0.88841
48,2025-KALOMO-CENTRAL-NOT-APPROVED-AND-APPROVED-PROJECTS.pdf,2,433.0,1409.0,467.0,1437.0,1.0
SIANCHONGWE COMMUNITY SCHOOL,2025-KALOMO-CENTRAL-NOT-APPROVED-AND-APPROVED-PROJECTS.pdf,2,491.0,1409.0,960.0,1437.0,0.39479
CONSTRUCTION OF CRB,2025-KALOMO-CENTRAL-NOT-APPROVED-AND-APPROVED-PROJECTS.pdf,2,989.0,1409.0,1289.0,1440.0,0.98761
EDUCATION,2025-KALOMO-CENTRAL-NOT-APPROVED-AND-APPROVED-PROJECTS.pdf,2,1844.0,1411.0,1999.0,1443.0,0.99998
CONSTRUCTION,2025-KALOMO-CENTRAL-NOT-APPROVED-AND-APPROVED-PROJECTS.pdf,2,2239.0,1414.0,2443.0,1445.0,0.90349
SIPATUNYANA,2025-KALOMO-CENTRAL-NOT-APPROVED-AND-APPROVED-PROJECTS.pdf,2,2493.0,1414.0,2681.0,1445.0,0.98998
NOT APPROVED,2025-KALOMO-CENTRAL-NOT-APPROVED-AND-APPROVED-PROJECTS.pdf,2,2715.0,1417.0,2911.0,1445.0,0.99631
INSUFFICIENT FUNDS,2025-KALOMO-CENTRAL-NOT-APPROVED-AND-APPROVED-PROJECTS.pdf,2,2998.0,1417.0,3262.0,1448.0,0.72956
KASIKILI HEALTH POST,2025-KALOMO-CENTRAL-NOT-APPROVED-AND-APPROVED-PROJECTS.pdf,2,493.0,1441.0,785.0,1470.0,0.88524
CONSTRUCTION,2025-KALOMO-CENTRAL-NOT-APPROVED-AND-APPROVED-PROJECTS.pdf,2,992.0,1441.0,1193.0,1473.0,0.99947
OF HEALTH POST,2025-KALOMO-CENTRAL-NOT-APPROVED-AND-APPROVED-PROJECTS.pdf,2,1203.0,1444.0,1415.0,1473.0,0.82019
49,2025-KALOMO-CENTRAL-NOT-APPROVED-AND-APPROVED-PROJECTS.pdf,2,440.0,1445.0,466.0,1466.0,1.0
HEALTH,2025-KALOMO-CENTRAL-NOT-APPROVED-AND-APPROVED-PROJECTS.pdf,2,1841.0,1447.0,1952.0,1476.0,0.99103
CONSTRUCTION,2025-KALOMO-CENTRAL-NOT-APPROVED-AND-APPROVED-PROJECTS.pdf,2,2239.0,1447.0,2440.0,1478.0,0.99841
SIPATUNYANA,2025-KALOMO-CENTRAL-NOT-APPROVED-AND-APPROVED-PROJECTS.pdf,2,2493.0,1450.0,2681.0,1478.0,0.70688
NOT APPROVED,2025-KALOMO-CENTRAL-NOT-APPROVED-AND-APPROVED-PROJECTS.pdf,2,2715.0,1450.0,2911.0,1481.0,0.99935
2,2025-KALOMO-CENTRAL-NOT-APPROVED-AND-APPROVED-PROJECTS.pdf,2,324.0,1452.0,355.0,1497.0,0.40003
INSUFFICIENT FUNDS,2025-KALOMO-CENTRAL-NOT-APPROVED-AND-APPROVED-PROJECTS.pdf,2,2995.0,1452.0,3262.0,1481.0,0.8097
50,2025-KALOMO-CENTRAL-NOT-APPROVED-AND-APPROVED-PROJECTS.pdf,2,436.0,1474.0,467.0,1503.0,0.768
INKUMBI PRIMARY SCHOOL,2025-KALOMO-CENTRAL-NOT-APPROVED-AND-APPROVED-PROJECTS.pdf,2,491.0,1474.0,840.0,1506.0,0.9022
CONSTRUCTION OF 3 STAFF HOUSE,2025-KALOMO-CENTRAL-NOT-APPROVED-AND-APPROVED-PROJECTS.pdf,2,989.0,1474.0,1423.0,1506.0,0.87318
EDUCATION,2025-KALOMO-CENTRAL-NOT-APPROVED-AND-APPROVED-PROJECTS.pdf,2,1844.0,1480.0,1996.0,1508.0,0.62038
CONSTRUCTION,2025-KALOMO-CENTRAL-NOT-APPROVED-AND-APPROVED-PROJECTS.pdf,2,2239.0,1480.0,2443.0,1511.0,0.76304
SIPATUNYANA,2025-KALOMO-CENTRAL-NOT-APPROVED-AND-APPROVED-PROJECTS.pdf,2,2493.0,1482.0,2681.0,1511.0,0.99884
NOT APPROVED,2025-KALOMO-CENTRAL-NOT-APPROVED-AND-APPROVED-PROJECTS.pdf,2,2715.0,1485.0,2914.0,1514.0,0.98928
ANSUFFICIENT FUNDS,2025-KALOMO-CENTRAL-NOT-APPROVED-AND-APPROVED-PROJECTS.pdf,2,2995.0,1485.0,3262.0,1517.0,0.46813
51,2025-KALOMO-CENTRAL-NOT-APPROVED-AND-APPROVED-PROJECTS.pdf,2,433.0,1507.0,465.0,1539.0,0.99796
INKUMBI PRIMARY SCHOOL,2025-KALOMO-CENTRAL-NOT-APPROVED-AND-APPROVED-PROJECTS.pdf,2,491.0,1507.0,840.0,1539.0,0.97908
CONSTRUCTION OF,2025-KALOMO-CENTRAL-NOT-APPROVED-AND-APPROVED-PROJECTS.pdf,2,992.0,1510.0,1232.0,1539.0,0.72528
X3 CRB,2025-KALOMO-CENTRAL-NOT-APPROVED-AND-APPROVED-PROJECTS.pdf,2,1252.0,1510.0,1352.0,1539.0,0.99251
EDUCATION,2025-KALOMO-CENTRAL-NOT-APPROVED-AND-APPROVED-PROJECTS.pdf,2,1844.0,1513.0,1999.0,1541.0,0.99994
CONSTRUCTION,2025-KALOMO-CENTRAL-NOT-APPROVED-AND-APPROVED-PROJECTS.pdf,2,2239.0,1515.0,2443.0,1544.0,0.99458
SIPATUNYANA,2025-KALOMO-CENTRAL-NOT-APPROVED-AND-APPROVED-PROJECTS.pdf,2,2493.0,1515.0,2681.0,1547.0,0.91233
Not APPROVED,2025-KALOMO-CENTRAL-NOT-APPROVED-AND-APPROVED-PROJECTS.pdf,2,2713.0,1515.0,2914.0,1547.0,0.46031
INSUFFICIENT FUNDS,2025-KALOMO-CENTRAL-NOT-APPROVED-AND-APPROVED-PROJECTS.pdf,2,2995.0,1518.0,3262.0,1550.0,0.89525
52,2025-KALOMO-CENTRAL-NOT-APPROVED-AND-APPROVED-PROJECTS.pdf,2,436.0,1540.0,467.0,1569.0,1.0
SIPATUNYANA COMMUNITY,2025-KALOMO-CENTRAL-NOT-APPROVED-AND-APPROVED-PROJECTS.pdf,2,491.0,1540.0,843.0,1571.0,0.98546
MAIZE STORAGE SHED,2025-KALOMO-CENTRAL-NOT-APPROVED-AND-APPROVED-PROJECTS.pdf,2,992.0,1543.0,1273.0,1574.0,0.69908
INFRASTRUCTURE,2025-KALOMO-CENTRAL-NOT-APPROVED-AND-APPROVED-PROJECTS.pdf,2,1844.0,1546.0,2073.0,1577.0,0.76488
CONSTRUCTION,2025-KALOMO-CENTRAL-NOT-APPROVED-AND-APPROVED-PROJECTS.pdf,2,2239.0,1548.0,2443.0,1577.0,0.99034
SIPATUNYANA,2025-KALOMO-CENTRAL-NOT-APPROVED-AND-APPROVED-PROJECTS.pdf,2,2493.0,1548.0,2681.0,1580.0,0.97602
NOT APPROVED,2025-KALOMO-CENTRAL-NOT-APPROVED-AND-APPROVED-PROJECTS.pdf,2,2713.0,1551.0,2911.0,1580.0,0.77163
INSUFFICIENT FUNDS,2025-KALOMO-CENTRAL-NOT-APPROVED-AND-APPROVED-PROJECTS.pdf,2,2995.0,1554.0,3262.0,1582.0,0.99969
8,2025-KALOMO-CENTRAL-NOT-APPROVED-AND-APPROVED-PROJECTS.pdf,2,185.0,1569.0,258.0,1677.0,0.52692
53,2025-KALOMO-CENTRAL-NOT-APPROVED-AND-APPROVED-PROJECTS.pdf,2,436.0,1576.0,467.0,1604.0,0.99516
SIAMAMVWA PRIMARY SCHOOL,2025-KALOMO-CENTRAL-NOT-APPROVED-AND-APPROVED-PROJECTS.pdf,2,493.0,1576.0,892.0,1607.0,0.7425
CONSTRUCTION OF,2025-KALOMO-CENTRAL-NOT-APPROVED-AND-APPROVED-PROJECTS.pdf,2,992.0,1576.0,1232.0,1607.0,0.99812
X3 CRB,2025-KALOMO-CENTRAL-NOT-APPROVED-AND-APPROVED-PROJECTS.pdf,2,1252.0,1576.0,1352.0,1607.0,0.91211
EDUCATION,2025-KALOMO-CENTRAL-NOT-APPROVED-AND-APPROVED-PROJECTS.pdf,2,1841.0,1578.0,1999.0,1610.0,0.99577
CONSTRUCTION,2025-KALOMO-CENTRAL-NOT-APPROVED-AND-APPROVED-PROJECTS.pdf,2,2239.0,1581.0,2440.0,1613.0,0.99952
SIPATUNYANA,2025-KALOMO-CENTRAL-NOT-APPROVED-AND-APPROVED-PROJECTS.pdf,2,2493.0,1584.0,2681.0,1613.0,0.90377
NOT APPROVED,2025-KALOMO-CENTRAL-NOT-APPROVED-AND-APPROVED-PROJECTS.pdf,2,2715.0,1584.0,2911.0,1615.0,0.77285
INSUFFICIENT FUNDS,2025-KALOMO-CENTRAL-NOT-APPROVED-AND-APPROVED-PROJECTS.pdf,2,2995.0,1587.0,3262.0,1618.0,0.79431
26,2025-KALOMO-CENTRAL-NOT-APPROVED-AND-APPROVED-PROJECTS.pdf,2,436.0,1606.0,470.0,1634.0,1.0
A 1X3 CLASSROOM BLOCK AT LUSUMPUKO,2025-KALOMO-CENTRAL-NOT-APPROVED-AND-APPROVED-PROJECTS.pdf,2,493.0,1606.0,971.0,1637.0,0.78392
COMPLETION OF 1X3 CLASSROOM BLOCK,2025-KALOMO-CENTRAL-NOT-APPROVED-AND-APPROVED-PROJECTS.pdf,2,992.0,1609.0,1462.0,1640.0,0.79885
EDUCATION,2025-KALOMO-CENTRAL-NOT-APPROVED-AND-APPROVED-PROJECTS.pdf,2,1844.0,1611.0,1985.0,1640.0,0.99992
COMPLETION,2025-KALOMO-CENTRAL-NOT-APPROVED-AND-APPROVED-PROJECTS.pdf,2,2239.0,1614.0,2396.0,1643.0,0.9981
SIPATUNYANA,2025-KALOMO-CENTRAL-NOT-APPROVED-AND-APPROVED-PROJECTS.pdf,2,2493.0,1617.0,2662.0,1643.0,0.8924
APPROVED,2025-KALOMO-CENTRAL-NOT-APPROVED-AND-APPROVED-PROJECTS.pdf,2,2713.0,1617.0,2840.0,1645.0,0.99975
COMMI NITY SCHOQI,2025-KALOMO-CENTRAL-NOT-APPROVED-AND-APPROVED-PROJECTS.pdf,2,493.0,1636.0,749.0,1665.0,0.30274
NA,2025-KALOMO-CENTRAL-NOT-APPROVED-AND-APPROVED-PROJECTS.pdf,2,2995.0,1647.0,3035.0,1673.0,1.0
27,2025-KALOMO-CENTRAL-NOT-APPROVED-AND-APPROVED-PROJECTS.pdf,2,436.0,1663.0,467.0,1692.0,1.0
A 1X3 CLASSRCOM BlCCKAT MSIKILI,2025-KALOMO-CENTRAL-NOT-APPROVED-AND-APPROVED-PROJECTS.pdf,2,493.0,1663.0,919.0,1695.0,0.1547
COMPLETION OF IX3 CLASSROOM BLOCK,2025-KALOMO-CENTRAL-NOT-APPROVED-AND-APPROVED-PROJECTS.pdf,2,992.0,1666.0,1462.0,1695.0,0.89474
EDUCATION,2025-KALOMO-CENTRAL-NOT-APPROVED-AND-APPROVED-PROJECTS.pdf,2,1841.0,1669.0,1985.0,1697.0,0.99829
COMPLETION,2025-KALOMO-CENTRAL-NOT-APPROVED-AND-APPROVED-PROJECTS.pdf,2,2239.0,1672.0,2396.0,1700.0,0.99873
SIPATUNYANA,2025-KALOMO-CENTRAL-NOT-APPROVED-AND-APPROVED-PROJECTS.pdf,2,2493.0,1672.0,2662.0,1703.0,0.99572
APPROVED,2025-KALOMO-CENTRAL-NOT-APPROVED-AND-APPROVED-PROJECTS.pdf,2,2715.0,1674.0,2840.0,1703.0,0.99978
=,2025-KALOMO-CENTRAL-NOT-APPROVED-AND-APPROVED-PROJECTS.pdf,2,185.0,1679.0,260.0,1781.0,0.20445
PRIARY SCHcO,2025-KALOMO-CENTRAL-NOT-APPROVED-AND-APPROVED-PROJECTS.pdf,2,491.0,1693.0,692.0,1725.0,0.31857
NA,2025-KALOMO-CENTRAL-NOT-APPROVED-AND-APPROVED-PROJECTS.pdf,2,2995.0,1702.0,3035.0,1730.0,0.99997
28,2025-KALOMO-CENTRAL-NOT-APPROVED-AND-APPROVED-PROJECTS.pdf,2,436.0,1721.0,470.0,1750.0,1.0
A IX3 AT INKUMBI SCHOOL,2025-KALOMO-CENTRAL-NOT-APPROVED-AND-APPROVED-PROJECTS.pdf,2,493.0,1721.0,804.0,1750.0,0.79188
CONSTRUCTION OF A 1X3 CLASSROOM BLOCK,2025-KALOMO-CENTRAL-NOT-APPROVED-AND-APPROVED-PROJECTS.pdf,2,992.0,1724.0,1517.0,1755.0,0.72957
EDUCATION,2025-KALOMO-CENTRAL-NOT-APPROVED-AND-APPROVED-PROJECTS.pdf,2,1841.0,1726.0,1985.0,1755.0,0.9999
CONSTRUCTION,2025-KALOMO-CENTRAL-NOT-APPROVED-AND-APPROVED-PROJECTS.pdf,2,2239.0,1729.0,2429.0,1758.0,0.6904
SIPATUNYANA,2025-KALOMO-CENTRAL-NOT-APPROVED-AND-APPROVED-PROJECTS.pdf,2,2493.0,1729.0,2659.0,1758.0,0.81407
APPROVED,2025-KALOMO-CENTRAL-NOT-APPROVED-AND-APPROVED-PROJECTS.pdf,2,2713.0,1732.0,2840.0,1760.0,0.99979
NA,2025-KALOMO-CENTRAL-NOT-APPROVED-AND-APPROVED-PROJECTS.pdf,2,2995.0,1737.0,3035.0,1766.0,0.99967
30,2025-KALOMO-CENTRAL-NOT-APPROVED-AND-APPROVED-PROJECTS.pdf,2,436.0,1756.0,473.0,1785.0,0.87815
A STAFF HOUSE AT MUYOBO SCHOOL,2025-KALOMO-CENTRAL-NOT-APPROVED-AND-APPROVED-PROJECTS.pdf,2,493.0,1756.0,922.0,1785.0,0.72726
COMPLETION OF STAFF HOUSE AT MUYOBO,2025-KALOMO-CENTRAL-NOT-APPROVED-AND-APPROVED-PROJECTS.pdf,2,992.0,1756.0,1495.0,1788.0,0.64734
[cOMPLETION,2025-KALOMO-CENTRAL-NOT-APPROVED-AND-APPROVED-PROJECTS.pdf,2,2235.0,1760.0,2398.0,1796.0,0.61094
EDUCATION,2025-KALOMO-CENTRAL-NOT-APPROVED-AND-APPROVED-PROJECTS.pdf,2,1841.0,1762.0,1985.0,1791.0,0.99954
SIPATUNYANA,2025-KALOMO-CENTRAL-NOT-APPROVED-AND-APPROVED-PROJECTS.pdf,2,2493.0,1765.0,2659.0,1793.0,0.99853
APPROVED,2025-KALOMO-CENTRAL-NOT-APPROVED-AND-APPROVED-PROJECTS.pdf,2,2713.0,1765.0,2840.0,1796.0,0.99975
NA,2025-KALOMO-CENTRAL-NOT-APPROVED-AND-APPROVED-PROJECTS.pdf,2,2998.0,1770.0,3035.0,1799.0,0.9995
F,2025-KALOMO-CENTRAL-NOT-APPROVED-AND-APPROVED-PROJECTS.pdf,2,185.0,1785.0,260.0,1869.0,0.51437
A STAFF HOUSE AT NALUBUMBA,2025-KALOMO-CENTRAL-NOT-APPROVED-AND-APPROVED-PROJECTS.pdf,2,493.0,1792.0,859.0,1821.0,0.90612
COMPLETION OF A STAFF HOUSE,2025-KALOMO-CENTRAL-NOT-APPROVED-AND-APPROVED-PROJECTS.pdf,2,992.0,1792.0,1369.0,1823.0,0.49032
HEALTH,2025-KALOMO-CENTRAL-NOT-APPROVED-AND-APPROVED-PROJECTS.pdf,2,1841.0,1795.0,1939.0,1823.0,0.99912
29,2025-KALOMO-CENTRAL-NOT-APPROVED-AND-APPROVED-PROJECTS.pdf,2,440.0,1796.0,469.0,1817.0,0.85521
COMPLETION,2025-KALOMO-CENTRAL-NOT-APPROVED-AND-APPROVED-PROJECTS.pdf,2,2236.0,1798.0,2396.0,1826.0,0.93421
SIPATUNYANA,2025-KALOMO-CENTRAL-NOT-APPROVED-AND-APPROVED-PROJECTS.pdf,2,2491.0,1798.0,2659.0,1829.0,0.99629
APPROVED,2025-KALOMO-CENTRAL-NOT-APPROVED-AND-APPROVED-PROJECTS.pdf,2,2713.0,1800.0,2840.0,1829.0,0.68201
NA,2025-KALOMO-CENTRAL-NOT-APPROVED-AND-APPROVED-PROJECTS.pdf,2,2995.0,1803.0,3035.0,1832.0,0.99999
SIMEIA DIP TANK KASIKILI,2025-KALOMO-CENTRAL-NOT-APPROVED-AND-APPROVED-PROJECTS.pdf,2,491.0,1839.0,766.0,1867.0,0.69509
54,2025-KALOMO-CENTRAL-NOT-APPROVED-AND-APPROVED-PROJECTS.pdf,2,439.0,1841.0,470.0,1865.0,0.93176
CONSTRUCTION OF DIP TANK,2025-KALOMO-CENTRAL-NOT-APPROVED-AND-APPROVED-PROJECTS.pdf,2,992.0,1841.0,1306.0,1870.0,0.61275
AGRICULTURE,2025-KALOMO-CENTRAL-NOT-APPROVED-AND-APPROVED-PROJECTS.pdf,2,1841.0,1844.0,1996.0,1873.0,0.9999
CONSIRUQION,2025-KALOMO-CENTRAL-NOT-APPROVED-AND-APPROVED-PROJECTS.pdf,2,2236.0,1844.0,2413.0,1876.0,0.63291
SIPATUNYANA,2025-KALOMO-CENTRAL-NOT-APPROVED-AND-APPROVED-PROJECTS.pdf,2,2493.0,1847.0,2648.0,1876.0,0.8776
NOT APPROVED,2025-KALOMO-CENTRAL-NOT-APPROVED-AND-APPROVED-PROJECTS.pdf,2,2713.0,1850.0,2884.0,1878.0,0.91931
INSUFFICIENT FUNDS,2025-KALOMO-CENTRAL-NOT-APPROVED-AND-APPROVED-PROJECTS.pdf,2,2995.0,1850.0,3259.0,1881.0,0.99972
TLB,2025-KALOMO-CENTRAL-NOT-APPROVED-AND-APPROVED-PROJECTS.pdf,2,493.0,1869.0,539.0,1897.0,0.99897
INFRASTRUCTURE,2025-KALOMO-CENTRAL-NOT-APPROVED-AND-APPROVED-PROJECTS.pdf,2,1840.0,1871.0,2050.0,1909.0,0.61422
46,2025-KALOMO-CENTRAL-NOT-APPROVED-AND-APPROVED-PROJECTS.pdf,2,436.0,1872.0,470.0,1897.0,1.0
PURCHASE OF TLB,2025-KALOMO-CENTRAL-NOT-APPROVED-AND-APPROVED-PROJECTS.pdf,2,992.0,1872.0,1199.0,1900.0,0.96441
PROCUREMENT,2025-KALOMO-CENTRAL-NOT-APPROVED-AND-APPROVED-PROJECTS.pdf,2,2236.0,1877.0,2418.0,1906.0,0.75537
All Wards,2025-KALOMO-CENTRAL-NOT-APPROVED-AND-APPROVED-PROJECTS.pdf,2,2496.0,1880.0,2602.0,1908.0,0.56138
APPROVED,2025-KALOMO-CENTRAL-NOT-APPROVED-AND-APPROVED-PROJECTS.pdf,2,2713.0,1880.0,2840.0,1911.0,0.72919
NA,2025-KALOMO-CENTRAL-NOT-APPROVED-AND-APPROVED-PROJECTS.pdf,2,2995.0,1883.0,3035.0,1914.0,0.99999
PURCHASE OF BORE ACCESSORIES,2025-KALOMO-CENTRAL-NOT-APPROVED-AND-APPROVED-PROJECTS.pdf,2,992.0,1907.0,1371.0,1936.0,0.93566
WATER SANITATION,2025-KALOMO-CENTRAL-NOT-APPROVED-AND-APPROVED-PROJECTS.pdf,2,1841.0,1910.0,2076.0,1939.0,0.99082
47,2025-KALOMO-CENTRAL-NOT-APPROVED-AND-APPROVED-PROJECTS.pdf,2,440.0,1911.0,469.0,1932.0,1.0
Borehole Acessories,2025-KALOMO-CENTRAL-NOT-APPROVED-AND-APPROVED-PROJECTS.pdf,2,497.0,1911.0,702.0,1932.0,0.99975
PROCUREMENT,2025-KALOMO-CENTRAL-NOT-APPROVED-AND-APPROVED-PROJECTS.pdf,2,2236.0,1913.0,2418.0,1941.0,0.99966
All Wards,2025-KALOMO-CENTRAL-NOT-APPROVED-AND-APPROVED-PROJECTS.pdf,2,2493.0,1915.0,2602.0,1941.0,0.54387
APPROVED,2025-KALOMO-CENTRAL-NOT-APPROVED-AND-APPROVED-PROJECTS.pdf,2,2713.0,1915.0,2837.0,1944.0,0.99975
NA,2025-KALOMO-CENTRAL-NOT-APPROVED-AND-APPROVED-PROJECTS.pdf,2,2992.0,1918.0,3037.0,1947.0,0.31473
KALOMO TOWN COUNCIL,CDF-DUNDUMWEZI-2024.pdf,1,978.0,216.0,1610.0,279.0,0.98026
DUNDUMWEZI 2024 APPROVED PROJECTS,CDF-DUNDUMWEZI-2024.pdf,1,767.0,277.0,1818.0,342.0,0.72259
SIN,CDF-DUNDUMWEZI-2024.pdf,1,243.0,383.0,318.0,424.0,0.89781
NAME OF PROJECT,CDF-DUNDUMWEZI-2024.pdf,1,405.0,386.0,789.0,430.0,0.99143
WARD,CDF-DUNDUMWEZI-2024.pdf,1,1317.0,394.0,1446.0,435.0,0.99996
SECTOR,CDF-DUNDUMWEZI-2024.pdf,1,1772.0,397.0,1942.0,441.0,0.99946
FABRICATION AND DELIVERY OF 2500,CDF-DUNDUMWEZI-2024.pdf,1,406.0,450.0,1176.0,505.0,0.98464
DOUBLE SITTER DESKS,CDF-DUNDUMWEZI-2024.pdf,1,406.0,505.0,842.0,557.0,0.88295
AlI Wards,CDF-DUNDUMWEZI-2024.pdf,1,1320.0,517.0,1512.0,561.0,0.61407
EDUCATION,CDF-DUNDUMWEZI-2024.pdf,1,1771.0,519.0,2023.0,568.0,0.99955
2Ambulance,CDF-DUNDUMWEZI-2024.pdf,1,359.0,606.0,657.0,666.0,0.99951
All Ward,CDF-DUNDUMWEZI-2024.pdf,1,1317.0,624.0,1493.0,668.0,0.6771
HEALTH,CDF-DUNDUMWEZI-2024.pdf,1,1771.0,626.0,1927.0,675.0,0.99989
3 Motor Bike-Chikanta Chiefdom,CDF-DUNDUMWEZI-2024.pdf,1,360.0,664.0,1047.0,721.0,0.88498
AII Ward,CDF-DUNDUMWEZI-2024.pdf,1,1316.0,675.0,1494.0,724.0,0.80309
TRADITIONAL AFFFARIRS,CDF-DUNDUMWEZI-2024.pdf,1,1768.0,678.0,2264.0,730.0,0.98881
Motor Bike-Siachitema Chiefdom,CDF-DUNDUMWEZI-2024.pdf,1,404.0,719.0,1091.0,773.0,0.9975
L,CDF-DUNDUMWEZI-2024.pdf,1,368.0,730.0,387.0,754.0,0.18794
AII Ward,CDF-DUNDUMWEZI-2024.pdf,1,1316.0,730.0,1494.0,779.0,0.75899
TRADITIONAL AFFFARIRS,CDF-DUNDUMWEZI-2024.pdf,1,1768.0,733.0,2264.0,784.0,0.93944
5 Chiefs Palace-Chikanta,CDF-DUNDUMWEZI-2024.pdf,1,360.0,770.0,899.0,825.0,0.66098
AII Ward,CDF-DUNDUMWEZI-2024.pdf,1,1316.0,782.0,1494.0,831.0,0.69687
TRADITIONAL AFFFARIRS,CDF-DUNDUMWEZI-2024.pdf,1,1768.0,784.0,2261.0,837.0,0.9822
6[Chiefs Palace-Siachitema,CDF-DUNDUMWEZI-2024.pdf,1,363.0,826.0,943.0,880.0,0.69626
AII Ward,CDF-DUNDUMWEZI-2024.pdf,1,1313.0,837.0,1491.0,886.0,0.70069
TRADITIONAL AFFFARIRS,CDF-DUNDUMWEZI-2024.pdf,1,1765.0,839.0,2261.0,891.0,0.9663
Construction of Police Post In Kasukwe,CDF-DUNDUMWEZI-2024.pdf,1,397.0,876.0,1200.0,940.0,0.86829
HOME AFFAIRS,CDF-DUNDUMWEZI-2024.pdf,1,1765.0,891.0,2076.0,945.0,0.94876
AII Ward,CDF-DUNDUMWEZI-2024.pdf,1,1314.0,892.0,1490.0,937.0,0.6763
Construction Mortuary at Chikanta,CDF-DUNDUMWEZI-2024.pdf,1,397.0,928.0,1123.0,992.0,0.88819
8][Habulile Mini Hospital),CDF-DUNDUMWEZI-2024.pdf,1,353.0,984.0,865.0,1046.0,0.31516
in Chikanta Ward,CDF-DUNDUMWEZI-2024.pdf,1,878.0,989.0,1247.0,1042.0,0.65594
Chikanta,CDF-DUNDUMWEZI-2024.pdf,1,1311.0,996.0,1505.0,1045.0,0.99998
HEALTH,CDF-DUNDUMWEZI-2024.pdf,1,1766.0,1002.0,1920.0,1046.0,0.99358
Lubricants for earth Moving Equipment,CDF-DUNDUMWEZI-2024.pdf,1,393.0,1035.0,1208.0,1102.0,0.90724
9,CDF-DUNDUMWEZI-2024.pdf,1,356.0,1044.0,385.0,1081.0,0.99967
AIl Ward,CDF-DUNDUMWEZI-2024.pdf,1,1313.0,1050.0,1488.0,1099.0,0.67589
ROAD INFRASTRUCTURE,CDF-DUNDUMWEZI-2024.pdf,1,1765.0,1053.0,2253.0,1105.0,0.77696
1ORural Electrification (REA),CDF-DUNDUMWEZI-2024.pdf,1,335.0,1091.0,919.0,1146.0,0.64462
All Ward,CDF-DUNDUMWEZI-2024.pdf,1,1313.0,1102.0,1488.0,1151.0,0.81402
ENERGY,CDF-DUNDUMWEZI-2024.pdf,1,1764.0,1109.0,1934.0,1153.0,0.99946
Construction of Girls Dormitory & Ablution,CDF-DUNDUMWEZI-2024.pdf,1,394.0,1140.0,1257.0,1206.0,0.78897
1Block at Bbilili Secondary School,CDF-DUNDUMWEZI-2024.pdf,1,329.0,1197.0,1070.0,1260.0,0.66115
Bbili,CDF-DUNDUMWEZI-2024.pdf,1,1308.0,1209.0,1401.0,1258.0,0.99994
EDUCATION,CDF-DUNDUMWEZI-2024.pdf,1,1763.0,1212.0,2015.0,1261.0,0.99952
Construclion Of Maternity Annex at Mikata,CDF-DUNDUMWEZI-2024.pdf,1,392.0,1249.0,1279.0,1313.0,0.63849
12 Health Center,CDF-DUNDUMWEZI-2024.pdf,1,329.0,1301.0,696.0,1362.0,0.55535
Mikata,CDF-DUNDUMWEZI-2024.pdf,1,1304.0,1313.0,1459.0,1367.0,0.9999
HEALTH,CDF-DUNDUMWEZI-2024.pdf,1,1760.0,1319.0,1919.0,1368.0,0.99996
13Health Post at Najinka,CDF-DUNDUMWEZI-2024.pdf,1,330.0,1360.0,853.0,1412.0,0.91614
Katanda,CDF-DUNDUMWEZI-2024.pdf,1,1305.0,1368.0,1494.0,1417.0,0.99997
HEALTH,CDF-DUNDUMWEZI-2024.pdf,1,1764.0,1375.0,1915.0,1419.0,0.99992
14Completion of Ngole Bridge,CDF-DUNDUMWEZI-2024.pdf,1,325.0,1469.0,984.0,1542.0,0.95386
Chamuka,CDF-DUNDUMWEZI-2024.pdf,1,1302.0,1483.0,1519.0,1535.0,0.99997
ROAD INFRASTRUCTURE,CDF-DUNDUMWEZI-2024.pdf,1,1757.0,1488.0,2248.0,1544.0,0.87601
15 Completion of Simwanda Bridge,CDF-DUNDUMWEZI-2024.pdf,1,326.0,1599.0,1075.0,1666.0,0.96796
Naluja,CDF-DUNDUMWEZI-2024.pdf,1,1302.0,1612.0,1442.0,1661.0,0.99999
ROAD INFRASTRUCTURE,CDF-DUNDUMWEZI-2024.pdf,1,1757.0,1615.0,2247.0,1667.0,0.7045
Omba (Muyandwab,CDF-DUNDUMWEZI-2024.pdf,1,1298.0,1657.0,1728.0,1720.0,0.50147
"antu, Chitongo,",CDF-DUNDUMWEZI-2024.pdf,1,1299.0,1711.0,1626.0,1778.0,0.98924
Drilling and equiping of Handpumps,CDF-DUNDUMWEZI-2024.pdf,1,383.0,1753.0,1146.0,1826.0,0.77147
16,CDF-DUNDUMWEZI-2024.pdf,1,328.0,1764.0,375.0,1805.0,0.99997
Simukongabajikal,CDF-DUNDUMWEZI-2024.pdf,1,1295.0,1767.0,1668.0,1830.0,0.96107
WATER INFRASTRUCTURE,CDF-DUNDUMWEZI-2024.pdf,1,1754.0,1772.0,2256.0,1829.0,0.99947
17 Drilling of 29 Boreholes,CDF-DUNDUMWEZI-2024.pdf,1,324.0,1861.0,801.0,1916.0,0.8021
ALL WARDS,CDF-DUNDUMWEZI-2024.pdf,1,1297.0,1870.0,1535.0,1919.0,0.83711
WATER INFRASTRUCTURE,CDF-DUNDUMWEZI-2024.pdf,1,1751.0,1874.0,2272.0,1927.0,0.88124
18]Rehabilitation of Boreholes,CDF-DUNDUMWEZI-2024.pdf,1,324.0,1910.0,864.0,1963.0,0.7473
ALL WARDS,CDF-DUNDUMWEZI-2024.pdf,1,1298.0,1923.0,1534.0,1967.0,0.95942
WATER INFRASTRUCTURE,CDF-DUNDUMWEZI-2024.pdf,1,1752.0,1925.0,2272.0,1978.0,0.83438
ministry  fLoccor ZAMWA,CDF-DUNDUMWEZI-2024.pdf,1,1459.0,2126.0,1891.0,2193.0,0.15114
MF LOCALGOVERNMENT,CDF-DUNDUMWEZI-2024.pdf,1,1612.0,2160.0,1986.0,2214.0,0.53114
KALOMQ JeMLEQVERNL,CDF-DUNDUMWEZI-2024.pdf,1,1527.0,2177.0,1910.0,2242.0,0.02935
0 4 NOV 2025,CDF-DUNDUMWEZI-2024.pdf,1,1566.0,2276.0,1858.0,2354.0,0.60202
council SECRETARY,CDF-DUNDUMWEZI-2024.pdf,1,1522.0,2378.0,1891.0,2444.0,0.73088
Po BOX 620061 KALOMO,CDF-DUNDUMWEZI-2024.pdf,1,1479.0,2411.0,1928.0,2488.0,0.38291
KALOMO TOWN COUNCIL,CDF-KALOMO-CENTRAL-2024.pdf,1,844.0,217.0,1727.0,302.0,0.95345
APPROVED PROJECTS 2024 KALOMO CENTRAL,CDF-KALOMO-CENTRAL-2024.pdf,1,730.0,305.0,1842.0,362.0,0.84142
NAME OF PROJECT,CDF-KALOMO-CENTRAL-2024.pdf,1,451.0,400.0,764.0,442.0,0.96786
SIN,CDF-KALOMO-CENTRAL-2024.pdf,1,241.0,403.0,297.0,434.0,0.81
WARD,CDF-KALOMO-CENTRAL-2024.pdf,1,1383.0,407.0,1490.0,444.0,0.99993
SECTOR,CDF-KALOMO-CENTRAL-2024.pdf,1,1824.0,410.0,1967.0,452.0,0.99936
FABRICATION OF 1000 QDESKS,CDF-KALOMO-CENTRAL-2024.pdf,1,450.0,441.0,998.0,491.0,0.47801
ALL WARDS,CDF-KALOMO-CENTRAL-2024.pdf,1,1383.0,451.0,1597.0,493.0,0.9969
EDUCATION,CDF-KALOMO-CENTRAL-2024.pdf,1,1824.0,454.0,2038.0,496.0,0.9996
2 CHIEF'S PALACES SIACHITEMA,CDF-KALOMO-CENTRAL-2024.pdf,1,418.0,487.0,989.0,531.0,0.60521
SIACHITEMA,CDF-KALOMO-CENTRAL-2024.pdf,1,1383.0,495.0,1605.0,537.0,0.9993
TRADITIONAL AFFAIRS,CDF-KALOMO-CENTRAL-2024.pdf,1,1827.0,495.0,2219.0,540.0,0.79034
CONSTRUCTION OF MATERNITY WING KACHENLE,CDF-KALOMO-CENTRAL-2024.pdf,1,450.0,529.0,1324.0,579.0,0.68365
3RHC,CDF-KALOMO-CENTRAL-2024.pdf,1,418.0,575.0,534.0,616.0,0.96841
CHAWILA,CDF-KALOMO-CENTRAL-2024.pdf,1,1383.0,580.0,1553.0,622.0,0.78891
HEALTH,CDF-KALOMO-CENTRAL-2024.pdf,1,1824.0,583.0,1970.0,624.0,0.99987
4 CONSTRUCTION OF MATERNITY WING RR CLINIC,CDF-KALOMO-CENTRAL-2024.pdf,1,418.0,621.0,1298.0,666.0,0.6725
CHILESHA,CDF-KALOMO-CENTRAL-2024.pdf,1,1383.0,627.0,1567.0,668.0,0.99996
HEALTH,CDF-KALOMO-CENTRAL-2024.pdf,1,1824.0,627.0,1970.0,668.0,0.99981
5]PURCHASE OF AMBULANCE,CDF-KALOMO-CENTRAL-2024.pdf,1,413.0,662.0,937.0,707.0,0.56893
HEALTH,CDF-KALOMO-CENTRAL-2024.pdf,1,1822.0,668.0,1969.0,717.0,0.99946
ALL WARDS,CDF-KALOMO-CENTRAL-2024.pdf,1,1383.0,671.0,1594.0,712.0,0.98127
6REA,CDF-KALOMO-CENTRAL-2024.pdf,1,413.0,709.0,529.0,748.0,0.99786
ENERGY,CDF-KALOMO-CENTRAL-2024.pdf,1,1822.0,712.0,1980.0,762.0,0.99984
ALL WARDS,CDF-KALOMO-CENTRAL-2024.pdf,1,1380.0,714.0,1594.0,756.0,0.8717
ADDITIONAL FUNDING FOR CONSTRUCTION OF,CDF-KALOMO-CENTRAL-2024.pdf,1,449.0,753.0,1263.0,797.0,0.9317
KALONDA DAM,CDF-KALOMO-CENTRAL-2024.pdf,1,447.0,792.0,710.0,841.0,0.99563
KALONDA,CDF-KALOMO-CENTRAL-2024.pdf,1,1381.0,798.0,1558.0,847.0,0.92822
WATER RESOURCES,CDF-KALOMO-CENTRAL-2024.pdf,1,1821.0,802.0,2189.0,846.0,0.76227
8DIP TANK NAZILONGO,CDF-KALOMO-CENTRAL-2024.pdf,1,412.0,835.0,834.0,884.0,0.97599
SIMAYAKWEA,CDF-KALOMO-CENTRAL-2024.pdf,1,1380.0,846.0,1627.0,887.0,0.99849
AGRICULTURE,CDF-KALOMO-CENTRAL-2024.pdf,1,1818.0,846.0,2079.0,890.0,0.99998
9 NSTALLATION OF STREET LIGHTS,CDF-KALOMO-CENTRAL-2024.pdf,1,410.0,884.0,1046.0,929.0,0.61137
MWAATA,CDF-KALOMO-CENTRAL-2024.pdf,1,1380.0,890.0,1545.0,931.0,0.99992
ENERGY,CDF-KALOMO-CENTRAL-2024.pdf,1,1821.0,892.0,1975.0,934.0,0.99991
1O COMPLETION OF CHOONGA PRIM & SEC LAB,CDF-KALOMO-CENTRAL-2024.pdf,1,394.0,928.0,1222.0,972.0,0.63715
CHOONGA,CDF-KALOMO-CENTRAL-2024.pdf,1,1380.0,934.0,1570.0,975.0,0.99569
EDUCATION,CDF-KALOMO-CENTRAL-2024.pdf,1,1821.0,936.0,2035.0,978.0,0.99796
11COMPLETION OF GREENACRES PRIM & SEC LAB,CDF-KALOMO-CENTRAL-2024.pdf,1,397.0,972.0,1285.0,1016.0,0.81233
MWATA,CDF-KALOMO-CENTRAL-2024.pdf,1,1380.0,977.0,1520.0,1019.0,0.99989
EDUCATION,CDF-KALOMO-CENTRAL-2024.pdf,1,1821.0,980.0,2033.0,1022.0,0.9992
12CHIEF'S PALACES SIPATUNYANA,CDF-KALOMO-CENTRAL-2024.pdf,1,394.0,1016.0,1016.0,1060.0,0.84008
SIPATUNYANA,CDF-KALOMO-CENTRAL-2024.pdf,1,1377.0,1021.0,1633.0,1063.0,0.99982
TRADITIONAL AFFAIRS,CDF-KALOMO-CENTRAL-2024.pdf,1,1818.0,1024.0,2216.0,1068.0,0.93329
13 MOTORBIKE SIPATUNYANA,CDF-KALOMO-CENTRAL-2024.pdf,1,391.0,1060.0,929.0,1104.0,0.62491
SIPATUNYANA,CDF-KALOMO-CENTRAL-2024.pdf,1,1377.0,1065.0,1633.0,1107.0,0.99896
TRADITIONAL AFFAIRS,CDF-KALOMO-CENTRAL-2024.pdf,1,1818.0,1068.0,2216.0,1112.0,0.6178
14MOTORBIKE SIACHITEMA,CDF-KALOMO-CENTRAL-2024.pdf,1,390.0,1101.0,888.0,1149.0,0.99782
SHARED COST,CDF-KALOMO-CENTRAL-2024.pdf,1,909.0,1106.0,1170.0,1150.0,0.71461
SIACHITEMA,CDF-KALOMO-CENTRAL-2024.pdf,1,1377.0,1109.0,1600.0,1150.0,0.99991
TRADITIONAL AFFAIRS,CDF-KALOMO-CENTRAL-2024.pdf,1,1818.0,1112.0,2214.0,1156.0,0.88033
ADDITIONAL FUNDING FOR STEEL DRUM,CDF-KALOMO-CENTRAL-2024.pdf,1,442.0,1146.0,1151.0,1195.0,0.74919
15]COMPACTOR,CDF-KALOMO-CENTRAL-2024.pdf,1,391.0,1191.0,679.0,1235.0,0.34301
ALL WARDS,CDF-KALOMO-CENTRAL-2024.pdf,1,1377.0,1197.0,1592.0,1238.0,0.99727
ROAD INFRASTUCTURE,CDF-KALOMO-CENTRAL-2024.pdf,1,1818.0,1199.0,2230.0,1244.0,0.97962
16 ADDITIONAL FUNDING FOR DRILLING RIG,CDF-KALOMO-CENTRAL-2024.pdf,1,391.0,1235.0,1156.0,1279.0,0.72623
ALL WARDS,CDF-KALOMO-CENTRAL-2024.pdf,1,1377.0,1243.0,1589.0,1285.0,0.647
WATER INFRASTRUCTURE,CDF-KALOMO-CENTRAL-2024.pdf,1,1816.0,1243.0,2282.0,1287.0,0.99449
17 COMPLETION OF 1X3 CRB AT KASIKILI,CDF-KALOMO-CENTRAL-2024.pdf,1,388.0,1281.0,1104.0,1323.0,0.63398
SIPATUNYANA,CDF-KALOMO-CENTRAL-2024.pdf,1,1377.0,1284.0,1630.0,1326.0,0.99993
EDUCATION,CDF-KALOMO-CENTRAL-2024.pdf,1,1818.0,1287.0,2033.0,1331.0,0.99046
18COMPLETION OF 1X3 CRB AT MACRAYMOND,CDF-KALOMO-CENTRAL-2024.pdf,1,388.0,1325.0,1216.0,1370.0,0.71912
MWAATA,CDF-KALOMO-CENTRAL-2024.pdf,1,1377.0,1331.0,1540.0,1370.0,0.99997
EDUCATION,CDF-KALOMO-CENTRAL-2024.pdf,1,1818.0,1331.0,2030.0,1375.0,0.99971
19 COMPLETION OF 1X3 CRB AT SIKWEYA,CDF-KALOMO-CENTRAL-2024.pdf,1,387.0,1365.0,1121.0,1415.0,0.78946
CHAWILA,CDF-KALOMO-CENTRAL-2024.pdf,1,1377.0,1372.0,1545.0,1414.0,0.99848
EDUCATION,CDF-KALOMO-CENTRAL-2024.pdf,1,1814.0,1372.0,2032.0,1421.0,0.9995
20 COMPLETION OF 1X2 CRB AT SIAMPAYUMA SCHOOL,CDF-KALOMO-CENTRAL-2024.pdf,1,385.0,1453.0,1349.0,1502.0,0.74332
KALONDA,CDF-KALOMO-CENTRAL-2024.pdf,1,1375.0,1462.0,1551.0,1504.0,0.99991
EDUCATION,CDF-KALOMO-CENTRAL-2024.pdf,1,1816.0,1462.0,2030.0,1504.0,0.97588
21COMPLETION OF CLINIC AT MULWAZI,CDF-KALOMO-CENTRAL-2024.pdf,1,382.0,1549.0,1091.0,1598.0,0.89144
SIMAYAKWEA,CDF-KALOMO-CENTRAL-2024.pdf,1,1375.0,1558.0,1619.0,1600.0,0.99851
HEALTH,CDF-KALOMO-CENTRAL-2024.pdf,1,1816.0,1561.0,1961.0,1603.0,0.99981
22 COMPLETION OF CLINIC MUCHENJE RHC,CDF-KALOMO-CENTRAL-2024.pdf,1,382.0,1650.0,1151.0,1699.0,0.52531
CHOONGA,CDF-KALOMO-CENTRAL-2024.pdf,1,1372.0,1660.0,1561.0,1701.0,0.79684
HEALTH,CDF-KALOMO-CENTRAL-2024.pdf,1,1813.0,1662.0,1959.0,1704.0,0.99995
23 COMPLETION OF CLINIC DABALI RHC,CDF-KALOMO-CENTRAL-2024.pdf,1,383.0,1698.0,1082.0,1742.0,0.67172
NACHIKUNGU,CDF-KALOMO-CENTRAL-2024.pdf,1,1372.0,1703.0,1616.0,1745.0,0.99846
HEALTH,CDF-KALOMO-CENTRAL-2024.pdf,1,1813.0,1706.0,1959.0,1748.0,0.9996
24COMPLETION OF MOURTARY AT SIACHITEMA RHC,CDF-KALOMO-CENTRAL-2024.pdf,1,379.0,1741.0,1308.0,1791.0,0.70249
SIACHITEMA,CDF-KALOMO-CENTRAL-2024.pdf,1,1372.0,1747.0,1594.0,1792.0,0.99953
HEALTH,CDF-KALOMO-CENTRAL-2024.pdf,1,1813.0,1750.0,1959.0,1792.0,0.99941
25[COMPLETION OF CLINIC AT NAKABANGA CLINIC,CDF-KALOMO-CENTRAL-2024.pdf,1,379.0,1784.0,1267.0,1834.0,0.91078
SIACHITEMA,CDF-KALOMO-CENTRAL-2024.pdf,1,1372.0,1791.0,1594.0,1833.0,0.98685
HEALTH,CDF-KALOMO-CENTRAL-2024.pdf,1,1813.0,1794.0,1959.0,1835.0,0.99974
COMPLETION OF 1X3 SCIENCE LABORAORTY AT,CDF-KALOMO-CENTRAL-2024.pdf,1,434.0,1897.0,1272.0,1946.0,0.63119
26 [DIMBWE,CDF-KALOMO-CENTRAL-2024.pdf,1,379.0,1939.0,591.0,1988.0,0.71779
NACHIKUNGU,CDF-KALOMO-CENTRAL-2024.pdf,1,1372.0,1950.0,1614.0,1992.0,0.67587
HEALTH,CDF-KALOMO-CENTRAL-2024.pdf,1,1810.0,1950.0,1959.0,1992.0,0.99976
COMPLETION OF ABLUTION BLOCK AT GOOD HOPE,CDF-KALOMO-CENTRAL-2024.pdf,1,435.0,1988.0,1323.0,2033.0,0.56846
27 PRIMARY SCHOOL,CDF-KALOMO-CENTRAL-2024.pdf,1,377.0,2029.0,761.0,2074.0,0.70959
NAMWIANGA,CDF-KALOMO-CENTRAL-2024.pdf,1,1368.0,2033.0,1599.0,2081.0,0.99988
EDUCATION,CDF-KALOMO-CENTRAL-2024.pdf,1,1810.0,2038.0,2025.0,2082.0,0.96906
28 COMPLETION OF BBELO HEALTH POST,CDF-KALOMO-CENTRAL-2024.pdf,1,377.0,2076.0,1112.0,2120.0,0.91913
NAMWIANGA,CDF-KALOMO-CENTRAL-2024.pdf,1,1369.0,2082.0,1597.0,2123.0,0.99997
HEALTH,CDF-KALOMO-CENTRAL-2024.pdf,1,1810.0,2084.0,1956.0,2126.0,0.99993
29 COMPLETION OF SIABALUMBI POST,CDF-KALOMO-CENTRAL-2024.pdf,1,377.0,2120.0,1057.0,2164.0,0.91386
NAMWIANGA,CDF-KALOMO-CENTRAL-2024.pdf,1,1369.0,2125.0,1597.0,2167.0,0.99943
HEALTH,CDF-KALOMO-CENTRAL-2024.pdf,1,1810.0,2128.0,1956.0,2170.0,0.99987
30 REHABILITATION QF VET EXT. HOUSE AT CHIFUSA,CDF-KALOMO-CENTRAL-2024.pdf,1,376.0,2163.0,1305.0,2212.0,0.37732
CHIFUSA,CDF-KALOMO-CENTRAL-2024.pdf,1,1366.0,2169.0,1531.0,2211.0,0.99998
VETERINARY,CDF-KALOMO-CENTRAL-2024.pdf,1,1808.0,2172.0,2041.0,2214.0,0.99961
COMPLETION OF MATERNITY WING AT CHIFUSA,CDF-KALOMO-CENTRAL-2024.pdf,1,431.0,2207.0,1267.0,2256.0,0.67025
31RHC,CDF-KALOMO-CENTRAL-2024.pdf,1,377.0,2251.0,518.0,2293.0,0.99967
CHIFUSA,CDF-KALOMO-CENTRAL-2024.pdf,1,1366.0,2257.0,1529.0,2298.0,0.63932
HEALTH,CDF-KALOMO-CENTRAL-2024.pdf,1,1808.0,2260.0,1953.0,2301.0,0.99961
COMPLETION OF LABORATORY AT CHIFUSA PRIM &,CDF-KALOMO-CENTRAL-2024.pdf,1,431.0,2293.0,1324.0,2343.0,0.90345
30 SECONDARY SCH,CDF-KALOMO-CENTRAL-2024.pdf,1,375.0,2339.0,742.0,2383.0,0.60568
CHIFUSA,CDF-KALOMO-CENTRAL-2024.pdf,1,1366.0,2345.0,1529.0,2389.0,0.97637
EDUCATION,CDF-KALOMO-CENTRAL-2024.pdf,1,1808.0,2347.0,2022.0,2392.0,0.85484
31COMPLETION QF 1X3CRB AT RR PRIMARY SCHOOL,CDF-KALOMO-CENTRAL-2024.pdf,1,374.0,2382.0,1316.0,2431.0,0.35906
CHILESHA,CDF-KALOMO-CENTRAL-2024.pdf,1,1366.0,2391.0,1548.0,2433.0,0.75901
EDUCATION,CDF-KALOMO-CENTRAL-2024.pdf,1,1805.0,2391.0,2022.0,2435.0,0.97442
DISASTER COMPONENT,CDF-KALOMO-CENTRAL-2024.pdf,1,1054.0,2432.0,1477.0,2477.0,0.99955
"SUPPLY, DELEVERY AND INSTALLATION OF THE",CDF-KALOMO-CENTRAL-2024.pdf,1,429.0,2473.0,1260.0,2518.0,0.79911
"SOLAR SYSTEM AT KASIZI; NANTALE, NALUBUMBA",CDF-KALOMO-CENTRAL-2024.pdf,1,428.0,2516.0,1302.0,2566.0,0.46803
32/AND TARA HEALTH POSTS,CDF-KALOMO-CENTRAL-2024.pdf,1,371.0,2557.0,891.0,2606.0,0.83047
HEALTH,CDF-KALOMO-CENTRAL-2024.pdf,1,1803.0,2565.0,1952.0,2613.0,0.99836
REHABILITATION OF A 1X3 CLASSROOM BLOCK AT,CDF-KALOMO-CENTRAL-2024.pdf,1,426.0,2604.0,1305.0,2653.0,0.9026
33 MALALA,CDF-KALOMO-CENTRAL-2024.pdf,1,372.0,2649.0,572.0,2690.0,0.93702
CHILESHA,CDF-KALOMO-CENTRAL-2024.pdf,1,1364.0,2654.0,1545.0,2699.0,0.99997
EDUCATION,CDF-KALOMO-CENTRAL-2024.pdf,1,1802.0,2657.0,2016.0,2699.0,0.99843
"""KpunLic OP",CDF-KALOMO-CENTRAL-2024.pdf,1,1640.0,2873.05,1846.0,2934.95,0.0846
Ministry,CDF-KALOMO-CENTRAL-2024.pdf,1,1539.0,2884.06,1699.0,2939.94,0.36406
RAKBIA,CDF-KALOMO-CENTRAL-2024.pdf,1,1840.01,2904.09,1968.99,2950.91,0.03945
LOCAL,CDF-KALOMO-CENTRAL-2024.pdf,1,1736.02,2915.09,1846.98,2960.91,0.89786
0F,CDF-KALOMO-CENTRAL-2024.pdf,1,1697.0,2919.0,1740.0,2940.0,0.12276
K4L244,CDF-KALOMO-CENTRAL-2024.pdf,1,1605.01,2920.07,1750.99,2980.93,0.039
GovernM,CDF-KALOMO-CENTRAL-2024.pdf,1,1840.0,2931.07,2003.0,2983.93,0.23765
Town,CDF-KALOMO-CENTRAL-2024.pdf,1,1741.05,2942.12,1847.95,2989.88,0.73539
BNT,CDF-KALOMO-CENTRAL-2024.pdf,1,1994.0,2953.0,2063.0,2989.0,0.39407
couegL,CDF-KALOMO-CENTRAL-2024.pdf,1,1839.02,2957.09,1981.98,3011.91,0.06305
0 4,CDF-KALOMO-CENTRAL-2024.pdf,1,1639.0,3026.0,1713.0,3083.0,0.88908
NOV,CDF-KALOMO-CENTRAL-2024.pdf,1,1716.77,3029.09,1830.23,3111.91,0.8188
2025,CDF-KALOMO-CENTRAL-2024.pdf,1,1816.0,3040.0,1933.0,3126.0,0.99982
COUNCIL,CDF-KALOMO-CENTRAL-2024.pdf,1,1585.03,3119.07,1753.97,3187.93,0.31568
SECRETARY,CDF-KALOMO-CENTRAL-2024.pdf,1,1739.01,3142.06,1956.99,3215.94,0.9524
P 0,CDF-KALOMO-CENTRAL-2024.pdf,1,1547.0,3158.0,1608.0,3203.0,0.70094
Box,CDF-KALOMO-CENTRAL-2024.pdf,1,1607.27,3164.12,1692.73,3217.88,0.29343
62006 `,CDF-KALOMO-CENTRAL-2024.pdf,1,1684.1,3175.09,1810.9,3236.91,0.24671
KaLomo,CDF-KALOMO-CENTRAL-2024.pdf,1,1828.03,3197.08,1984.97,3254.92,0.37115
